{"chapters":[{"chapter":"1","verses":[{"verse":"1","text":"Paul, called to be an apostle of Yeshua Christ through the will of God, and our brother Sosthenes,"},{"verse":"2","text":"to the assembly of God which is at Corinth—those who are sanctified in Christ Yeshua, called saints, with all who call on the name of our Lord Yeshua Christ in every place, both theirs and ours:"},{"verse":"3","text":"Grace to you and peace from God our Father and the Lord Yeshua Christ."},{"verse":"4","text":"I always thank my God concerning you, for the grace of God which was given you in Christ Yeshua;"},{"verse":"5","text":"that in everything you were enriched in him, in all speech and all knowledge;"},{"verse":"6","text":"even as the testimony of Christ was confirmed in you:"},{"verse":"7","text":"so that you come behind in no gift; waiting for the revelation of our Lord Yeshua Christ;"},{"verse":"8","text":"who will also confirm you until the end, blameless in the day of our Lord Yeshua Christ."},{"verse":"9","text":"God is faithful, through whom you were called into the fellowship of his Son, Yeshua Christ, our Lord."},{"verse":"10","text":"Now I beg you, brothers, through the name of our Lord, Yeshua Christ, that you all speak the same thing, and that there be no divisions among you, but that you be perfected together in the same mind and in the same judgment."},{"verse":"11","text":"For it has been reported to me concerning you, my brothers, by those who are from Chloe’s household, that there are contentions among you."},{"verse":"12","text":"Now I mean this, that each one of you says, “I follow Paul,” “I follow Apollos,” “I follow Cephas,” and, “I follow Christ.”"},{"verse":"13","text":"Is Christ divided? Was Paul crucified for you? Or were you baptized into the name of Paul?"},{"verse":"14","text":"I thank God that I baptized none of you, except Crispus and Gaius,"},{"verse":"15","text":"so that no one should say that I had baptized you into my own name."},{"verse":"16","text":"(I also baptized the household of Stephanas; besides them, I don’t know whether I baptized any other.)"},{"verse":"17","text":"For Christ sent me not to baptize, but to preach the Good News—not in wisdom of words, so that the cross of Christ wouldn’t be made void."},{"verse":"18","text":"For the word of the cross is foolishness to those who are dying, but to us who are being saved it is the power of God."},{"verse":"19","text":"For it is written, “I will destroy the wisdom of the wise. I will bring the discernment of the discerning to nothing.”"},{"verse":"20","text":"Where is the wise? Where is the scribe? Where is the lawyer of this world? Hasn’t God made foolish the wisdom of this world?"},{"verse":"21","text":"For seeing that in the wisdom of God, the world through its wisdom didn’t know God, it was God’s good pleasure through the foolishness of the preaching to save those who believe."},{"verse":"22","text":"For Jews ask for signs, Greeks seek after wisdom,"},{"verse":"23","text":"but we preach Christ crucified: a stumbling block to Jews, and foolishness to Greeks,"},{"verse":"24","text":"but to those who are called, both Jews and Greeks, Christ is the power of God and the wisdom of God;"},{"verse":"25","text":"because the foolishness of God is wiser than men, and the weakness of God is stronger than men."},{"verse":"26","text":"For you see your calling, brothers, that not many are wise according to the flesh, not many mighty, and not many noble;"},{"verse":"27","text":"but God chose the foolish things of the world that he might put to shame those who are wise. God chose the weak things of the world that he might put to shame the things that are strong."},{"verse":"28","text":"God chose the lowly things of the world, and the things that are despised, and the things that don’t exist, that he might bring to nothing the things that exist,"},{"verse":"29","text":"that no flesh should boast before God."},{"verse":"30","text":"Because of him, you are in Christ Yeshua, who was made to us wisdom from God, and righteousness and sanctification, and redemption:"},{"verse":"31","text":"that, as it is written, “He who boasts, let him boast in the Lord.”"}]},{"chapter":"2","verses":[{"verse":"1","text":"When I came to you, brothers, I didn’t come with excellence of speech or of wisdom, proclaiming to you the testimony of God."},{"verse":"2","text":"For I determined not to know anything among you except Yeshua Christ and him crucified."},{"verse":"3","text":"I was with you in weakness, in fear, and in much trembling."},{"verse":"4","text":"My speech and my preaching were not in persuasive words of human wisdom, but in demonstration of the Spirit and of power,"},{"verse":"5","text":"that your faith wouldn’t stand in the wisdom of men, but in the power of God."},{"verse":"6","text":"We speak wisdom, however, among those who are full grown, yet a wisdom not of this world nor of the rulers of this world who are coming to nothing."},{"verse":"7","text":"But we speak God’s wisdom in a mystery, the wisdom that has been hidden, which God foreordained before the worlds for our glory,"},{"verse":"8","text":"which none of the rulers of this world has known. For had they known it, they wouldn’t have crucified the Lord of glory."},{"verse":"9","text":"But as it is written, “Things which an eye didn’t see, and an ear didn’t hear, which didn’t enter into the heart of man, these God has prepared for those who love him.”"},{"verse":"10","text":"But to us, God revealed them through the Spirit. For the Spirit searches all things, yes, the deep things of God."},{"verse":"11","text":"For who among men knows the things of a man, except the spirit of the man, which is in him? Even so, no one knows the things of God, except God’s Spirit."},{"verse":"12","text":"But we received not the spirit of the world, but the Spirit which is from God, that we might know the things that were freely given to us by God."},{"verse":"13","text":"We also speak these things, not in words which man’s wisdom teaches, but which the Holy Spirit teaches, comparing spiritual things with spiritual things."},{"verse":"14","text":"Now the natural man doesn’t receive the things of God’s Spirit, for they are foolishness to him, and he can’t know them, because they are spiritually discerned."},{"verse":"15","text":"But he who is spiritual discerns all things, and he himself is judged by no one."},{"verse":"16","text":"“For who has known the mind of the Lord, that he should instruct him?”  But we have Christ’s mind."}]},{"chapter":"3","verses":[{"verse":"1","text":"Brothers, I couldn’t speak to you as to spiritual, but as to fleshly, as to babies in Christ."},{"verse":"2","text":"I fed you with milk, not with meat; for you weren’t yet ready. Indeed, you aren’t ready even now,"},{"verse":"3","text":"for you are still fleshly. For insofar as there is jealousy, strife, and factions among you, aren’t you fleshly, and don’t you walk in the ways of men?"},{"verse":"4","text":"For when one says, “I follow Paul,” and another, “I follow Apollos,” aren’t you fleshly?"},{"verse":"5","text":"Who then is Apollos, and who is Paul, but servants through whom you believed, and each as the Lord gave to him?"},{"verse":"6","text":"I planted. Apollos watered. But God gave the increase."},{"verse":"7","text":"So then neither he who plants is anything, nor he who waters, but God who gives the increase."},{"verse":"8","text":"Now he who plants and he who waters are the same, but each will receive his own reward according to his own labor."},{"verse":"9","text":"For we are God’s fellow workers. You are God’s farming, God’s building."},{"verse":"10","text":"According to the grace of God which was given to me, as a wise master builder I laid a foundation, and another builds on it. But let each man be careful how he builds on it."},{"verse":"11","text":"For no one can lay any other foundation than that which has been laid, which is Yeshua Christ."},{"verse":"12","text":"But if anyone builds on the foundation with gold, silver, costly stones, wood, hay, or stubble,"},{"verse":"13","text":"each man’s work will be revealed. For the Day will declare it, because it is revealed in fire; and the fire itself will test what sort of work each man’s work is."},{"verse":"14","text":"If any man’s work remains which he built on it, he will receive a reward."},{"verse":"15","text":"If any man’s work is burned, he will suffer loss, but he himself will be saved, but as through fire."},{"verse":"16","text":"Don’t you know that you are a temple of God, and that God’s Spirit lives in you?"},{"verse":"17","text":"If anyone destroys God’s temple, God will destroy him; for God’s temple is holy, which you are."},{"verse":"18","text":"Let no one deceive himself. If anyone thinks that he is wise among you in this world, let him become a fool, that he may become wise."},{"verse":"19","text":"For the wisdom of this world is foolishness with God. For it is written, “He has taken the wise in their craftiness.”"},{"verse":"20","text":"And again, “The Lord knows the reasoning of the wise, that it is worthless.”"},{"verse":"21","text":"Therefore let no one boast in men. For all things are yours,"},{"verse":"22","text":"whether Paul, or Apollos, or Cephas, or the world, or life, or death, or things present, or things to come. All are yours,"},{"verse":"23","text":"and you are Christ’s, and Christ is God’s."}]},{"chapter":"4","verses":[{"verse":"1","text":"So let a man think of us as Christ’s servants, and stewards of God’s mysteries."},{"verse":"2","text":"Here, moreover, it is required of stewards that they be found faithful."},{"verse":"3","text":"But with me it is a very small thing that I should be judged by you, or by man’s judgment. Yes, I don’t judge my own self."},{"verse":"4","text":"For I know nothing against myself. Yet I am not justified by this, but he who judges me is the Lord."},{"verse":"5","text":"Therefore judge nothing before the time, until the Lord comes, who will both bring to light the hidden things of darkness, and reveal the counsels of the hearts. Then each man will get his praise from God."},{"verse":"6","text":"Now these things, brothers, I have in a figure transferred to myself and Apollos for your sakes, that in us you might learn not to think beyond the things which are written, that none of you be puffed up against one another."},{"verse":"7","text":"For who makes you different? And what do you have that you didn’t receive? But if you did receive it, why do you boast as if you had not received it?"},{"verse":"8","text":"You are already filled. You have already become rich. You have come to reign without us. Yes, and I wish that you did reign, that we also might reign with you."},{"verse":"9","text":"For, I think that God has displayed us, the apostles, last of all, like men sentenced to death. For we are made a spectacle to the world, both to angels and men."},{"verse":"10","text":"We are fools for Christ’s sake, but you are wise in Christ. We are weak, but you are strong. You have honor, but we have dishonor."},{"verse":"11","text":"Even to this present hour we hunger, thirst, are naked, are beaten, and have no certain dwelling place."},{"verse":"12","text":"We toil, working with our own hands. When people curse us, we bless. Being persecuted, we endure."},{"verse":"13","text":"Being defamed, we entreat. We are made as the filth of the world, the dirt wiped off by all, even until now."},{"verse":"14","text":"I don’t write these things to shame you, but to admonish you as my beloved children."},{"verse":"15","text":"For though you have ten thousand tutors in Christ, you don’t have many fathers. For in Christ Yeshua, I became your father through the Good News."},{"verse":"16","text":"I beg you therefore, be imitators of me."},{"verse":"17","text":"Because of this I have sent Timothy to you, who is my beloved and faithful child in the Lord, who will remind you of my ways which are in Christ, even as I teach everywhere in every assembly."},{"verse":"18","text":"Now some are puffed up, as though I were not coming to you."},{"verse":"19","text":"But I will come to you shortly, if the Lord is willing. And I will know, not the word of those who are puffed up, but the power."},{"verse":"20","text":"For God’s Kingdom is not in word, but in power."},{"verse":"21","text":"What do you want? Shall I come to you with a rod, or in love and a spirit of gentleness?"}]},{"chapter":"5","verses":[{"verse":"1","text":"It is actually reported that there is sexual immorality among you, and such sexual immorality as is not even named among the Gentiles, that one has his father’s wife."},{"verse":"2","text":"You are arrogant, and didn’t mourn instead, that he who had done this deed might be removed from among you."},{"verse":"3","text":"For I most certainly, as being absent in body but present in spirit, have already, as though I were present, judged him who has done this thing."},{"verse":"4","text":"In the name of our Lord Yeshua Christ, you being gathered together, and my spirit, with the power of our Lord Yeshua Christ,"},{"verse":"5","text":"are to deliver such a one to Satan for the destruction of the flesh, that the spirit may be saved in the day of the Lord Yeshua."},{"verse":"6","text":"Your boasting is not good. Don’t you know that a little yeast leavens the whole lump?"},{"verse":"7","text":"Purge out the old yeast, that you may be a new lump, even as you are unleavened. For indeed Christ, our Passover, has been sacrificed in our place."},{"verse":"8","text":"Therefore let’s keep the feast, not with old yeast, neither with the yeast of malice and wickedness, but with the unleavened bread of sincerity and truth."},{"verse":"9","text":"I wrote to you in my letter to have no company with sexual sinners;"},{"verse":"10","text":"yet not at all meaning with the sexual sinners of this world, or with the covetous and extortionists, or with idolaters; for then you would have to leave the world."},{"verse":"11","text":"But as it is, I wrote to you not to associate with anyone who is called a brother who is a sexual sinner, or covetous, or an idolater, or a slanderer, or a drunkard, or an extortionist. Don’t even eat with such a person."},{"verse":"12","text":"For what do I have to do with also judging those who are outside? Don’t you judge those who are within?"},{"verse":"13","text":"But those who are outside, God judges. “Put away the wicked man from among yourselves.”"}]},{"chapter":"6","verses":[{"verse":"1","text":"Dare any of you, having a matter against his neighbor, go to law before the unrighteous, and not before the saints?"},{"verse":"2","text":"Don’t you know that the saints will judge the world? And if the world is judged by you, are you unworthy to judge the smallest matters?"},{"verse":"3","text":"Don’t you know that we will judge angels? How much more, things that pertain to this life?"},{"verse":"4","text":"If then you have to judge things pertaining to this life, do you set them to judge who are of no account in the assembly?"},{"verse":"5","text":"I say this to move you to shame. Isn’t there even one wise man among you who would be able to decide between his brothers?"},{"verse":"6","text":"But brother goes to law with brother, and that before unbelievers!"},{"verse":"7","text":"Therefore it is already altogether a defect in you, that you have lawsuits one with another. Why not rather be wronged? Why not rather be defrauded?"},{"verse":"8","text":"No, but you yourselves do wrong and defraud, and that against your brothers."},{"verse":"9","text":"Or don’t you know that the unrighteous will not inherit God’s Kingdom? Don’t be deceived. Neither the sexually immoral, nor idolaters, nor adulterers, nor male prostitutes, nor homosexuals,"},{"verse":"10","text":"nor thieves, nor covetous, nor drunkards, nor slanderers, nor extortionists, will inherit God’s Kingdom."},{"verse":"11","text":"Some of you were such, but you were washed. But you were sanctified. But you were justified in the name of the Lord Yeshua, and in the Spirit of our God."},{"verse":"12","text":"“All things are lawful for me,” but not all things are expedient. “All things are lawful for me,” but I will not be brought under the power of anything."},{"verse":"13","text":"“Foods for the belly, and the belly for foods,” but God will bring to nothing both it and them. But the body is not for sexual immorality, but for the Lord; and the Lord for the body."},{"verse":"14","text":"Now God raised up the Lord, and will also raise us up by his power."},{"verse":"15","text":"Don’t you know that your bodies are members of Christ? Shall I then take the members of Christ and make them members of a prostitute? May it never be!"},{"verse":"16","text":"Or don’t you know that he who is joined to a prostitute is one body? For, “The two”, he says, “will become one flesh.”"},{"verse":"17","text":"But he who is joined to the Lord is one spirit."},{"verse":"18","text":"Flee sexual immorality! “Every sin that a man does is outside the body,” but he who commits sexual immorality sins against his own body."},{"verse":"19","text":"Or don’t you know that your body is a temple of the Holy Spirit who is in you, whom you have from God? You are not your own,"},{"verse":"20","text":"for you were bought with a price. Therefore glorify God in your body and in your spirit, which are God’s."}]},{"chapter":"7","verses":[{"verse":"1","text":"Now concerning the things about which you wrote to me: it is good for a man not to touch a woman."},{"verse":"2","text":"But, because of sexual immoralities, let each man have his own wife, and let each woman have her own husband."},{"verse":"3","text":"Let the husband give his wife the affection owed her, and likewise also the wife her husband."},{"verse":"4","text":"The wife doesn’t have authority over her own body, but the husband. Likewise also the husband doesn’t have authority over his own body, but the wife."},{"verse":"5","text":"Don’t deprive one another, unless it is by consent for a season, that you may give yourselves to fasting and prayer, and may be together again, that Satan doesn’t tempt you because of your lack of self-control."},{"verse":"6","text":"But this I say by way of concession, not of commandment."},{"verse":"7","text":"Yet I wish that all men were like me. However each man has his own gift from God, one of this kind, and another of that kind."},{"verse":"8","text":"But I say to the unmarried and to widows, it is good for them if they remain even as I am."},{"verse":"9","text":"But if they don’t have self-control, let them marry. For it’s better to marry than to burn."},{"verse":"10","text":"But to the married I command—not I, but the Lord—that the wife not leave her husband"},{"verse":"11","text":"(but if she departs, let her remain unmarried, or else be reconciled to her husband), and that the husband not leave his wife."},{"verse":"12","text":"But to the rest I—not the Lord—say, if any brother has an unbelieving wife, and she is content to live with him, let him not leave her."},{"verse":"13","text":"The woman who has an unbelieving husband, and he is content to live with her, let her not leave her husband."},{"verse":"14","text":"For the unbelieving husband is sanctified in the wife, and the unbelieving wife is sanctified in the husband. Otherwise your children would be unclean, but now they are holy."},{"verse":"15","text":"Yet if the unbeliever departs, let there be separation. The brother or the sister is not under bondage in such cases, but God has called us in peace."},{"verse":"16","text":"For how do you know, wife, whether you will save your husband? Or how do you know, husband, whether you will save your wife?"},{"verse":"17","text":"Only, as the Lord has distributed to each man, as God has called each, so let him walk. So I command in all the assemblies."},{"verse":"18","text":"Was anyone called having been circumcised? Let him not become uncircumcised. Has anyone been called in uncircumcision? Let him not be circumcised."},{"verse":"19","text":"Circumcision is nothing, and uncircumcision is nothing, but the keeping of the commandments of God."},{"verse":"20","text":"Let each man stay in that calling in which he was called."},{"verse":"21","text":"Were you called being a bondservant? Don’t let that bother you, but if you get an opportunity to become free, use it."},{"verse":"22","text":"For he who was called in the Lord being a bondservant is the Lord’s free man. Likewise he who was called being free is Christ’s bondservant."},{"verse":"23","text":"You were bought with a price. Don’t become bondservants of men."},{"verse":"24","text":"Brothers, let each man, in whatever condition he was called, stay in that condition with God."},{"verse":"25","text":"Now concerning virgins, I have no commandment from the Lord, but I give my judgment as one who has obtained mercy from the Lord to be trustworthy."},{"verse":"26","text":"Therefore I think that because of the distress that is on us, that it’s good for a man to remain as he is."},{"verse":"27","text":"Are you bound to a wife? Don’t seek to be freed. Are you free from a wife? Don’t seek a wife."},{"verse":"28","text":"But if you marry, you have not sinned. If a virgin marries, she has not sinned. Yet such will have oppression in the flesh, and I want to spare you."},{"verse":"29","text":"But I say this, brothers: the time is short, that from now on, both those who have wives may be as though they had none;"},{"verse":"30","text":"and those who weep, as though they didn’t weep; and those who rejoice, as though they didn’t rejoice; and those who buy, as though they didn’t possess;"},{"verse":"31","text":"and those who use the world, as not using it to the fullest. For the mode of this world passes away."},{"verse":"32","text":"But I desire to have you to be free from cares. He who is unmarried is concerned for the things of the Lord, how he may please the Lord;"},{"verse":"33","text":"but he who is married is concerned about the things of the world, how he may please his wife."},{"verse":"34","text":"There is also a difference between a wife and a virgin. The unmarried woman cares about the things of the Lord, that she may be holy both in body and in spirit. But she who is married cares about the things of the world—how she may please her husband."},{"verse":"35","text":"This I say for your own profit; not that I may ensnare you, but for that which is appropriate, and that you may attend to the Lord without distraction."},{"verse":"36","text":"But if any man thinks that he is behaving inappropriately toward his virgin, if she is past the flower of her age, and if need so requires, let him do what he desires. He doesn’t sin. Let them marry."},{"verse":"37","text":"But he who stands steadfast in his heart, having no urgency, but has power over his own will, and has determined in his own heart to keep his own virgin, does well."},{"verse":"38","text":"So then both he who gives his own virgin in marriage does well, and he who doesn’t give her in marriage does better."},{"verse":"39","text":"A wife is bound by law for as long as her husband lives; but if the husband is dead, she is free to be married to whomever she desires, only in the Lord."},{"verse":"40","text":"But she is happier if she stays as she is, in my judgment, and I think that I also have God’s Spirit."}]},{"chapter":"8","verses":[{"verse":"1","text":"Now concerning things sacrificed to idols: We know that we all have knowledge. Knowledge puffs up, but love builds up."},{"verse":"2","text":"But if anyone thinks that he knows anything, he doesn’t yet know as he ought to know."},{"verse":"3","text":"But if anyone loves God, the same is known by him."},{"verse":"4","text":"Therefore concerning the eating of things sacrificed to idols, we know that no idol is anything in the world, and that there is no other God but one."},{"verse":"5","text":"For though there are things that are called “gods”, whether in the heavens or on earth; as there are many “gods” and many “lords”;"},{"verse":"6","text":"yet to us there is one God, the Father, of whom are all things, and we for him; and one Lord, Yeshua Christ, through whom are all things, and we live through him."},{"verse":"7","text":"However, that knowledge isn’t in all men. But some, with consciousness of the idol until now, eat as of a thing sacrificed to an idol, and their conscience, being weak, is defiled."},{"verse":"8","text":"But food will not commend us to God. For neither, if we don’t eat, are we the worse; nor, if we eat, are we the better."},{"verse":"9","text":"But be careful that by no means does this liberty of yours become a stumbling block to the weak."},{"verse":"10","text":"For if a man sees you who have knowledge sitting in an idol’s temple, won’t his conscience, if he is weak, be emboldened to eat things sacrificed to idols?"},{"verse":"11","text":"And through your knowledge, he who is weak perishes, the brother for whose sake Christ died."},{"verse":"12","text":"Thus, sinning against the brothers, and wounding their conscience when it is weak, you sin against Christ."},{"verse":"13","text":"Therefore if food causes my brother to stumble, I will eat no meat forever more, that I don’t cause my brother to stumble."}]},{"chapter":"9","verses":[{"verse":"1","text":"Am I not free? Am I not an apostle? Haven’t I seen Yeshua Christ, our Lord? Aren’t you my work in the Lord?"},{"verse":"2","text":"If to others I am not an apostle, yet at least I am to you; for you are the seal of my apostleship in the Lord."},{"verse":"3","text":"My defense to those who examine me is this:"},{"verse":"4","text":"Have we no right to eat and to drink?"},{"verse":"5","text":"Have we no right to take along a wife who is a believer, even as the rest of the apostles, and the brothers of the Lord, and Cephas?"},{"verse":"6","text":"Or have only Barnabas and I no right to not work?"},{"verse":"7","text":"What soldier ever serves at his own expense? Who plants a vineyard, and doesn’t eat of its fruit? Or who feeds a flock, and doesn’t drink from the flock’s milk?"},{"verse":"8","text":"Do I speak these things according to the ways of men? Or doesn’t the law also say the same thing?"},{"verse":"9","text":"For it is written in the law of Moses, “You shall not muzzle an ox while it treads out the grain.” Is it for the oxen that God cares,"},{"verse":"10","text":"or does he say it assuredly for our sake? Yes, it was written for our sake, because he who plows ought to plow in hope, and he who threshes in hope should partake of his hope."},{"verse":"11","text":"If we sowed to you spiritual things, is it a great thing if we reap your fleshly things?"},{"verse":"12","text":"If others partake of this right over you, don’t we yet more? Nevertheless we didn’t use this right, but we bear all things, that we may cause no hindrance to the Good News of Christ."},{"verse":"13","text":"Don’t you know that those who serve around sacred things eat from the things of the temple, and those who wait on the altar have their portion with the altar?"},{"verse":"14","text":"Even so the Lord ordained that those who proclaim the Good News should live from the Good News."},{"verse":"15","text":"But I have used none of these things, and I don’t write these things that it may be done so in my case; for I would rather die, than that anyone should make my boasting void."},{"verse":"16","text":"For if I preach the Good News, I have nothing to boast about; for necessity is laid on me; but woe is to me if I don’t preach the Good News."},{"verse":"17","text":"For if I do this of my own will, I have a reward. But if not of my own will, I have a stewardship entrusted to me."},{"verse":"18","text":"What then is my reward? That when I preach the Good News, I may present the Good News of Christ without charge, so as not to abuse my authority in the Good News."},{"verse":"19","text":"For though I was free from all, I brought myself under bondage to all, that I might gain the more."},{"verse":"20","text":"To the Jews I became as a Jew, that I might gain Jews; to those who are under the law, as under the law, that I might gain those who are under the law;"},{"verse":"21","text":"to those who are without law, as without law (not being without law toward God, but under law toward Christ), that I might win those who are without law."},{"verse":"22","text":"To the weak I became as weak, that I might gain the weak. I have become all things to all men, that I may by all means save some."},{"verse":"23","text":"Now I do this for the sake of the Good News, that I may be a joint partaker of it."},{"verse":"24","text":"Don’t you know that those who run in a race all run, but one receives the prize? Run like that, that you may win."},{"verse":"25","text":"Every man who strives in the games exercises self-control in all things. Now they do it to receive a corruptible crown, but we an incorruptible."},{"verse":"26","text":"I therefore run like that, not aimlessly. I fight like that, not beating the air,"},{"verse":"27","text":"but I beat my body and bring it into submission, lest by any means, after I have preached to others, I myself should be rejected."}]},{"chapter":"10","verses":[{"verse":"1","text":"Now I would not have you ignorant, brothers, that our fathers were all under the cloud, and all passed through the sea;"},{"verse":"2","text":"and were all baptized into Moses in the cloud and in the sea;"},{"verse":"3","text":"and all ate the same spiritual food;"},{"verse":"4","text":"and all drank the same spiritual drink. For they drank of a spiritual rock that followed them, and the rock was Christ."},{"verse":"5","text":"However with most of them, God was not well pleased, for they were overthrown in the wilderness."},{"verse":"6","text":"Now these things were our examples, to the intent we should not lust after evil things, as they also lusted."},{"verse":"7","text":"Don’t be idolaters, as some of them were. As it is written, “The people sat down to eat and drink, and rose up to play.”"},{"verse":"8","text":"Let’s not commit sexual immorality, as some of them committed, and in one day twenty-three thousand fell."},{"verse":"9","text":"Let’s not test Christ, as some of them tested, and perished by the serpents."},{"verse":"10","text":"Don’t grumble, as some of them also grumbled, and perished by the destroyer."},{"verse":"11","text":"Now all these things happened to them by way of example, and they were written for our admonition, on whom the ends of the ages have come."},{"verse":"12","text":"Therefore let him who thinks he stands be careful that he doesn’t fall."},{"verse":"13","text":"No temptation has taken you except what is common to man. God is faithful, who will not allow you to be tempted above what you are able, but will with the temptation also make the way of escape, that you may be able to endure it."},{"verse":"14","text":"Therefore, my beloved, flee from idolatry."},{"verse":"15","text":"I speak as to wise men. Judge what I say."},{"verse":"16","text":"The cup of blessing which we bless, isn’t it a sharing of the blood of Christ? The bread which we break, isn’t it a sharing of the body of Christ?"},{"verse":"17","text":"Because there is one loaf of bread, we, who are many, are one body; for we all partake of the one loaf of bread."},{"verse":"18","text":"Consider Israel according to the flesh. Don’t those who eat the sacrifices participate in the altar?"},{"verse":"19","text":"What am I saying then? That a thing sacrificed to idols is anything, or that an idol is anything?"},{"verse":"20","text":"But I say that the things which the Gentiles sacrifice, they sacrifice to demons, and not to God, and I don’t desire that you would have fellowship with demons."},{"verse":"21","text":"You can’t both drink the cup of the Lord and the cup of demons. You can’t both partake of the table of the Lord and of the table of demons."},{"verse":"22","text":"Or do we provoke the Lord to jealousy? Are we stronger than he?"},{"verse":"23","text":"“All things are lawful for me,” but not all things are profitable. “All things are lawful for me,” but not all things build up."},{"verse":"24","text":"Let no one seek his own, but each one his neighbor’s good."},{"verse":"25","text":"Whatever is sold in the butcher shop, eat, asking no question for the sake of conscience,"},{"verse":"26","text":"for “the earth is the Lord’s, and its fullness.”"},{"verse":"27","text":"But if one of those who don’t believe invites you to a meal, and you are inclined to go, eat whatever is set before you, asking no questions for the sake of conscience."},{"verse":"28","text":"But if anyone says to you, “This was offered to idols,” don’t eat it for the sake of the one who told you, and for the sake of conscience. For “the earth is the Lord’s, with all its fullness.”"},{"verse":"29","text":"Conscience, I say, not your own, but the other’s conscience. For why is my liberty judged by another conscience?"},{"verse":"30","text":"If I partake with thankfulness, why am I denounced for something I give thanks for?"},{"verse":"31","text":"Whether therefore you eat, or drink, or whatever you do, do all to the glory of God."},{"verse":"32","text":"Give no occasion for stumbling, whether to Jews, or to Greeks, or to the assembly of God;"},{"verse":"33","text":"even as I also please all men in all things, not seeking my own profit, but the profit of the many, that they may be saved."}]},{"chapter":"11","verses":[{"verse":"1","text":"Be imitators of me, even as I also am of Christ."},{"verse":"2","text":"Now I praise you, brothers, that you remember me in all things, and hold firm the traditions, even as I delivered them to you."},{"verse":"3","text":"But I would have you know that the head of every man is Christ, and the head of the woman is man, and the head of Christ is God."},{"verse":"4","text":"Every man praying or prophesying, having his head covered, dishonors his head."},{"verse":"5","text":"But every woman praying or prophesying with her head uncovered dishonors her head. For it is one and the same thing as if she were shaved."},{"verse":"6","text":"For if a woman is not covered, let her hair also be cut off. But if it is shameful for a woman to have her hair cut off or be shaved, let her be covered."},{"verse":"7","text":"For a man indeed ought not to have his head covered, because he is the image and glory of God, but the woman is the glory of the man."},{"verse":"8","text":"For man is not from woman, but woman from man;"},{"verse":"9","text":"for man wasn’t created for the woman, but woman for the man."},{"verse":"10","text":"For this cause the woman ought to have authority over her own head, because of the angels."},{"verse":"11","text":"Nevertheless, neither is the woman independent of the man, nor the man independent of the woman, in the Lord."},{"verse":"12","text":"For as woman came from man, so a man also comes through a woman; but all things are from God."},{"verse":"13","text":"Judge for yourselves. Is it appropriate that a woman pray to God unveiled?"},{"verse":"14","text":"Doesn’t even nature itself teach you that if a man has long hair, it is a dishonor to him?"},{"verse":"15","text":"But if a woman has long hair, it is a glory to her, for her hair is given to her for a covering."},{"verse":"16","text":"But if any man seems to be contentious, we have no such custom, neither do God’s assemblies."},{"verse":"17","text":"But in giving you this command, I don’t praise you, that you come together not for the better but for the worse."},{"verse":"18","text":"For first of all, when you come together in the assembly, I hear that divisions exist among you, and I partly believe it."},{"verse":"19","text":"For there also must be factions among you, that those who are approved may be revealed among you."},{"verse":"20","text":"When therefore you assemble yourselves together, it is not the Lord’s supper that you eat."},{"verse":"21","text":"For in your eating each one takes his own supper first. One is hungry, and another is drunken."},{"verse":"22","text":"What, don’t you have houses to eat and to drink in? Or do you despise God’s assembly and put them to shame who don’t have enough? What shall I tell you? Shall I praise you? In this I don’t praise you."},{"verse":"23","text":"For I received from the Lord that which also I delivered to you, that the Lord Yeshua on the night in which he was betrayed took bread."},{"verse":"24","text":"When he had given thanks, he broke it and said, “Take, eat. This is my body, which is broken for you. Do this in memory of me.”"},{"verse":"25","text":"In the same way he also took the cup, after supper, saying, “This cup is the new covenant in my blood. Do this, as often as you drink, in memory of me.”"},{"verse":"26","text":"For as often as you eat this bread and drink this cup, you proclaim the Lord’s death until he comes."},{"verse":"27","text":"Therefore whoever eats this bread or drinks the Lord’s cup in a way unworthy of the Lord will be guilty of the body and the blood of the Lord."},{"verse":"28","text":"But let a man examine himself, and so let him eat of the bread, and drink of the cup."},{"verse":"29","text":"For he who eats and drinks in an unworthy way eats and drinks judgment to himself if he doesn’t discern the Lord’s body."},{"verse":"30","text":"For this cause many among you are weak and sickly, and not a few sleep."},{"verse":"31","text":"For if we discerned ourselves, we wouldn’t be judged."},{"verse":"32","text":"But when we are judged, we are punished by the Lord, that we may not be condemned with the world."},{"verse":"33","text":"Therefore, my brothers, when you come together to eat, wait for one another."},{"verse":"34","text":"But if anyone is hungry, let him eat at home, lest your coming together be for judgment. The rest I will set in order whenever I come."}]},{"chapter":"12","verses":[{"verse":"1","text":"Now concerning spiritual things, brothers, I don’t want you to be ignorant."},{"verse":"2","text":"You know that when you were heathen, you were led away to those mute idols, however you might be led."},{"verse":"3","text":"Therefore I make known to you that no man speaking by God’s Spirit says, “Yeshua is accursed.” No one can say, “Yeshua is Lord,” but by the Holy Spirit."},{"verse":"4","text":"Now there are various kinds of gifts, but the same Spirit."},{"verse":"5","text":"There are various kinds of service, and the same Lord."},{"verse":"6","text":"There are various kinds of workings, but the same God, who works all things in all."},{"verse":"7","text":"But to each one is given the manifestation of the Spirit for the profit of all."},{"verse":"8","text":"For to one is given through the Spirit the word of wisdom, and to another the word of knowledge, according to the same Spirit;"},{"verse":"9","text":"to another faith, by the same Spirit; and to another gifts of healings, by the same Spirit;"},{"verse":"10","text":"and to another workings of miracles; and to another prophecy; and to another discerning of spirits; to another different kinds of languages; and to another the interpretation of languages."},{"verse":"11","text":"But the one and the same Spirit produces all of these, distributing to each one separately as he desires."},{"verse":"12","text":"For as the body is one, and has many members, and all the members of the body, being many, are one body; so also is Christ."},{"verse":"13","text":"For in one Spirit we were all baptized into one body, whether Jews or Greeks, whether bond or free; and were all given to drink into one Spirit."},{"verse":"14","text":"For the body is not one member, but many."},{"verse":"15","text":"If the foot would say, “Because I’m not the hand, I’m not part of the body,” it is not therefore not part of the body."},{"verse":"16","text":"If the ear would say, “Because I’m not the eye, I’m not part of the body,” it’s not therefore not part of the body."},{"verse":"17","text":"If the whole body were an eye, where would the hearing be? If the whole were hearing, where would the smelling be?"},{"verse":"18","text":"But now God has set the members, each one of them, in the body, just as he desired."},{"verse":"19","text":"If they were all one member, where would the body be?"},{"verse":"20","text":"But now they are many members, but one body."},{"verse":"21","text":"The eye can’t tell the hand, “I have no need for you,” or again the head to the feet, “I have no need for you.”"},{"verse":"22","text":"No, much rather, those members of the body which seem to be weaker are necessary."},{"verse":"23","text":"Those parts of the body which we think to be less honorable, on those we bestow more abundant honor; and our unpresentable parts have more abundant propriety;"},{"verse":"24","text":"whereas our presentable parts have no such need. But God composed the body together, giving more abundant honor to the inferior part,"},{"verse":"25","text":"that there should be no division in the body, but that the members should have the same care for one another."},{"verse":"26","text":"When one member suffers, all the members suffer with it. When one member is honored, all the members rejoice with it."},{"verse":"27","text":"Now you are the body of Christ, and members individually."},{"verse":"28","text":"God has set some in the assembly: first apostles, second prophets, third teachers, then miracle workers, then gifts of healings, helps, governments, and various kinds of languages."},{"verse":"29","text":"Are all apostles? Are all prophets? Are all teachers? Are all miracle workers?"},{"verse":"30","text":"Do all have gifts of healings? Do all speak with various languages? Do all interpret?"},{"verse":"31","text":"But earnestly desire the best gifts. Moreover, I show a most excellent way to you."}]},{"chapter":"13","verses":[{"verse":"1","text":"If I speak with the languages of men and of angels, but don’t have love, I have become sounding brass, or a clanging cymbal."},{"verse":"2","text":"If I have the gift of prophecy, and know all mysteries and all knowledge; and if I have all faith, so as to remove mountains, but don’t have love, I am nothing."},{"verse":"3","text":"If I give away all my goods to feed the poor, and if I give my body to be burned, but don’t have love, it profits me nothing."},{"verse":"4","text":"Love is patient and is kind. Love doesn’t envy. Love doesn’t brag, is not proud,"},{"verse":"5","text":"doesn’t behave itself inappropriately, doesn’t seek its own way, is not provoked, takes no account of evil;"},{"verse":"6","text":"doesn’t rejoice in unrighteousness, but rejoices with the truth;"},{"verse":"7","text":"bears all things, believes all things, hopes all things, and endures all things."},{"verse":"8","text":"Love never fails. But where there are prophecies, they will be done away with. Where there are various languages, they will cease. Where there is knowledge, it will be done away with."},{"verse":"9","text":"For we know in part and we prophesy in part;"},{"verse":"10","text":"but when that which is complete has come, then that which is partial will be done away with."},{"verse":"11","text":"When I was a child, I spoke as a child, I felt as a child, I thought as a child. Now that I have become a man, I have put away childish things."},{"verse":"12","text":"For now we see in a mirror, dimly, but then face to face. Now I know in part, but then I will know fully, even as I was also fully known."},{"verse":"13","text":"But now faith, hope, and love remain—these three. The greatest of these is love."}]},{"chapter":"14","verses":[{"verse":"1","text":"Follow after love and earnestly desire spiritual gifts, but especially that you may prophesy."},{"verse":"2","text":"For he who speaks in another language speaks not to men, but to God; for no one understands; but in the Spirit he speaks mysteries."},{"verse":"3","text":"But he who prophesies speaks to men for their edification, exhortation, and consolation."},{"verse":"4","text":"He who speaks in another language edifies himself, but he who prophesies edifies the assembly."},{"verse":"5","text":"Now I desire to have you all speak with other languages, but rather that you would prophesy. For he is greater who prophesies than he who speaks with other languages, unless he interprets, that the assembly may be built up."},{"verse":"6","text":"But now, brothers, if I come to you speaking with other languages, what would I profit you, unless I speak to you either by way of revelation, or of knowledge, or of prophesying, or of teaching?"},{"verse":"7","text":"Even things without life, giving a voice, whether pipe or harp, if they didn’t give a distinction in the sounds, how would it be known what is piped or harped?"},{"verse":"8","text":"For if the trumpet gave an uncertain sound, who would prepare himself for war?"},{"verse":"9","text":"So also you, unless you uttered by the tongue words easy to understand, how would it be known what is spoken? For you would be speaking into the air."},{"verse":"10","text":"There are, it may be, so many kinds of sounds in the world, and none of them is without meaning."},{"verse":"11","text":"If then I don’t know the meaning of the sound, I would be to him who speaks a foreigner, and he who speaks would be a foreigner to me."},{"verse":"12","text":"So also you, since you are zealous for spiritual gifts, seek that you may abound to the building up of the assembly."},{"verse":"13","text":"Therefore let him who speaks in another language pray that he may interpret."},{"verse":"14","text":"For if I pray in another language, my spirit prays, but my understanding is unfruitful."},{"verse":"15","text":"What is it then? I will pray with the spirit, and I will pray with the understanding also. I will sing with the spirit, and I will sing with the understanding also."},{"verse":"16","text":"Otherwise if you bless with the spirit, how will he who fills the place of the unlearned say the “Amen” at your giving of thanks, seeing he doesn’t know what you say?"},{"verse":"17","text":"For you most certainly give thanks well, but the other person is not built up."},{"verse":"18","text":"I thank my God, I speak with other languages more than you all."},{"verse":"19","text":"However in the assembly I would rather speak five words with my understanding, that I might instruct others also, than ten thousand words in another language."},{"verse":"20","text":"Brothers, don’t be children in thoughts, yet in malice be babies, but in thoughts be mature."},{"verse":"21","text":"In the law it is written, “By men of strange languages and by the lips of strangers I will speak to this people. They won’t even hear me that way, says the Lord.”"},{"verse":"22","text":"Therefore other languages are for a sign, not to those who believe, but to the unbelieving; but prophesying is for a sign, not to the unbelieving, but to those who believe."},{"verse":"23","text":"If therefore the whole assembly is assembled together and all speak with other languages, and unlearned or unbelieving people come in, won’t they say that you are crazy?"},{"verse":"24","text":"But if all prophesy, and someone unbelieving or unlearned comes in, he is reproved by all, and he is judged by all."},{"verse":"25","text":"And thus the secrets of his heart are revealed. So he will fall down on his face and worship God, declaring that God is among you indeed."},{"verse":"26","text":"What is it then, brothers? When you come together, each one of you has a psalm, has a teaching, has a revelation, has another language, or has an interpretation. Let all things be done to build each other up."},{"verse":"27","text":"If any man speaks in another language, let it be two, or at the most three, and in turn; and let one interpret."},{"verse":"28","text":"But if there is no interpreter, let him keep silent in the assembly, and let him speak to himself, and to God."},{"verse":"29","text":"Let the prophets speak, two or three, and let the others discern."},{"verse":"30","text":"But if a revelation is made to another sitting by, let the first keep silent."},{"verse":"31","text":"For you all can prophesy one by one, that all may learn, and all may be exhorted."},{"verse":"32","text":"The spirits of the prophets are subject to the prophets,"},{"verse":"33","text":"for God is not a God of confusion, but of peace, as in all the assemblies of the saints."},{"verse":"34","text":"Let the wives be quiet in the assemblies, for it has not been permitted for them to be talking except in submission, as the law also says,"},{"verse":"35","text":"if they desire to learn anything. “Let them ask their own husbands at home, for it is shameful for a wife to be talking in the assembly.”"},{"verse":"36","text":"What!? Was it from you that the word of God went out? Or did it come to you alone?"},{"verse":"37","text":"If any man thinks himself to be a prophet, or spiritual, let him recognize the things which I write to you, that they are the commandment of the Lord."},{"verse":"38","text":"But if anyone is ignorant, let him be ignorant."},{"verse":"39","text":"Therefore, brothers, desire earnestly to prophesy, and don’t forbid speaking with other languages."},{"verse":"40","text":"Let all things be done decently and in order."}]},{"chapter":"15","verses":[{"verse":"1","text":"Now I declare to you, brothers, the Good News which I preached to you, which also you received, in which you also stand,"},{"verse":"2","text":"by which also you are saved, if you hold firmly the word which I preached to you—unless you believed in vain."},{"verse":"3","text":"For I delivered to you first of all that which I also received: that Christ died for our sins according to the Scriptures,"},{"verse":"4","text":"that he was buried, that he was raised on the third day according to the Scriptures,"},{"verse":"5","text":"and that he appeared to Cephas, then to the twelve."},{"verse":"6","text":"Then he appeared to over five hundred brothers at once, most of whom remain until now, but some have also fallen asleep."},{"verse":"7","text":"Then he appeared to James, then to all the apostles,"},{"verse":"8","text":"and last of all, as to the child born at the wrong time, he appeared to me also."},{"verse":"9","text":"For I am the least of the apostles, who is not worthy to be called an apostle, because I persecuted the assembly of God."},{"verse":"10","text":"But by the grace of God I am what I am. His grace which was given to me was not futile, but I worked more than all of them; yet not I, but the grace of God which was with me."},{"verse":"11","text":"Whether then it is I or they, so we preach, and so you believed."},{"verse":"12","text":"Now if Christ is preached, that he has been raised from the dead, how do some among you say that there is no resurrection of the dead?"},{"verse":"13","text":"But if there is no resurrection of the dead, neither has Christ been raised."},{"verse":"14","text":"If Christ has not been raised, then our preaching is in vain, and your faith also is in vain."},{"verse":"15","text":"Yes, we are also found false witnesses of God, because we testified about God that he raised up Christ, whom he didn’t raise up, if it is so that the dead are not raised."},{"verse":"16","text":"For if the dead aren’t raised, neither has Christ been raised."},{"verse":"17","text":"If Christ has not been raised, your faith is vain; you are still in your sins."},{"verse":"18","text":"Then they also who are fallen asleep in Christ have perished."},{"verse":"19","text":"If we have only hoped in Christ in this life, we are of all men most pitiable."},{"verse":"20","text":"But now Christ has been raised from the dead. He became the first fruits of those who are asleep."},{"verse":"21","text":"For since death came by man, the resurrection of the dead also came by man."},{"verse":"22","text":"For as in Adam all die, so also in Christ all will be made alive."},{"verse":"23","text":"But each in his own order: Christ the first fruits, then those who are Christ’s, at his coming."},{"verse":"24","text":"Then the end comes, when he will deliver up the Kingdom to God, even the Father, when he will have abolished all rule and all authority and power."},{"verse":"25","text":"For he must reign until he has put all his enemies under his feet."},{"verse":"26","text":"The last enemy that will be abolished is death."},{"verse":"27","text":"For, “He put all things in subjection under his feet.” But when he says, “All things are put in subjection”, it is evident that he is excepted who subjected all things to him."},{"verse":"28","text":"When all things have been subjected to him, then the Son will also himself be subjected to him who subjected all things to him, that God may be all in all."},{"verse":"29","text":"Or else what will they do who are baptized for the dead? If the dead aren’t raised at all, why then are they baptized for the dead?"},{"verse":"30","text":"Why do we also stand in jeopardy every hour?"},{"verse":"31","text":"I affirm, by the boasting in you which I have in Christ Yeshua our Lord, I die daily."},{"verse":"32","text":"If I fought with animals at Ephesus for human purposes, what does it profit me? If the dead are not raised, then “let’s eat and drink, for tomorrow we die.”"},{"verse":"33","text":"Don’t be deceived! “Evil companionships corrupt good morals.”"},{"verse":"34","text":"Wake up righteously, and don’t sin, for some have no knowledge of God. I say this to your shame."},{"verse":"35","text":"But someone will say, “How are the dead raised?” and, “With what kind of body do they come?”"},{"verse":"36","text":"You foolish one, that which you yourself sow is not made alive unless it dies."},{"verse":"37","text":"That which you sow, you don’t sow the body that will be, but a bare grain, maybe of wheat, or of some other kind."},{"verse":"38","text":"But God gives it a body even as it pleased him, and to each seed a body of its own."},{"verse":"39","text":"All flesh is not the same flesh, but there is one flesh of men, another flesh of animals, another of fish, and another of birds."},{"verse":"40","text":"There are also celestial bodies and terrestrial bodies; but the glory of the celestial differs from that of the terrestrial."},{"verse":"41","text":"There is one glory of the sun, another glory of the moon, and another glory of the stars; for one star differs from another star in glory."},{"verse":"42","text":"So also is the resurrection of the dead. The body is sown perishable; it is raised imperishable."},{"verse":"43","text":"It is sown in dishonor; it is raised in glory. It is sown in weakness; it is raised in power."},{"verse":"44","text":"It is sown a natural body; it is raised a spiritual body. There is a natural body and there is also a spiritual body."},{"verse":"45","text":"So also it is written, “The first man, Adam, became a living soul.”  The last Adam became a life-giving spirit."},{"verse":"46","text":"However that which is spiritual isn’t first, but that which is natural, then that which is spiritual."},{"verse":"47","text":"The first man is of the earth, made of dust. The second man is the Lord from heaven."},{"verse":"48","text":"As is the one made of dust, such are those who are also made of dust; and as is the heavenly, such are they also that are heavenly."},{"verse":"49","text":"As we have borne the image of those made of dust, let’s also bear the image of the heavenly."},{"verse":"50","text":"Now I say this, brothers, that flesh and blood can’t inherit God’s Kingdom; neither does the perishable inherit imperishable."},{"verse":"51","text":"Behold, I tell you a mystery. We will not all sleep, but we will all be changed,"},{"verse":"52","text":"in a moment, in the twinkling of an eye, at the last trumpet. For the trumpet will sound and the dead will be raised incorruptible, and we will be changed."},{"verse":"53","text":"For this perishable body must become imperishable, and this mortal must put on immortality."},{"verse":"54","text":"But when this perishable body will have become imperishable, and this mortal will have put on immortality, then what is written will happen: “Death is swallowed up in victory.”"},{"verse":"55","text":"“Death, where is your sting? Hades, where is your victory?”"},{"verse":"56","text":"The sting of death is sin, and the power of sin is the law."},{"verse":"57","text":"But thanks be to God, who gives us the victory through our Lord Yeshua Christ."},{"verse":"58","text":"Therefore, my beloved brothers, be steadfast, immovable, always abounding in the Lord’s work, because you know that your labor is not in vain in the Lord."}]},{"chapter":"16","verses":[{"verse":"1","text":"Now concerning the collection for the saints, as I commanded the assemblies of Galatia, you do likewise."},{"verse":"2","text":"On the first day of every week, let each one of you save, as he may prosper, that no collections are made when I come."},{"verse":"3","text":"When I arrive, I will send whoever you approve with letters to carry your gracious gift to Jerusalem."},{"verse":"4","text":"If it is appropriate for me to go also, they will go with me."},{"verse":"5","text":"But I will come to you when I have passed through Macedonia, for I am passing through Macedonia."},{"verse":"6","text":"But with you it may be that I will stay, or even winter, that you may send me on my journey wherever I go."},{"verse":"7","text":"For I do not wish to see you now in passing, but I hope to stay a while with you, if the Lord permits."},{"verse":"8","text":"But I will stay at Ephesus until Pentecost,"},{"verse":"9","text":"for a great and effective door has opened to me, and there are many adversaries."},{"verse":"10","text":"Now if Timothy comes, see that he is with you without fear, for he does the work of the Lord, as I also do."},{"verse":"11","text":"Therefore let no one despise him. But set him forward on his journey in peace, that he may come to me; for I expect him with the brothers."},{"verse":"12","text":"Now concerning Apollos, the brother, I strongly urged him to come to you with the brothers; and it was not at all his desire to come now; but he will come when he has an opportunity."},{"verse":"13","text":"Watch! Stand firm in the faith! Be courageous! Be strong!"},{"verse":"14","text":"Let all that you do be done in love."},{"verse":"15","text":"Now I beg you, brothers—you know the house of Stephanas, that it is the first fruits of Achaia, and that they have set themselves to serve the saints—"},{"verse":"16","text":"that you also be in subjection to such, and to everyone who helps in the work and labors."},{"verse":"17","text":"I rejoice at the coming of Stephanas, Fortunatus, and Achaicus; for that which was lacking on your part, they supplied."},{"verse":"18","text":"For they refreshed my spirit and yours. Therefore acknowledge those who are like that."},{"verse":"19","text":"The assemblies of Asia greet you. Aquila and Priscilla greet you much in the Lord, together with the assembly that is in their house."},{"verse":"20","text":"All the brothers greet you. Greet one another with a holy kiss."},{"verse":"21","text":"This greeting is by me, Paul, with my own hand."},{"verse":"22","text":"If any man doesn’t love the Lord Yeshua Christ, let him be cursed.  Come, Lord!"},{"verse":"23","text":"The grace of the Lord Yeshua Christ be with you."},{"verse":"24","text":"My love to all of you in Christ Yeshua. Amen."}]}],"book":"1 Corinthians"}