{"chapters":[{"chapter":"1","verses":[{"verse":"1","text":"Paul, an apostle of Yeshua Christ according to the commandment of God our Savior and the Lord Yeshua Christ our hope;"},{"verse":"2","text":"to Timothy, my true child in faith: Grace, mercy, and peace, from God our Father and Christ Yeshua our Lord."},{"verse":"3","text":"As I urged you when I was going into Macedonia, stay at Ephesus that you might command certain men not to teach a different doctrine,"},{"verse":"4","text":"and not to pay attention to myths and endless genealogies, which cause disputes, rather than God’s stewardship, which is in faith—"},{"verse":"5","text":"but the goal of this command is love, out of a pure heart and a good conscience and sincere faith,"},{"verse":"6","text":"from which things some, having missed the mark, have turned away to vain talking,"},{"verse":"7","text":"desiring to be teachers of the law, though they understand neither what they say, nor about what they strongly affirm."},{"verse":"8","text":"But we know that the law is good, if a person uses it lawfully,"},{"verse":"9","text":"as knowing this, that law is not made for a righteous person, but for the lawless and insubordinate, for the ungodly and sinners, for the unholy and profane, for murderers of fathers and murderers of mothers, for manslayers,"},{"verse":"10","text":"for the sexually immoral, for homosexuals, for slave-traders, for liars, for perjurers, and for any other thing contrary to the sound doctrine,"},{"verse":"11","text":"according to the Good News of the glory of the blessed God, which was committed to my trust."},{"verse":"12","text":"I thank him who enabled me, Christ Yeshua our Lord, because he counted me faithful, appointing me to service;"},{"verse":"13","text":"although I used to be a blasphemer, a persecutor, and insolent. However, I obtained mercy, because I did it ignorantly in unbelief."},{"verse":"14","text":"The grace of our Lord abounded exceedingly with faith and love which is in Christ Yeshua."},{"verse":"15","text":"The saying is faithful and worthy of all acceptance, that Christ Yeshua came into the world to save sinners, of whom I am chief."},{"verse":"16","text":"However, for this cause I obtained mercy, that in me first, Yeshua Christ might display all his patience for an example of those who were going to believe in him for eternal life."},{"verse":"17","text":"Now to the King eternal, immortal, invisible, to God who alone is wise, be honor and glory forever and ever. Amen."},{"verse":"18","text":"I commit this instruction to you, my child Timothy, according to the prophecies which were given to you before, that by them you may wage the good warfare,"},{"verse":"19","text":"holding faith and a good conscience, which some having thrust away made a shipwreck concerning the faith,"},{"verse":"20","text":"of whom are Hymenaeus and Alexander, whom I delivered to Satan, that they might be taught not to blaspheme."}]},{"chapter":"2","verses":[{"verse":"1","text":"I exhort therefore, first of all, that petitions, prayers, intercessions, and givings of thanks be made for all men:"},{"verse":"2","text":"for kings and all who are in high places, that we may lead a tranquil and quiet life in all godliness and reverence."},{"verse":"3","text":"For this is good and acceptable in the sight of God our Savior,"},{"verse":"4","text":"who desires all people to be saved and come to full knowledge of the truth."},{"verse":"5","text":"For there is one God, and one mediator between God and men, the man Christ Yeshua,"},{"verse":"6","text":"who gave himself as a ransom for all, the testimony in its own times,"},{"verse":"7","text":"to which I was appointed a preacher and an apostle—I am telling the truth in Christ, not lying—a teacher of the Gentiles in faith and truth."},{"verse":"8","text":"I desire therefore that the men in every place pray, lifting up holy hands without anger and doubting."},{"verse":"9","text":"In the same way, that women also adorn themselves in decent clothing, with modesty and propriety, not just with braided hair, gold, pearls, or expensive clothing,"},{"verse":"10","text":"but with good works, which is appropriate for women professing godliness."},{"verse":"11","text":"Let a woman learn in quietness with full submission."},{"verse":"12","text":"But I don’t permit a woman to teach, nor to exercise authority over a man, but to be in quietness."},{"verse":"13","text":"For Adam was formed first, then Eve."},{"verse":"14","text":"Adam wasn’t deceived, but the woman, being deceived, has fallen into disobedience;"},{"verse":"15","text":"but she will be saved through her childbearing, if they continue in faith, love, and sanctification with sobriety."}]},{"chapter":"3","verses":[{"verse":"1","text":"This is a faithful saying: someone who seeks to be an overseer desires a good work."},{"verse":"2","text":"The overseer therefore must be without reproach, the husband of one wife, temperate, sensible, modest, hospitable, good at teaching;"},{"verse":"3","text":"not a drinker, not violent, not greedy for money, but gentle, not quarrelsome, not covetous;"},{"verse":"4","text":"one who rules his own house well, having children in subjection with all reverence;"},{"verse":"5","text":"(but how could someone who doesn’t know how to rule one’s own house take care of God’s assembly?)"},{"verse":"6","text":"not a new convert, lest being puffed up he fall into the same condemnation as the devil."},{"verse":"7","text":"Moreover he must have good testimony from those who are outside, to avoid falling into reproach and the snare of the devil."},{"verse":"8","text":"Servants, in the same way, must be reverent, not double-tongued, not addicted to much wine, not greedy for money,"},{"verse":"9","text":"holding the mystery of the faith in a pure conscience."},{"verse":"10","text":"Let them also first be tested; then let them serve if they are blameless."},{"verse":"11","text":"Their wives in the same way must be reverent, not slanderers, temperate, and faithful in all things."},{"verse":"12","text":"Let servants be husbands of one wife, ruling their children and their own houses well."},{"verse":"13","text":"For those who have served well gain for themselves a good standing, and great boldness in the faith which is in Christ Yeshua."},{"verse":"14","text":"These things I write to you, hoping to come to you shortly;"},{"verse":"15","text":"but if I wait long, that you may know how men ought to behave themselves in God’s house, which is the assembly of the living God, the pillar and ground of the truth."},{"verse":"16","text":"Without controversy, the mystery of godliness is great: God was revealed in the flesh, justified in the spirit, seen by angels, preached among the nations, believed on in the world, and received up in glory."}]},{"chapter":"4","verses":[{"verse":"1","text":"But the Spirit says expressly that in later times some will fall away from the faith, paying attention to seducing spirits and doctrines of demons,"},{"verse":"2","text":"through the hypocrisy of men who speak lies, branded in their own conscience as with a hot iron,"},{"verse":"3","text":"forbidding marriage and commanding to abstain from foods which God created to be received with thanksgiving by those who believe and know the truth."},{"verse":"4","text":"For every creature of God is good, and nothing is to be rejected, if it is received with thanksgiving."},{"verse":"5","text":"For it is sanctified through the word of God and prayer."},{"verse":"6","text":"If you instruct the brothers of these things, you will be a good servant of Christ Yeshua, nourished in the words of the faith, and of the good doctrine which you have followed."},{"verse":"7","text":"But refuse profane and old wives’ fables. Exercise yourself toward godliness."},{"verse":"8","text":"For bodily exercise has some value, but godliness has value in all things, having the promise of the life which is now, and of that which is to come."},{"verse":"9","text":"This saying is faithful and worthy of all acceptance."},{"verse":"10","text":"For to this end we both labor and suffer reproach, because we have set our trust in the living God, who is the Savior of all men, especially of those who believe."},{"verse":"11","text":"Command and teach these things."},{"verse":"12","text":"Let no man despise your youth; but be an example to those who believe, in word, in your way of life, in love, in spirit, in faith, and in purity."},{"verse":"13","text":"Until I come, pay attention to reading, to exhortation, and to teaching."},{"verse":"14","text":"Don’t neglect the gift that is in you, which was given to you by prophecy, with the laying on of the hands of the elders."},{"verse":"15","text":"Be diligent in these things. Give yourself wholly to them, that your progress may be revealed to all."},{"verse":"16","text":"Pay attention to yourself and to your teaching. Continue in these things, for in doing this you will save both yourself and those who hear you."}]},{"chapter":"5","verses":[{"verse":"1","text":"Don’t rebuke an older man, but exhort him as a father; the younger men as brothers;"},{"verse":"2","text":"the elder women as mothers; the younger as sisters, in all purity."},{"verse":"3","text":"Honor widows who are widows indeed."},{"verse":"4","text":"But if any widow has children or grandchildren, let them learn first to show piety toward their own family and to repay their parents, for this is  acceptable in the sight of God."},{"verse":"5","text":"Now she who is a widow indeed and desolate, has her hope set on God, and continues in petitions and prayers night and day."},{"verse":"6","text":"But she who gives herself to pleasure is dead while she lives."},{"verse":"7","text":"Also command these things, that they may be without reproach."},{"verse":"8","text":"But if anyone doesn’t provide for his own, and especially his own household, he has denied the faith, and is worse than an unbeliever."},{"verse":"9","text":"Let no one be enrolled as a widow under sixty years old, having been the wife of one man,"},{"verse":"10","text":"being approved by good works, if she has brought up children, if she has been hospitable to strangers, if she has washed the saints’ feet, if she has relieved the afflicted, and if she has diligently followed every good work."},{"verse":"11","text":"But refuse younger widows, for when they have grown wanton against Christ, they desire to marry,"},{"verse":"12","text":"having condemnation, because they have rejected their first pledge."},{"verse":"13","text":"Besides, they also learn to be idle, going about from house to house. Not only idle, but also gossips and busybodies, saying things which they ought not."},{"verse":"14","text":"I desire therefore that the younger widows marry, bear children, rule the household, and give no occasion to the adversary for insulting."},{"verse":"15","text":"For already some have turned away after Satan."},{"verse":"16","text":"If any man or woman who believes has widows, let them relieve them, and don’t let the assembly be burdened, that it might relieve those who are widows indeed."},{"verse":"17","text":"Let the elders who rule well be counted worthy of double honor, especially those who labor in the word and in teaching."},{"verse":"18","text":"For the Scripture says, “You shall not muzzle the ox when it treads out the grain.” And, “The laborer is worthy of his wages.”"},{"verse":"19","text":"Don’t receive an accusation against an elder, except at the word of two or three witnesses."},{"verse":"20","text":"Those who sin, reprove in the sight of all, that the rest also may be in fear."},{"verse":"21","text":"I command you in the sight of God, and the Lord Yeshua Christ, and the chosen angels, that you observe these things without prejudice, doing nothing by partiality."},{"verse":"22","text":"Lay hands hastily on no one. Don’t be a participant in other people’s sins. Keep yourself pure."},{"verse":"23","text":"Be no longer a drinker of water only, but use a little wine for your stomach’s sake and your frequent infirmities."},{"verse":"24","text":"Some men’s sins are evident, preceding them to judgment, and some also follow later."},{"verse":"25","text":"In the same way also there are good works that are obvious, and those that are otherwise can’t be hidden."}]},{"chapter":"6","verses":[{"verse":"1","text":"Let as many as are bondservants under the yoke count their own masters worthy of all honor, that the name of God and the doctrine not be blasphemed."},{"verse":"2","text":"Those who have believing masters, let them not despise them because they are brothers, but rather let them serve them, because those who partake of the benefit are believing and beloved. Teach and exhort these things."},{"verse":"3","text":"If anyone teaches a different doctrine, and doesn’t consent to sound words, the words of our Lord Yeshua Christ, and to the doctrine which is according to godliness,"},{"verse":"4","text":"he is conceited, knowing nothing, but obsessed with arguments, disputes, and word battles, from which come envy, strife, insulting, evil suspicions,"},{"verse":"5","text":"constant friction of people of corrupt minds and destitute of the truth, who suppose that godliness is a means of gain. Withdraw yourself from such."},{"verse":"6","text":"But godliness with contentment is great gain."},{"verse":"7","text":"For we brought nothing into the world, and we certainly can’t carry anything out."},{"verse":"8","text":"But having food and clothing, we will be content with that."},{"verse":"9","text":"But those who are determined to be rich fall into a temptation, a snare, and many foolish and harmful lusts, such as drown men in ruin and destruction."},{"verse":"10","text":"For the love of money is a root of all kinds of evil. Some have been led astray from the faith in their greed, and have pierced themselves through with many sorrows."},{"verse":"11","text":"But you, man of God, flee these things, and follow after righteousness, godliness, faith, love, perseverance, and gentleness."},{"verse":"12","text":"Fight the good fight of faith. Take hold of the eternal life to which you were called, and you confessed the good confession in the sight of many witnesses."},{"verse":"13","text":"I command you before God, who gives life to all things, and before Christ Yeshua, who before Pontius Pilate testified the good confession,"},{"verse":"14","text":"that you keep the commandment without spot, blameless, until the appearing of our Lord Yeshua Christ,"},{"verse":"15","text":"which in its own times he will show, who is the blessed and only Ruler, the King of kings, and Lord of lords."},{"verse":"16","text":"He alone has immortality, dwelling in unapproachable light, whom no man has seen, nor can see: to whom be honor and eternal power. Amen."},{"verse":"17","text":"Charge those who are rich in this present world that they not be arrogant, nor have their hope set on the uncertainty of riches, but on the living God, who richly provides us with everything to enjoy;"},{"verse":"18","text":"that they do good, that they be rich in good works, that they be ready to distribute, willing to share;"},{"verse":"19","text":"laying up in store for themselves a good foundation against the time to come, that they may lay hold of eternal life."},{"verse":"20","text":"Timothy, guard that which is committed to you, turning away from the empty chatter and oppositions of what is falsely called knowledge,"},{"verse":"21","text":"which some profess, and thus have wandered from the faith. Grace be with you. Amen."}]}],"book":"1 Timothy"}