{"chapters":[{"chapter":"1","verses":[{"verse":"1","text":"Paul, an apostle of Yeshua Christ through the will of God, according to the promise of the life which is in Christ Yeshua,"},{"verse":"2","text":"to Timothy, my beloved child: Grace, mercy, and peace, from God the Father and Christ Yeshua our Lord."},{"verse":"3","text":"I thank God, whom I serve as my forefathers did, with a pure conscience. How unceasing is my memory of you in my petitions, night and day"},{"verse":"4","text":"longing to see you, remembering your tears, that I may be filled with joy;"},{"verse":"5","text":"having been reminded of the sincere faith that is in you, which lived first in your grandmother Lois, and your mother Eunice, and, I am persuaded, in you also."},{"verse":"6","text":"For this cause, I remind you that you should stir up the gift of God which is in you through the laying on of my hands."},{"verse":"7","text":"For God didn’t give us a spirit of fear, but of power, love, and self-control."},{"verse":"8","text":"Therefore don’t be ashamed of the testimony of our Lord, nor of me his prisoner; but endure hardship for the Good News according to the power of God,"},{"verse":"9","text":"who saved us and called us with a holy calling, not according to our works, but according to his own purpose and grace, which was given to us in Christ Yeshua before times eternal,"},{"verse":"10","text":"but has now been revealed by the appearing of our Savior, Christ Yeshua, who abolished death, and brought life and immortality to light through the Good News."},{"verse":"11","text":"For this I was appointed as a preacher, an apostle, and a teacher of the Gentiles."},{"verse":"12","text":"For this cause I also suffer these things. Yet I am not ashamed, for I know him whom I have believed, and I am persuaded that he is able to guard that which I have committed to him against that day."},{"verse":"13","text":"Hold the pattern of sound words which you have heard from me, in faith and love which is in Christ Yeshua."},{"verse":"14","text":"That good thing which was committed to you, guard through the Holy Spirit who dwells in us."},{"verse":"15","text":"This you know, that all who are in Asia turned away from me, of whom are Phygelus and Hermogenes."},{"verse":"16","text":"May the Lord grant mercy to the house of Onesiphorus, for he often refreshed me, and was not ashamed of my chain,"},{"verse":"17","text":"but when he was in Rome, he sought me diligently and found me"},{"verse":"18","text":"(the Lord grant to him to find the Lord’s mercy in that day); and in how many things he served at Ephesus, you know very well."}]},{"chapter":"2","verses":[{"verse":"1","text":"You therefore, my child, be strengthened in the grace that is in Christ Yeshua."},{"verse":"2","text":"The things which you have heard from me among many witnesses, commit the same things to faithful men, who will be able to teach others also."},{"verse":"3","text":"You therefore must endure hardship as a good soldier of Christ Yeshua."},{"verse":"4","text":"No soldier on duty entangles himself in the affairs of life, that he may please him who enrolled him as a soldier."},{"verse":"5","text":"Also, if anyone competes in athletics, he isn’t crowned unless he has competed by the rules."},{"verse":"6","text":"The farmer who labors must be the first to get a share of the crops."},{"verse":"7","text":"Consider what I say, and may the Lord give you understanding in all things."},{"verse":"8","text":"Remember Yeshua Christ, risen from the dead, of the offspring of David, according to my Good News,"},{"verse":"9","text":"in which I suffer hardship to the point of chains as a criminal. But God’s word isn’t chained."},{"verse":"10","text":"Therefore I endure all things for the chosen ones’ sake, that they also may obtain the salvation which is in Christ Yeshua with eternal glory."},{"verse":"11","text":"This saying is trustworthy: “For if we died with him, we will also live with him."},{"verse":"12","text":"If we endure, we will also reign with him. If we deny him, he also will deny us."},{"verse":"13","text":"If we are faithless, he remains faithful; for he can’t deny himself.”"},{"verse":"14","text":"Remind them of these things, charging them in the sight of the Lord, that they don’t argue about words, to no profit, to the subverting of those who hear."},{"verse":"15","text":"Give diligence to present yourself approved by God, a workman who doesn’t need to be ashamed, properly handling the Word of Truth."},{"verse":"16","text":"But shun empty chatter, for it will go further in ungodliness,"},{"verse":"17","text":"and those words will consume like gangrene, of whom is Hymenaeus and Philetus:"},{"verse":"18","text":"men who have erred concerning the truth, saying that the resurrection is already past, and overthrowing the faith of some."},{"verse":"19","text":"However God’s firm foundation stands, having this seal, “The Lord knows those who are his,” and, “Let every one who names the name of the Lord depart from unrighteousness.”"},{"verse":"20","text":"Now in a large house there are not only vessels of gold and of silver, but also of wood and of clay. Some are for honor, and some for dishonor."},{"verse":"21","text":"If anyone therefore purges himself from these, he will be a vessel for honor, sanctified, and suitable for the master’s use, prepared for every good work."},{"verse":"22","text":"Flee from youthful lusts; but pursue righteousness, faith, love, and peace with those who call on the Lord out of a pure heart."},{"verse":"23","text":"But refuse foolish and ignorant questionings, knowing that they generate strife."},{"verse":"24","text":"The Lord’s servant must not quarrel, but be gentle toward all, able to teach, patient,"},{"verse":"25","text":"in gentleness correcting those who oppose him: perhaps God may give them repentance leading to a full knowledge of the truth,"},{"verse":"26","text":"and they may recover themselves out of the devil’s snare, having been taken captive by him to his will."}]},{"chapter":"3","verses":[{"verse":"1","text":"But know this: that in the last days, grievous times will come."},{"verse":"2","text":"For men will be lovers of self, lovers of money, boastful, arrogant, blasphemers, disobedient to parents, unthankful, unholy,"},{"verse":"3","text":"without natural affection, unforgiving, slanderers, without self-control, fierce, not lovers of good,"},{"verse":"4","text":"traitors, headstrong, conceited, lovers of pleasure rather than lovers of God,"},{"verse":"5","text":"holding a form of godliness, but having denied its power. Turn away from these, also."},{"verse":"6","text":"For some of these are people who creep into houses and take captive gullible women loaded down with sins, led away by various lusts,"},{"verse":"7","text":"always learning, and never able to come to the knowledge of the truth."},{"verse":"8","text":"Even as Jannes and Jambres opposed Moses, so these also oppose the truth, men corrupted in mind, who concerning the faith are rejected."},{"verse":"9","text":"But they will proceed no further. For their folly will be evident to all men, as theirs also came to be."},{"verse":"10","text":"But you followed my teaching, conduct, purpose, faith, patience, love, steadfastness,"},{"verse":"11","text":"persecutions, and sufferings: those things that happened to me at Antioch, Iconium, and Lystra. I endured those persecutions. The Lord delivered me out of them all."},{"verse":"12","text":"Yes, and all who desire to live godly in Christ Yeshua will suffer persecution."},{"verse":"13","text":"But evil men and impostors will grow worse and worse, deceiving and being deceived."},{"verse":"14","text":"But you remain in the things which you have learned and have been assured of, knowing from whom you have learned them."},{"verse":"15","text":"From infancy, you have known the holy Scriptures which are able to make you wise for salvation through faith, which is in Christ Yeshua."},{"verse":"16","text":"Every Scripture is God-breathed and profitable for teaching, for reproof, for correction, and for instruction in righteousness,"},{"verse":"17","text":"that each person who belongs to God may be complete, thoroughly equipped for every good work."}]},{"chapter":"4","verses":[{"verse":"1","text":"I command you therefore before God and the Lord Yeshua Christ, who will judge the living and the dead at his appearing and his Kingdom:"},{"verse":"2","text":"preach the word; be urgent in season and out of season; reprove, rebuke, and exhort with all patience and teaching."},{"verse":"3","text":"For the time will come when they will not listen to the sound doctrine, but having itching ears, will heap up for themselves teachers after their own lusts,"},{"verse":"4","text":"and will turn away their ears from the truth, and turn away to fables."},{"verse":"5","text":"But you be sober in all things, suffer hardship, do the work of an evangelist, and fulfill your ministry."},{"verse":"6","text":"For I am already being offered, and the time of my departure has come."},{"verse":"7","text":"I have fought the good fight. I have finished the course. I have kept the faith."},{"verse":"8","text":"From now on, the crown of righteousness is stored up for me, which the Lord, the righteous judge, will give to me on that day; and not to me only, but also to all those who have loved his appearing."},{"verse":"9","text":"Be diligent to come to me soon,"},{"verse":"10","text":"for Demas left me, having loved this present world, and went to Thessalonica; Crescens to Galatia; and Titus to Dalmatia."},{"verse":"11","text":"Only Luke is with me. Take Mark, and bring him with you, for he is useful to me for service."},{"verse":"12","text":"But I sent Tychicus to Ephesus."},{"verse":"13","text":"Bring the cloak that I left at Troas with Carpus when you come, and the books, especially the parchments."},{"verse":"14","text":"Alexander, the coppersmith, did much evil to me. The Lord will repay him according to his deeds,"},{"verse":"15","text":"of whom you also must beware; for he greatly opposed our words."},{"verse":"16","text":"At my first defense, no one came to help me, but all left me. May it not be held against them."},{"verse":"17","text":"But the Lord stood by me and strengthened me, that through me the message might be fully proclaimed, and that all the Gentiles might hear. So I was delivered out of the mouth of the lion."},{"verse":"18","text":"And the Lord will deliver me from every evil work, and will preserve me for his heavenly Kingdom. To him be the glory forever and ever. Amen."},{"verse":"19","text":"Greet Prisca and Aquila, and the house of Onesiphorus."},{"verse":"20","text":"Erastus remained at Corinth, but I left Trophimus at Miletus sick."},{"verse":"21","text":"Be diligent to come before winter. Eubulus salutes you, as do Pudens, Linus, Claudia, and all the brothers."},{"verse":"22","text":"The Lord Yeshua Christ be with your spirit. Grace be with you. Amen."}]}],"book":"2 Timothy"}