{"chapters":[{"chapter":"1","verses":[{"verse":"1","text":"The words of Amos, who was among the herdsmen of Tekoa, which he saw concerning Israel in the days of Uzziah king of Judah, and in the days of Jeroboam the son of Joash king of Israel, two years before the earthquake."},{"verse":"2","text":"He said: “Yehovah will roar from Zion, and utter his voice from Jerusalem; and the pastures of the shepherds will mourn, and the top of Carmel will wither.”"},{"verse":"3","text":"Yehovah says: “For three transgressions of Damascus, yes, for four, I will not turn away its punishment; because they have threshed Gilead with threshing instruments of iron;"},{"verse":"4","text":"but I will send a fire into the house of Hazael, and it will devour the palaces of Ben Hadad."},{"verse":"5","text":"I will break the bar of Damascus, and cut off the inhabitant from the valley of Aven, and him who holds the scepter from the house of Eden; and the people of Syria shall go into captivity to Kir,” says Yehovah."},{"verse":"6","text":"Yehovah says: “For three transgressions of Gaza, yes, for four, I will not turn away its punishment; because they carried away captive the whole community, to deliver them up to Edom;"},{"verse":"7","text":"but I will send a fire on the wall of Gaza, and it will devour its palaces."},{"verse":"8","text":"I will cut off the inhabitant from Ashdod, and him who holds the scepter from Ashkelon; and I will turn my hand against Ekron; and the remnant of the Philistines will perish,” says the Lord Yahweh."},{"verse":"9","text":"Yehovah says: “For three transgressions of Tyre, yes, for four, I will not turn away its punishment; because they delivered up the whole community to Edom, and didn’t remember the brotherly covenant;"},{"verse":"10","text":"but I will send a fire on the wall of Tyre, and it will devour its palaces.”"},{"verse":"11","text":"Yehovah says: “For three transgressions of Edom, yes, for four, I will not turn away its punishment; because he pursued his brother with the sword, and cast off all pity, and his anger raged continually, and he kept his wrath forever;"},{"verse":"12","text":"but I will send a fire on Teman, and it will devour the palaces of Bozrah.”"},{"verse":"13","text":"Yehovah says: “For three transgressions of the children of Ammon, yes, for four, I will not turn away its punishment; because they have ripped open the pregnant women of Gilead, that they may enlarge their border."},{"verse":"14","text":"But I will kindle a fire in the wall of Rabbah, and it will devour its palaces, with shouting in the day of battle, with a storm in the day of the whirlwind;"},{"verse":"15","text":"and their king will go into captivity, he and his princes together,” says Yehovah."}]},{"chapter":"2","verses":[{"verse":"1","text":"Yehovah says: “For three transgressions of Moab, yes, for four, I will not turn away its punishment; because he burned the bones of the king of Edom into lime;"},{"verse":"2","text":"but I will send a fire on Moab, and it will devour the palaces of Kerioth; and Moab will die with tumult, with shouting, and with the sound of the trumpet;"},{"verse":"3","text":"and I will cut off the judge from among them, and will kill all its princes with him,” says Yehovah."},{"verse":"4","text":"Yehovah says: “For three transgressions of Judah, yes, for four, I will not turn away its punishment; because they have rejected Yehovah’s law, and have not kept his statutes, and their lies have led them astray, after which their fathers walked;"},{"verse":"5","text":"but I will send a fire on Judah, and it will devour the palaces of Jerusalem.”"},{"verse":"6","text":"Yehovah says: “For three transgressions of Israel, yes, for four, I will not turn away its punishment; because they have sold the righteous for silver, and the needy for a pair of sandals;"},{"verse":"7","text":"They trample on the dust of the earth on the head of the poor, and deny justice to the oppressed; and a man and his father use the same maiden, to profane my holy name;"},{"verse":"8","text":"and they lay themselves down beside every altar on clothes taken in pledge; and in the house of their God they drink the wine of those who have been fined."},{"verse":"9","text":"Yet I destroyed the Amorite before them, whose height was like the height of the cedars, and he was strong as the oaks; yet I destroyed his fruit from above, and his roots from beneath."},{"verse":"10","text":"Also I brought you up out of the land of Egypt, and led you forty years in the wilderness, to possess the land of the Amorite."},{"verse":"11","text":"I raised up some of your sons for prophets, and some of your young men for Nazirites. Isn’t this true, you children of Israel?” says Yehovah."},{"verse":"12","text":"“But you gave the Nazirites wine to drink, and commanded the prophets, saying, ‘Don’t prophesy!’"},{"verse":"13","text":"Behold, I will crush you in your place, as a cart crushes that is full of grain."},{"verse":"14","text":"Flight will perish from the swift; and the strong won’t strengthen his force; neither shall the mighty deliver himself;"},{"verse":"15","text":"neither shall he stand who handles the bow; and he who is swift of foot won’t escape; neither shall he who rides the horse deliver himself;"},{"verse":"16","text":"and he who is courageous among the mighty will flee away naked on that day,” says Yehovah."}]},{"chapter":"3","verses":[{"verse":"1","text":"Hear this word that Yehovah has spoken against you, children of Israel, against the whole family which I brought up out of the land of Egypt, saying:"},{"verse":"2","text":"“I have only chosen you of all the families of the earth. Therefore I will punish you for all of your sins.”"},{"verse":"3","text":"Do two walk together, unless they have agreed?"},{"verse":"4","text":"Will a lion roar in the thicket, when he has no prey? Does a young lion cry out of his den, if he has caught nothing?"},{"verse":"5","text":"Can a bird fall in a trap on the earth, where no snare is set for him? Does a snare spring up from the ground, when there is nothing to catch?"},{"verse":"6","text":"Does the trumpet alarm sound in a city, without the people being afraid? Does evil happen to a city, and Yehovah hasn’t done it?"},{"verse":"7","text":"Surely the Lord Yahweh will do nothing, unless he reveals his secret to his servants the prophets."},{"verse":"8","text":"The lion has roared. Who will not fear? The Lord Yahweh has spoken. Who can but prophesy?"},{"verse":"9","text":"Proclaim in the palaces at Ashdod, and in the palaces in the land of Egypt, and say, “Assemble yourselves on the mountains of Samaria, and see what unrest is in her, and what oppression is among them.”"},{"verse":"10","text":"“Indeed they don’t know to do right,” says Yehovah, “Who hoard plunder and loot in their palaces.”"},{"verse":"11","text":"Therefore the Lord Yahweh says: “An adversary will overrun the land; and he will pull down your strongholds, and your fortresses will be plundered.”"},{"verse":"12","text":"Yehovah says: “As the shepherd rescues out of the mouth of the lion two legs, or a piece of an ear, so shall the children of Israel be rescued who sit in Samaria on the corner of a couch, and on the silken cushions of a bed.”"},{"verse":"13","text":"“Listen, and testify against the house of Jacob,” says the Lord Yahweh, the Yehovah of Armies."},{"verse":"14","text":"“For in the day that I visit the transgressions of Israel on him, I will also visit the altars of Bethel; and the horns of the altar will be cut off, and fall to the ground."},{"verse":"15","text":"I will strike the winter house with the summer house; and the houses of ivory will perish, and the great houses will have an end,” says Yehovah."}]},{"chapter":"4","verses":[{"verse":"1","text":"Listen to this word, you cows of Bashan, who are on the mountain of Samaria, who oppress the poor, who crush the needy, who tell their husbands, “Bring us drinks!”"},{"verse":"2","text":"The Lord Yahweh has sworn by his holiness that behold, “The days shall come on you that they will take you away with hooks, and the last of you with fish hooks."},{"verse":"3","text":"You will go out at the breaks in the wall, everyone straight before her; and you will cast yourselves into Harmon,” says Yehovah."},{"verse":"4","text":"“Go to Bethel, and sin; to Gilgal, and sin more. Bring your sacrifices every morning, your tithes every three days,"},{"verse":"5","text":"offer a sacrifice of thanksgiving of that which is leavened, and proclaim free will offerings and brag about them: for this pleases you, you children of Israel,” says the Lord Yahweh."},{"verse":"6","text":"“I also have given you cleanness of teeth in all your cities, and lack of bread in every town; yet you haven’t returned to me,” says Yehovah."},{"verse":"7","text":"“I also have withheld the rain from you, when there were yet three months to the harvest; and I caused it to rain on one city, and caused it not to rain on another city. One place was rained on, and the piece where it didn’t rain withered."},{"verse":"8","text":"So two or three cities staggered to one city to drink water, and were not satisfied: yet you haven’t returned to me,” says Yehovah."},{"verse":"9","text":"“I struck you with blight and mildew many times in your gardens and your vineyards; and the swarming locusts have devoured your fig trees and your olive trees; yet you haven’t returned to me,” says Yehovah."},{"verse":"10","text":"“I sent plagues among you like I did Egypt. I have slain your young men with the sword, and have carried away your horses; and I filled your nostrils with the stench of your camp, yet you haven’t returned to me,” says Yehovah."},{"verse":"11","text":"“I have overthrown some of you, as when God overthrew Sodom and Gomorrah, and you were like a burning stick plucked out of the fire; yet you haven’t returned to me,” says Yehovah."},{"verse":"12","text":"“Therefore thus I will do to you, Israel; because I will do this to you, prepare to meet your God, Israel."},{"verse":"13","text":"For, behold, he who forms the mountains, and creates the wind, and declares to man what is his thought; who makes the morning darkness, and treads on the high places of the earth: Yehovah, the God of Armies, is his name.”"}]},{"chapter":"5","verses":[{"verse":"1","text":"Listen to this word which I take up for a lamentation over you, O house of Israel."},{"verse":"2","text":"“The virgin of Israel has fallen; She shall rise no more. She is cast down on her land; there is no one to raise her up.”"},{"verse":"3","text":"For the Lord Yahweh says: “The city that went out a thousand shall have a hundred left, and that which went out one hundred shall have ten left to the house of Israel.”"},{"verse":"4","text":"For Yehovah says to the house of Israel: “Seek me, and you will live;"},{"verse":"5","text":"but don’t seek Bethel, nor enter into Gilgal, and don’t pass to Beersheba: for Gilgal shall surely go into captivity, and Bethel shall come to nothing."},{"verse":"6","text":"Seek Yehovah, and you will live; lest he break out like fire in the house of Joseph, and it devour, and there be no one to quench it in Bethel."},{"verse":"7","text":"You who turn justice to wormwood, and cast down righteousness to the earth:"},{"verse":"8","text":"seek him who made the Pleiades and Orion, and turns the shadow of death into the morning, and makes the day dark with night; who calls for the waters of the sea, and pours them out on the surface of the earth, Yehovah is his name,"},{"verse":"9","text":"who brings sudden destruction on the strong, so that destruction comes on the fortress."},{"verse":"10","text":"They hate him who reproves in the gate, and they abhor him who speaks blamelessly."},{"verse":"11","text":"Therefore, because you trample on the poor, and take taxes from him of wheat: You have built houses of cut stone, but you will not dwell in them. You have planted pleasant vineyards, but you shall not drink their wine."},{"verse":"12","text":"For I know how many your offenses, and how great are your sins— you who afflict the just, who take a bribe, and who turn away the needy in the courts."},{"verse":"13","text":"Therefore a prudent person keeps silent in such a time, for it is an evil time."},{"verse":"14","text":"Seek good, and not evil, that you may live; and so Yehovah, the God of Armies, will be with you, as you say."},{"verse":"15","text":"Hate evil, love good, and establish justice in the courts. It may be that Yehovah, the God of Armies, will be gracious to the remnant of Joseph.”"},{"verse":"16","text":"Therefore Yehovah, the God of Armies, Yehovah, says: “Wailing will be in all the wide ways; and they will say in all the streets, ‘Alas! Alas!’ and they will call the farmer to mourning, and those who are skillful in lamentation to wailing."},{"verse":"17","text":"In all vineyards there will be wailing; for I will pass through the middle of you,” says Yehovah."},{"verse":"18","text":"“Woe to you who desire the day of Yehovah! Why do you long for the day of Yehovah? It is darkness, and not light."},{"verse":"19","text":"As if a man fled from a lion, and a bear met him; Or he went into the house and leaned his hand on the wall, and a snake bit him."},{"verse":"20","text":"Won’t the day of Yehovah be darkness, and not light? Even very dark, and no brightness in it?"},{"verse":"21","text":"I hate, I despise your feasts, and I can’t stand your solemn assemblies."},{"verse":"22","text":"Yes, though you offer me your burnt offerings and meal offerings, I will not accept them; neither will I regard the peace offerings of your fat animals."},{"verse":"23","text":"Take away from me the noise of your songs! I will not listen to the music of your harps."},{"verse":"24","text":"But let justice roll on like rivers, and righteousness like a mighty stream."},{"verse":"25","text":"“Did you bring to me sacrifices and offerings in the wilderness forty years, house of Israel?"},{"verse":"26","text":"You also carried the tent of your king and the shrine of your images, the star of your god, which you made for yourselves."},{"verse":"27","text":"Therefore I will cause you to go into captivity beyond Damascus,” says Yehovah, whose name is the God of Armies."}]},{"chapter":"6","verses":[{"verse":"1","text":"Woe to those who are at ease in Zion, and to those who are secure on the mountain of Samaria, the notable men of the chief of the nations, to whom the house of Israel come!"},{"verse":"2","text":"Go to Calneh, and see; and from there go to Hamath the great; then go down to Gath of the Philistines. are they better than these kingdoms? or is their border greater than your border?"},{"verse":"3","text":"Those who put far away the evil day, and cause the seat of violence to come near;"},{"verse":"4","text":"Who lie on beds of ivory, and stretch themselves on their couches, and eat the lambs out of the flock, and the calves out of the middle of the stall;"},{"verse":"5","text":"who strum on the strings of a harp; who invent for themselves instruments of music, like David;"},{"verse":"6","text":"who drink wine in bowls, and anoint themselves with the best oils; but they are not grieved for the affliction of Joseph."},{"verse":"7","text":"Therefore they will now go captive with the first who go captive; and the feasting and lounging will end."},{"verse":"8","text":"“The Lord Yehovah has sworn by himself,” says Yehovah, the Yehovah of Armies: “I abhor the pride of Jacob, and detest his fortresses. Therefore I will deliver up the city with all that is in it."},{"verse":"9","text":"It will happen, if there remain ten men in one house, that they shall die."},{"verse":"10","text":"“When a man’s relative carries him, even he who burns him, to bring bodies out of the house, and asks him who is in the innermost parts of the house, ‘Is there yet any with you?’ And he says, ‘No;’ then he will say, ‘Hush! Indeed we must not mention Yehovah’s name.’"},{"verse":"11","text":"“For, behold, Yehovah commands, and the great house will be smashed to pieces, and the little house into bits."},{"verse":"12","text":"Do horses run on the rocky crags? Does one plow there with oxen? But you have turned justice into poison, and the fruit of righteousness into bitterness;"},{"verse":"13","text":"you who rejoice in a thing of nothing, who say, ‘Haven’t we taken for ourselves horns by our own strength?’"},{"verse":"14","text":"For, behold, I will raise up against you a nation, house of Israel,” says Yehovah, the God of Armies; “and they will afflict you from the entrance of Hamath to the brook of the Arabah.”"}]},{"chapter":"7","verses":[{"verse":"1","text":"Thus the Lord Yahweh showed me: and behold, he formed locusts in the beginning of the shooting up of the latter growth; and behold, it was the latter growth after the king’s harvest."},{"verse":"2","text":"When they finished eating the grass of the land, then I said, “Lord Yahweh, forgive, I beg you! How could Jacob stand? For he is small.”"},{"verse":"3","text":"Yehovah relented concerning this. “It shall not be,” says Yehovah."},{"verse":"4","text":"Thus the Lord Yahweh showed me and behold, the Lord Yahweh called for judgment by fire; and it dried up the great deep, and would have devoured the land."},{"verse":"5","text":"Then I said, “Lord Yahweh, stop, I beg you! How could Jacob stand? For he is small.”"},{"verse":"6","text":"Yehovah relented concerning this. “This also shall not be,” says Yehovah Yehovah."},{"verse":"7","text":"Thus he showed me and behold, Yehovah stood beside a wall made by a plumb line, with a plumb line in his hand."},{"verse":"8","text":"Yehovah said to me, “Amos, what do you see?” I said, “A plumb line.” Then Yehovah said, “Behold, I will set a plumb line in the middle of my people Israel. I will not again pass by them any more."},{"verse":"9","text":"The high places of Isaac will be desolate, the sanctuaries of Israel will be laid waste; and I will rise against the house of Jeroboam with the sword.”"},{"verse":"10","text":"Then Amaziah the priest of Bethel sent to Jeroboam king of Israel, saying, “Amos has conspired against you in the middle of the house of Israel. The land is not able to bear all his words."},{"verse":"11","text":"For Amos says, ‘Jeroboam will die by the sword, and Israel shall surely be led away captive out of his land.’ ”"},{"verse":"12","text":"Amaziah also said to Amos, “You seer, go, flee away into the land of Judah, and there eat bread, and prophesy there:"},{"verse":"13","text":"but don’t prophesy again any more at Bethel; for it is the king’s sanctuary, and it is a royal house!”"},{"verse":"14","text":"Then Amos answered Amaziah, “I was no prophet, neither was I a prophet’s son; but I was a herdsman, and a farmer of sycamore figs;"},{"verse":"15","text":"and Yehovah took me from following the flock, and Yehovah said to me, ‘Go, prophesy to my people Israel.’"},{"verse":"16","text":"Now therefore listen to Yehovah’s word: ‘You say, Don’t prophesy against Israel, and don’t preach against the house of Isaac.’"},{"verse":"17","text":"Therefore Yehovah says: ‘Your wife shall be a prostitute in the city, and your sons and your daughters shall fall by the sword, and your land shall be divided by line; and you yourself shall die in a land that is unclean, and Israel shall surely be led away captive out of his land.’ ”"}]},{"chapter":"8","verses":[{"verse":"1","text":"Thus the Lord Yahweh showed me: behold, a basket of summer fruit."},{"verse":"2","text":"He said, “Amos, what do you see?” I said, “A basket of summer fruit.” Then Yehovah said to me, “The end has come on my people Israel. I will not again pass by them any more."},{"verse":"3","text":"The songs of the temple will be wailing in that day,” says the Lord Yahweh. “The dead bodies will be many. In every place they will throw them out with silence."},{"verse":"4","text":"Hear this, you who desire to swallow up the needy, and cause the poor of the land to fail,"},{"verse":"5","text":"Saying, ‘When will the new moon be gone, that we may sell grain? And the Sabbath, that we may market wheat, making the ephah small, and the shekel large, and dealing falsely with balances of deceit;"},{"verse":"6","text":"that we may buy the poor for silver, and the needy for a pair of sandals, and sell the sweepings with the wheat?’ ”"},{"verse":"7","text":"Yehovah has sworn by the pride of Jacob, “Surely I will never forget any of their works."},{"verse":"8","text":"Won’t the land tremble for this, and everyone mourn who dwells in it? Yes, it will rise up wholly like the River; and it will be stirred up and sink again, like the River of Egypt."},{"verse":"9","text":"It will happen in that day,” says the Lord Yahweh, “that I will cause the sun to go down at noon, and I will darken the earth in the clear day."},{"verse":"10","text":"I will turn your feasts into mourning, and all your songs into lamentation; and I will make you wear sackcloth on all your bodies, and baldness on every head. I will make it like the mourning for an only son, and its end like a bitter day."},{"verse":"11","text":"Behold, the days come,” says Yehovah Yehovah, “that I will send a famine in the land, not a famine of bread, nor a thirst for water, but of hearing Yehovah’s words."},{"verse":"12","text":"They will wander from sea to sea, and from the north even to the east; they will run back and forth to seek Yehovah’s word, and will not find it."},{"verse":"13","text":"In that day the beautiful virgins and the young men will faint for thirst."},{"verse":"14","text":"Those who swear by the sin of Samaria, and say, ‘As your god, Dan, lives;’ and, ‘As the way of Beersheba lives;’ they will fall, and never rise up again.”"}]},{"chapter":"9","verses":[{"verse":"1","text":"I saw Yehovah standing beside the altar, and he said, “Strike the tops of the pillars, that the thresholds may shake; and break them in pieces on the head of all of them; and I will kill the last of them with the sword: there shall not one of them flee away, and there shall not one of them escape."},{"verse":"2","text":"Though they dig into Sheol, there my hand will take them; and though they climb up to heaven, there I will bring them down."},{"verse":"3","text":"Though they hide themselves in the top of Carmel, I will search and take them out there; and though they be hidden from my sight in the bottom of the sea, there I will command the serpent, and it will bite them."},{"verse":"4","text":"Though they go into captivity before their enemies, there I will command the sword, and it will kill them. I will set my eyes on them for evil, and not for good."},{"verse":"5","text":"For the Lord, Yahweh of Armies, is he who touches the land and it melts, and all who dwell in it will mourn; and it will rise up wholly like the River, and will sink again, like the River of Egypt."},{"verse":"6","text":"It is he who builds his rooms in the heavens, and has founded his vault on the earth; he who calls for the waters of the sea, and pours them out on the surface of the earth; Yehovah is his name."},{"verse":"7","text":"Are you not like the children of the Ethiopians to me, children of Israel?” says Yehovah. “Haven’t I brought up Israel out of the land of Egypt, and the Philistines from Caphtor, and the Syrians from Kir?"},{"verse":"8","text":"Behold, the eyes of Yehovah Yehovah are on the sinful kingdom, and I will destroy it from off the surface of the earth; except that I will not utterly destroy the house of Jacob,” says Yehovah."},{"verse":"9","text":"“For, behold, I will command, and I will sift the house of Israel among all the nations, as grain is sifted in a sieve, yet not the least kernel will fall on the earth."},{"verse":"10","text":"All the sinners of my people will die by the sword, who say, ‘Evil won’t overtake nor meet us.’"},{"verse":"11","text":"In that day I will raise up the tent of David who is fallen, and close up its breaches, and I will raise up its ruins, and I will build it as in the days of old;"},{"verse":"12","text":"that they may possess the remnant of Edom, and all the nations who are called by my name,” says Yehovah who does this."},{"verse":"13","text":"“Behold, the days come,” says Yehovah, “that the plowman shall overtake the reaper, and the one treading grapes him who sows seed; and sweet wine will drip from the mountains, and flow from the hills."},{"verse":"14","text":"I will bring my people Israel back from captivity, and they will rebuild the ruined cities, and inhabit them; and they will plant vineyards, and drink wine from them. They shall also make gardens, and eat their fruit."},{"verse":"15","text":"I will plant them on their land, and they will no more be plucked up out of their land which I have given them,” says Yehovah your God."}]}],"book":"Amos"}