{"chapters":[{"chapter":"1","verses":[{"verse":"1","text":"Now in the first year of Cyrus king of Persia, that Yehovah’s word by Jeremiah’s mouth might be accomplished, Yehovah stirred up the spirit of Cyrus king of Persia, so that he made a proclamation throughout all his kingdom, and put it also in writing, saying,"},{"verse":"2","text":"“Cyrus king of Persia says, ‘Yehovah, the God of heaven, has given me all the kingdoms of the earth; and he has commanded me to build him a house in Jerusalem, which is in Judah."},{"verse":"3","text":"Whoever there is among you of all his people, may his God be with him, and let him go up to Jerusalem, which is in Judah, and build the house of Yehovah, the God of Israel (he is God), which is in Jerusalem."},{"verse":"4","text":"Whoever is left, in any place where he lives, let the men of his place help him with silver, with gold, with goods, and with animals, in addition to the free will offering for God’s house which is in Jerusalem.’ ”"},{"verse":"5","text":"Then the heads of fathers’ households of Judah and Benjamin, the priests, and the Levites, all whose spirit God had stirred to go up rose up to build Yehovah’s house which is in Jerusalem."},{"verse":"6","text":"All those who were around them strengthened their hands with vessels of silver, with gold, with goods, with animals, and with precious things, in addition to all that was willingly offered."},{"verse":"7","text":"Also Cyrus the king brought out the vessels of Yehovah’s house, which Nebuchadnezzar had brought out of Jerusalem, and had put in the house of his gods;"},{"verse":"8","text":"even those, Cyrus king of Persia brought out by the hand of Mithredath the treasurer, and counted them out to Sheshbazzar, the prince of Judah."},{"verse":"9","text":"This is the number of them: thirty platters of gold, one thousand platters of silver, twenty-nine knives,"},{"verse":"10","text":"thirty bowls of gold, four hundred ten silver bowls of a second sort, and one thousand other vessels."},{"verse":"11","text":"All the vessels of gold and of silver were five thousand four hundred. Sheshbazzar brought all these up when the captives were brought up from Babylon to Jerusalem."}]},{"chapter":"2","verses":[{"verse":"1","text":"Now these are the children of the province, who went up out of the captivity of those who had been carried away, whom Nebuchadnezzar the king of Babylon had carried away to Babylon, and who returned to Jerusalem and Judah, everyone to his city;"},{"verse":"2","text":"who came with Zerubbabel, Jeshua, Nehemiah, Seraiah, Reelaiah, Mordecai, Bilshan, Mispar, Bigvai, Rehum, and Baanah. The number of the men of the people of Israel:"},{"verse":"3","text":"The children of Parosh, two thousand one hundred seventy-two."},{"verse":"4","text":"The children of Shephatiah, three hundred seventy-two."},{"verse":"5","text":"The children of Arah, seven hundred seventy-five."},{"verse":"6","text":"The children of Pahathmoab, of the children of Jeshua and Joab, two thousand eight hundred twelve."},{"verse":"7","text":"The children of Elam, one thousand two hundred fifty-four."},{"verse":"8","text":"The children of Zattu, nine hundred forty-five."},{"verse":"9","text":"The children of Zaccai, seven hundred sixty."},{"verse":"10","text":"The children of Bani, six hundred forty-two."},{"verse":"11","text":"The children of Bebai, six hundred twenty-three."},{"verse":"12","text":"The children of Azgad, one thousand two hundred twenty-two."},{"verse":"13","text":"The children of Adonikam, six hundred sixty-six."},{"verse":"14","text":"The children of Bigvai, two thousand fifty-six."},{"verse":"15","text":"The children of Adin, four hundred fifty-four."},{"verse":"16","text":"The children of Ater, of Hezekiah, ninety-eight."},{"verse":"17","text":"The children of Bezai, three hundred twenty-three."},{"verse":"18","text":"The children of Jorah, one hundred twelve."},{"verse":"19","text":"The children of Hashum, two hundred twenty-three."},{"verse":"20","text":"The children of Gibbar, ninety-five."},{"verse":"21","text":"The children of Bethlehem, one hundred twenty-three."},{"verse":"22","text":"The men of Netophah, fifty-six."},{"verse":"23","text":"The men of Anathoth, one hundred twenty-eight."},{"verse":"24","text":"The children of Azmaveth, forty-two."},{"verse":"25","text":"The children of Kiriath Arim, Chephirah, and Beeroth, seven hundred forty-three."},{"verse":"26","text":"The children of Ramah and Geba, six hundred twenty-one."},{"verse":"27","text":"The men of Michmas, one hundred twenty-two."},{"verse":"28","text":"The men of Bethel and Ai, two hundred twenty-three."},{"verse":"29","text":"The children of Nebo, fifty-two."},{"verse":"30","text":"The children of Magbish, one hundred fifty-six."},{"verse":"31","text":"The children of the other Elam, one thousand two hundred fifty-four."},{"verse":"32","text":"The children of Harim, three hundred twenty."},{"verse":"33","text":"The children of Lod, Hadid, and Ono, seven hundred twenty-five."},{"verse":"34","text":"The children of Jericho, three hundred forty-five."},{"verse":"35","text":"The children of Senaah, three thousand six hundred thirty."},{"verse":"36","text":"The priests: the children of Jedaiah, of the house of Jeshua, nine hundred seventy-three."},{"verse":"37","text":"The children of Immer, one thousand fifty-two."},{"verse":"38","text":"The children of Pashhur, one thousand two hundred forty-seven."},{"verse":"39","text":"The children of Harim, one thousand seventeen."},{"verse":"40","text":"The Levites: the children of Jeshua and Kadmiel, of the children of Hodaviah, seventy-four."},{"verse":"41","text":"The singers: the children of Asaph, one hundred twenty-eight."},{"verse":"42","text":"The children of the gatekeepers: the children of Shallum, the children of Ater, the children of Talmon, the children of Akkub, the children of Hatita, the children of Shobai, in all one hundred thirty-nine."},{"verse":"43","text":"The temple servants: the children of Ziha, the children of Hasupha, the children of Tabbaoth,"},{"verse":"44","text":"the children of Keros, the children of Siaha, the children of Padon,"},{"verse":"45","text":"the children of Lebanah, the children of Hagabah, the children of Akkub,"},{"verse":"46","text":"the children of Hagab, the children of Shamlai, the children of Hanan,"},{"verse":"47","text":"the children of Giddel, the children of Gahar, the children of Reaiah,"},{"verse":"48","text":"the children of Rezin, the children of Nekoda, the children of Gazzam,"},{"verse":"49","text":"the children of Uzza, the children of Paseah, the children of Besai,"},{"verse":"50","text":"the children of Asnah, the children of Meunim, the children of Nephisim,"},{"verse":"51","text":"the children of Bakbuk, the children of Hakupha, the children of Harhur,"},{"verse":"52","text":"the children of Bazluth, the children of Mehida, the children of Harsha,"},{"verse":"53","text":"the children of Barkos, the children of Sisera, the children of Temah,"},{"verse":"54","text":"the children of Neziah, the children of Hatipha."},{"verse":"55","text":"The children of Solomon’s servants: the children of Sotai, the children of Hassophereth, the children of Peruda,"},{"verse":"56","text":"the children of Jaalah, the children of Darkon, the children of Giddel,"},{"verse":"57","text":"the children of Shephatiah, the children of Hattil, the children of Pochereth Hazzebaim, the children of Ami."},{"verse":"58","text":"All the temple servants, and the children of Solomon’s servants, were three hundred ninety-two."},{"verse":"59","text":"These were those who went up from Tel Melah, Tel Harsha, Cherub, Addan, and Immer; but they could not show their fathers’ houses, and their offspring, whether they were of Israel:"},{"verse":"60","text":"the children of Delaiah, the children of Tobiah, the children of Nekoda, six hundred fifty-two."},{"verse":"61","text":"Of the children of the priests: the children of Habaiah, the children of Hakkoz, and the children of Barzillai, who took a wife of the daughters of Barzillai the Gileadite, and was called after their name."},{"verse":"62","text":"These sought their place among those who were registered by genealogy, but they were not found: therefore were they deemed disqualified and removed from the priesthood."},{"verse":"63","text":"The governor told them that they should not eat of the most holy things until a priest stood up to serve with Urim and with Thummim."},{"verse":"64","text":"The whole assembly together was forty-two thousand three hundred sixty,"},{"verse":"65","text":"in addition to their male servants and their female servants, of whom there were seven thousand three hundred thirty-seven; and they had two hundred singing men and singing women."},{"verse":"66","text":"Their horses were seven hundred thirty-six; their mules, two hundred forty-five;"},{"verse":"67","text":"their camels, four hundred thirty-five; their donkeys, six thousand seven hundred twenty."},{"verse":"68","text":"Some of the heads of fathers’ households, when they came to Yehovah’s house which is in Jerusalem, offered willingly for God’s house to set it up in its place."},{"verse":"69","text":"They gave according to their ability into the treasury of the work sixty-one thousand darics of gold, and five thousand minas of silver, and one hundred priests’ garments."},{"verse":"70","text":"So the priests and the Levites, with some of the people, the singers, the gatekeepers, and the temple servants, lived in their cities, and all Israel in their cities."}]},{"chapter":"3","verses":[{"verse":"1","text":"When the seventh month had come, and the children of Israel were in the cities, the people gathered themselves together as one man to Jerusalem."},{"verse":"2","text":"Then Jeshua the son of Jozadak stood up with his brothers the priests, and Zerubbabel the son of Shealtiel and his brothers, and built the altar of the God of Israel, to offer burnt offerings on it, as it is written in the law of Moses the man of God."},{"verse":"3","text":"In spite of their fear because of the peoples of the surrounding lands, they set the altar on its base; and they offered burnt offerings on it to Yehovah, even burnt offerings morning and evening."},{"verse":"4","text":"They kept the feast of booths, as it is written, and offered the daily burnt offerings by number, according to the ordinance, as the duty of every day required;"},{"verse":"5","text":"and afterward the continual burnt offering, the offerings of the new moons, of all the set feasts of Yehovah that were consecrated, and of everyone who willingly offered a free will offering to Yehovah."},{"verse":"6","text":"From the first day of the seventh month, they began to offer burnt offerings to Yehovah; but the foundation of Yehovah’s temple was not yet laid."},{"verse":"7","text":"They also gave money to the masons, and to the carpenters. They also gave food, drink, and oil to the people of Sidon and Tyre, to bring cedar trees from Lebanon to the sea, to Joppa, according to the grant that they had from Cyrus King of Persia."},{"verse":"8","text":"Now in the second year of their coming to God’s house at Jerusalem, in the second month, Zerubbabel the son of Shealtiel, and Jeshua the son of Jozadak, and the rest of their brothers the priests and the Levites, and all those who had come out of the captivity to Jerusalem, began the work and appointed the Levites, from twenty years old and upward, to have the oversight of the work of Yehovah’s house."},{"verse":"9","text":"Then Jeshua stood with his sons and his brothers, Kadmiel and his sons, the sons of Judah, together, to have the oversight of the workmen in God’s house: the sons of Henadad, with their sons and their brothers the Levites."},{"verse":"10","text":"When the builders laid the foundation of Yehovah’s temple, they set the priests in their clothing with trumpets, with the Levites the sons of Asaph with cymbals, to praise Yehovah, according to the directions of David king of Israel."},{"verse":"11","text":"They sang to one another in praising and giving thanks to Yehovah, “For he is good, for his loving kindness endures forever toward Israel.” All the people shouted with a great shout, when they praised Yehovah, because the foundation of Yehovah’s house had been laid."},{"verse":"12","text":"But many of the priests and Levites and heads of fathers’ households, the old men who had seen the first house, when the foundation of this house was laid before their eyes, wept with a loud voice. Many also shouted aloud for joy,"},{"verse":"13","text":"so that the people could not discern the noise of the shout of joy from the noise of the weeping of the people; for the people shouted with a loud shout, and the noise was heard far away."}]},{"chapter":"4","verses":[{"verse":"1","text":"Now when the adversaries of Judah and Benjamin heard that the children of the captivity were building a temple to Yehovah, the God of Israel;"},{"verse":"2","text":"they came near to Zerubbabel, and to the heads of fathers’ households, and said to them, “Let us build with you; for we seek your God, as you do; and we have been sacrificing to him since the days of Esar Haddon king of Assyria, who brought us up here.”"},{"verse":"3","text":"But Zerubbabel, and Jeshua, and the rest of the heads of fathers’ households of Israel, said to them, “You have nothing to do with us in building a house to our God; but we ourselves together will build to Yehovah, the God of Israel, as king Cyrus the king of Persia has commanded us.”"},{"verse":"4","text":"Then the people of the land weakened the hands of the people of Judah, and troubled them in building."},{"verse":"5","text":"They hired counselors against them, to frustrate their purpose, all the days of Cyrus king of Persia, even until the reign of Darius king of Persia."},{"verse":"6","text":"In the reign of Ahasuerus, in the beginning of his reign, they wrote an accusation against the inhabitants of Judah and Jerusalem."},{"verse":"7","text":"In the days of Artaxerxes, Bishlam, Mithredath, Tabeel, and the rest of his companions, wrote to Artaxerxes king of Persia; and the writing of the letter was written in Syrian, and delivered in the Syrian language."},{"verse":"8","text":"Rehum the chancellor and Shimshai the scribe wrote a letter against Jerusalem to Artaxerxes the king as follows,"},{"verse":"9","text":"then Rehum the chancellor, Shimshai the scribe, and the rest of their companions, the Dinaites, and the Apharsathchites, the Tarpelites, the Apharsites, the Archevites, the Babylonians, the Shushanchites, the Dehaites, the Elamites,"},{"verse":"10","text":"and the rest of the nations whom the great and noble Osnappar brought over, and set in the city of Samaria, and in the rest of the country beyond the River, and so forth, wrote."},{"verse":"11","text":"This is the copy of the letter that they sent: To King Artaxerxes, From your servants the men beyond the River."},{"verse":"12","text":"Be it known to the king that the Jews who came up from you have come to us to Jerusalem. They are building the rebellious and bad city, and have finished the walls, and repaired the foundations."},{"verse":"13","text":"Be it known now to the king that if this city is built and the walls finished, they will not pay tribute, custom, or toll, and in the end it will be hurtful to the kings."},{"verse":"14","text":"Now because we eat the salt of the palace, and it is not appropriate for us to see the king’s dishonor, therefore we have sent and informed the king,"},{"verse":"15","text":"that search may be made in the book of the records of your fathers. You will see in the book of the records, and know that this city is a rebellious city, and hurtful to kings and provinces, and that they have started rebellions within it in the past. That is why this city was destroyed."},{"verse":"16","text":"We inform the king that, if this city is built and the walls finished, then you will have no possession beyond the River."},{"verse":"17","text":"Then the king sent an answer to Rehum the chancellor, and to Shimshai the scribe, and to the rest of their companions who live in Samaria, and in the rest of the country beyond the River: Peace."},{"verse":"18","text":"The letter which you sent to us has been plainly read before me."},{"verse":"19","text":"I decreed, and search has been made, and it was found that this city has made insurrection against kings in the past, and that rebellion and revolts have been made in it."},{"verse":"20","text":"There have also been mighty kings over Jerusalem, who have ruled over all the country beyond the River; and tribute, custom, and toll, was paid to them."},{"verse":"21","text":"Make a decree now to cause these men to cease, and that this city not be built, until a decree is made by me."},{"verse":"22","text":"Be careful that you not be slack doing so. Why should damage grow to the hurt of the kings?"},{"verse":"23","text":"Then when the copy of king Artaxerxes’ letter was read before Rehum, Shimshai the scribe, and their companions, they went in haste to Jerusalem to the Jews, and made them to cease by force of arms."},{"verse":"24","text":"Then work stopped on God’s house which is at Jerusalem. It stopped until the second year of the reign of Darius king of Persia."}]},{"chapter":"5","verses":[{"verse":"1","text":"Now the prophets, Haggai the prophet and Zechariah the son of Iddo, prophesied to the Jews who were in Judah and Jerusalem. They prophesied to them in the name of the God of Israel."},{"verse":"2","text":"Then Zerubbabel the son of Shealtiel, and Jeshua the son of Jozadak rose up and began to build God’s house which is at Jerusalem; and with them were the prophets of God, helping them."},{"verse":"3","text":"At the same time Tattenai, the governor beyond the River came to them, with Shetharbozenai, and their companions, and asked them, “Who gave you a decree to build this house, and to finish this wall?”"},{"verse":"4","text":"They also asked for the names of the men were who were making this building."},{"verse":"5","text":"But the eye of their God was on the elders of the Jews, and they didn’t make them cease, until the matter should come to Darius, and an answer should be returned by letter concerning it."},{"verse":"6","text":"The copy of the letter that Tattenai, the governor beyond the River, and Shetharbozenai, and his companions the Apharsachites, who were beyond the River, sent to Darius the king follows."},{"verse":"7","text":"They sent a letter to him, in which was written: To Darius the king, all peace."},{"verse":"8","text":"Be it known to the king that we went into the province of Judah, to the house of the great God, which is built with great stones, and timber is laid in the walls. This work goes on with diligence and prospers in their hands."},{"verse":"9","text":"Then we asked those elders, and said to them thus, “Who gave you a decree to build this house, and to finish this wall?”"},{"verse":"10","text":"We asked them their names also, to inform you that we might write the names of the men who were at their head."},{"verse":"11","text":"Thus they returned us answer, saying, “We are the servants of the God of heaven and earth, and are building the house that was built these many years ago, which a great king of Israel built and finished."},{"verse":"12","text":"But after our fathers had provoked the God of heaven to wrath, he gave them into the hand of Nebuchadnezzar king of Babylon, the Chaldean, who destroyed this house, and carried the people away into Babylon."},{"verse":"13","text":"But in the first year of Cyrus king of Babylon, Cyrus the king made a decree to build this house of God."},{"verse":"14","text":"The gold and silver vessels of God’s house, which Nebuchadnezzar took out of the temple that was in Jerusalem, and brought into the temple of Babylon, those Cyrus the king also took out of the temple of Babylon, and they were delivered to one whose name was Sheshbazzar, whom he had made governor."},{"verse":"15","text":"He said to him, ‘Take these vessels, go, put them in the temple that is in Jerusalem, and let God’s house be built in its place.’"},{"verse":"16","text":"Then the same Sheshbazzar came and laid the foundations of God’s house which is in Jerusalem. Since that time even until now it has been being built, and yet it is not completed."},{"verse":"17","text":"Now therefore, if it seems good to the king, let a search be made in the king’s treasure house, which is there at Babylon, whether it is so, that a decree was made of Cyrus the king to build this house of God at Jerusalem; and let the king send his pleasure to us concerning this matter.”"}]},{"chapter":"6","verses":[{"verse":"1","text":"Then Darius the king made a decree, and the house of the archives, where the treasures were laid up in Babylon, was searched."},{"verse":"2","text":"A scroll was found at Achmetha, in the palace that is in the province of Media, and in it this was written for a record:"},{"verse":"3","text":"In the first year of Cyrus the king, Cyrus the king made a decree: Concerning God’s house at Jerusalem, let the house be built, the place where they offer sacrifices, and let its foundations be strongly laid; with its height sixty cubits, and its width sixty cubits;"},{"verse":"4","text":"with three courses of great stones and a course of new timber. Let the expenses be given out of the king’s house."},{"verse":"5","text":"Also let the gold and silver vessels of God’s house, which Nebuchadnezzar took out of the temple which is at Jerusalem, and brought to Babylon, be restored and brought again to the temple which is at Jerusalem, everything to its place. You shall put them in God’s house."},{"verse":"6","text":"Now therefore, Tattenai, governor beyond the River, Shetharbozenai, and your companions the Apharsachites, who are beyond the River, you must stay far from there."},{"verse":"7","text":"Leave the work of this house of God alone; let the governor of the Jews and the elders of the Jews build this house of God in its place."},{"verse":"8","text":"Moreover I make a decree what you shall do for these elders of the Jews for the building of this house of God: that of the king’s goods, even of the tribute beyond the River, expenses must be given with all diligence to these men, that they not be hindered."},{"verse":"9","text":"That which they have need of, including young bulls, rams, and lambs, for burnt offerings to the God of heaven; also wheat, salt, wine, and oil, according to the word of the priests who are at Jerusalem, let it be given them day by day without fail;"},{"verse":"10","text":"that they may offer sacrifices of pleasant aroma to the God of heaven, and pray for the life of the king, and of his sons."},{"verse":"11","text":"I have also made a decree that whoever alters this message, let a beam be pulled out from his house, and let him be lifted up and fastened on it; and let his house be made a dunghill for this."},{"verse":"12","text":"May the God who has caused his name to dwell there overthrow all kings and peoples who stretch out their hand to alter this, to destroy this house of God which is at Jerusalem. I Darius have made a decree. Let it be done with all diligence."},{"verse":"13","text":"Then Tattenai, the governor beyond the River, Shetharbozenai, and their companions did accordingly with all diligence, because Darius the king had sent a decree."},{"verse":"14","text":"The elders of the Jews built and prospered, through the prophesying of Haggai the prophet and Zechariah the son of Iddo. They built and finished it, according to the commandment of the God of Israel, and according to the decree of Cyrus, Darius, and Artaxerxes king of Persia."},{"verse":"15","text":"This house was finished on the third day of the month Adar, which was in the sixth year of the reign of Darius the king."},{"verse":"16","text":"The children of Israel, the priests, the Levites, and the rest of the children of the captivity, kept the dedication of this house of God with joy."},{"verse":"17","text":"They offered at the dedication of this house of God one hundred bulls, two hundred rams, four hundred lambs; and for a sin offering for all Israel, twelve male goats, according to the number of the tribes of Israel."},{"verse":"18","text":"They set the priests in their divisions, and the Levites in their courses, for the service of God, which is at Jerusalem, as it is written in the book of Moses."},{"verse":"19","text":"The children of the captivity kept the Passover on the fourteenth day of the first month."},{"verse":"20","text":"Because the priests and the Levites had purified themselves together, all of them were pure. They killed the Passover for all the children of the captivity, for their brothers the priests, and for themselves."},{"verse":"21","text":"The children of Israel who had returned out of the captivity, and all who had separated themselves to them from the filthiness of the nations of the land, to seek Yehovah, the God of Israel, ate,"},{"verse":"22","text":"and kept the feast of unleavened bread seven days with joy; because Yehovah had made them joyful, and had turned the heart of the king of Assyria to them, to strengthen their hands in the work of God, the God of Israel’s house."}]},{"chapter":"7","verses":[{"verse":"1","text":"Now after these things, in the reign of Artaxerxes king of Persia, Ezra the son of Seraiah, the son of Azariah, the son of Hilkiah,"},{"verse":"2","text":"the son of Shallum, the son of Zadok, the son of Ahitub,"},{"verse":"3","text":"the son of Amariah, the son of Azariah, the son of Meraioth,"},{"verse":"4","text":"the son of Zerahiah, the son of Uzzi, the son of Bukki,"},{"verse":"5","text":"the son of Abishua, the son of Phinehas, the son of Eleazar, the son of Aaron the chief priest—"},{"verse":"6","text":"this Ezra went up from Babylon. He was a skilled scribe in the law of Moses, which Yehovah, the God of Israel, had given; and the king granted him all his request, according to Yehovah his God’s hand on him."},{"verse":"7","text":"Some of the children of Israel, including some of the priests, the Levites, the singers, the gatekeepers, and the temple servants went up to Jerusalem in the seventh year of Artaxerxes the king."},{"verse":"8","text":"He came to Jerusalem in the fifth month, which was in the seventh year of the king."},{"verse":"9","text":"For on the first day of the first month he began to go up from Babylon; and on the first day of the fifth month he came to Jerusalem, according to the good hand of his God on him."},{"verse":"10","text":"For Ezra had set his heart to seek Yehovah’s law, and to do it, and to teach statutes and ordinances in Israel."},{"verse":"11","text":"Now this is the copy of the letter that the king Artaxerxes gave to Ezra the priest, the scribe, even the scribe of the words of Yehovah’s commandments, and of his statutes to Israel:"},{"verse":"12","text":"Artaxerxes, king of kings, To Ezra the priest, the scribe of the law of the perfect God of heaven. Now"},{"verse":"13","text":"I make a decree, that all those of the people of Israel, and their priests and the Levites, in my realm, who intend of their own free will to go to Jerusalem, go with you."},{"verse":"14","text":"Because you are sent by the king and his seven counselors, to inquire concerning Judah and Jerusalem, according to the law of your God which is in your hand,"},{"verse":"15","text":"and to carry the silver and gold, which the king and his counselors have freely offered to the God of Israel, whose habitation is in Jerusalem,"},{"verse":"16","text":"and all the silver and gold that you will find in all the province of Babylon, with the free will offering of the people, and of the priests, offering willingly for the house of their God which is in Jerusalem;"},{"verse":"17","text":"therefore you shall with all diligence buy with this money bulls, rams, lambs, with their meal offerings and their drink offerings, and shall offer them on the altar of the house of your God which is in Jerusalem."},{"verse":"18","text":"Whatever seems good to you and to your brothers to do with the rest of the silver and the gold, do that according to the will of your God."},{"verse":"19","text":"The vessels that are given to you for the service of the house of your God, deliver before the God of Jerusalem."},{"verse":"20","text":"Whatever more will be needed for the house of your God, which you may have occasion to give, give it out of the king’s treasure house."},{"verse":"21","text":"I, even I Artaxerxes the king, make a decree to all the treasurers who are beyond the River, that whatever Ezra the priest, the scribe of the law of the God of heaven, requires of you, it shall be done with all diligence,"},{"verse":"22","text":"up to one hundred talents of silver, and to one hundred cors of wheat, and to one hundred baths of wine, and to one hundred baths of oil, and salt without prescribing how much."},{"verse":"23","text":"Whatever is commanded by the God of heaven, let it be done exactly for the house of the God of heaven; for why should there be wrath against the realm of the king and his sons?"},{"verse":"24","text":"Also we inform you that it shall not be lawful to impose tribute, custom, or toll, on any of the priests, Levites, singers, gatekeepers, temple servants, or laborers of this house of God."},{"verse":"25","text":"You, Ezra, according to the wisdom of your God that is in your hand, appoint magistrates and judges, who may judge all the people who are beyond the River, who all know the laws of your God; and teach him who doesn’t know them."},{"verse":"26","text":"Whoever will not do the law of your God and the law of the king, let judgment be executed on him with all diligence, whether it is to death, or to banishment, or to confiscation of goods, or to imprisonment."},{"verse":"27","text":"Blessed be Yehovah, the God of our fathers, who has put such a thing as this in the king’s heart, to beautify Yehovah’s house which is in Jerusalem;"},{"verse":"28","text":"and has extended loving kindness to me before the king and his counselors, and before all the king’s mighty princes. I was strengthened according to Yehovah my God’s hand on me, and I gathered together chief men out of Israel to go up with me."}]},{"chapter":"8","verses":[{"verse":"1","text":"Now these are the heads of their fathers’ households, and this is the genealogy of those who went up with me from Babylon, in the reign of Artaxerxes the king:"},{"verse":"2","text":"Of the sons of Phinehas, Gershom. Of the sons of Ithamar, Daniel. Of the sons of David, Hattush."},{"verse":"3","text":"Of the sons of Shecaniah, of the sons of Parosh, Zechariah; and with him were listed by genealogy of the males one hundred fifty."},{"verse":"4","text":"Of the sons of Pahathmoab, Eliehoenai the son of Zerahiah; and with him two hundred males."},{"verse":"5","text":"Of the sons of Shecaniah, the son of Jahaziel; and with him three hundred males."},{"verse":"6","text":"Of the sons of Adin, Ebed the son of Jonathan; and with him fifty males."},{"verse":"7","text":"Of the sons of Elam, Jeshaiah the son of Athaliah; and with him seventy males."},{"verse":"8","text":"Of the sons of Shephatiah, Zebadiah the son of Michael; and with him eighty males."},{"verse":"9","text":"Of the sons of Joab, Obadiah the son of Jehiel; and with him two hundred eighteen males."},{"verse":"10","text":"Of the sons of Shelomith, the son of Josiphiah; and with him one hundred sixty males."},{"verse":"11","text":"Of the sons of Bebai, Zechariah the son of Bebai; and with him twenty-eight males."},{"verse":"12","text":"Of the sons of Azgad, Johanan the son of Hakkatan; and with him one hundred ten males."},{"verse":"13","text":"Of the sons of Adonikam, who were the last; and these are their names: Eliphelet, Jeuel, and Shemaiah; and with them sixty males."},{"verse":"14","text":"Of the sons of Bigvai, Uthai and Zabbud; and with them seventy males."},{"verse":"15","text":"I gathered them together to the river that runs to Ahava; and there we encamped three days: and I looked around at the people and the priests, and found there were none of the sons of Levi."},{"verse":"16","text":"Then sent I for Eliezer, for Ariel, for Shemaiah, for Elnathan, for Jarib, for Elnathan, for Nathan, for Zechariah, and for Meshullam, chief men; also for Joiarib and for Elnathan, who were teachers."},{"verse":"17","text":"I sent them out to Iddo the chief at the place Casiphia; and I told them what they should tell Iddo, and his brothers the temple servants, at the place Casiphia, that they should bring to us ministers for the house of our God."},{"verse":"18","text":"According to the good hand of our God on us they brought us a man of discretion, of the sons of Mahli, the son of Levi, the son of Israel; and Sherebiah, with his sons and his brothers, eighteen;"},{"verse":"19","text":"and Hashabiah, and with him Jeshaiah of the sons of Merari, his brothers and their sons, twenty;"},{"verse":"20","text":"and of the temple servants, whom David and the princes had given for the service of the Levites, two hundred twenty temple servants. All of them were mentioned by name."},{"verse":"21","text":"Then I proclaimed a fast there, at the river Ahava, that we might humble ourselves before our God, to seek from him a straight way for us, and for our little ones, and for all our possessions."},{"verse":"22","text":"For I was ashamed to ask of the king a band of soldiers and horsemen to help us against the enemy on the way, because we had spoken to the king, saying, “The hand of our God is on all those who seek him, for good; but his power and his wrath is against all those who forsake him.”"},{"verse":"23","text":"So we fasted and begged our God for this: and he granted our request."},{"verse":"24","text":"Then I set apart twelve of the chiefs of the priests, even Sherebiah, Hashabiah, and ten of their brothers with them,"},{"verse":"25","text":"and weighed to them the silver, the gold, and the vessels, even the offering for the house of our God, which the king, his counselors, his princes, and all Israel there present, had offered."},{"verse":"26","text":"I weighed into their hand six hundred fifty talents of silver, one hundred talents of silver vessels; one hundred talents of gold,"},{"verse":"27","text":"twenty bowls of gold weighing one thousand darics; and two vessels of fine bright bronze, precious as gold."},{"verse":"28","text":"I said to them, “You are holy to Yehovah, and the vessels are holy. The silver and the gold are a free will offering to Yehovah, the God of your fathers."},{"verse":"29","text":"Watch and keep them, until you weigh them before the chiefs of the priests and the Levites, and the princes of the fathers’ households of Israel, at Jerusalem, in the rooms of Yehovah’s house.”"},{"verse":"30","text":"So the priests and the Levites received the weight of the silver and the gold, and the vessels, to bring them to Jerusalem to the house of our God."},{"verse":"31","text":"Then we departed from the river Ahava on the twelfth day of the first month, to go to Jerusalem. The hand of our God was on us, and he delivered us from the hand of the enemy and the bandit by the way."},{"verse":"32","text":"We came to Jerusalem, and stayed there three days."},{"verse":"33","text":"On the fourth day the silver and the gold and the vessels were weighed in the house of our God into the hand of Meremoth the son of Uriah the priest; and with him was Eleazar the son of Phinehas; and with them was Jozabad the son of Jeshua, and Noadiah the son of Binnui, the Levite;"},{"verse":"34","text":"everything by number and by weight; and all the weight was written at that time."},{"verse":"35","text":"The children of the captivity, who had come out of exile, offered burnt offerings to the God of Israel, twelve bulls for all Israel, ninety-six rams, seventy-seven lambs, and twelve male goats for a sin offering. All this was a burnt offering to Yehovah."},{"verse":"36","text":"They delivered the king’s commissions to the king’s local governors, and to the governors beyond the River. So they supported the people and God’s house."}]},{"chapter":"9","verses":[{"verse":"1","text":"Now when these things were done, the princes came near to me, saying, “The people of Israel, the priests, and the Levites, have not separated themselves from the peoples of the lands, following their abominations, even those of the Canaanites, the Hittites, the Perizzites, the Jebusites, the Ammonites, the Moabites, the Egyptians, and the Amorites."},{"verse":"2","text":"For they have taken of their daughters for themselves and for their sons, so that the holy offspring have mixed themselves with the peoples of the lands. Yes, the hand of the princes and rulers has been chief in this trespass.”"},{"verse":"3","text":"When I heard this thing, I tore my garment and my robe, and pulled the hair out of my head and of my beard, and sat down confounded."},{"verse":"4","text":"Then everyone who trembled at the words of the God of Israel were assembled to me, because of their trespass of the captivity; and I sat confounded until the evening offering."},{"verse":"5","text":"At the evening offering I arose up from my humiliation, even with my garment and my robe torn; and I fell on my knees, and spread out my hands to Yehovah my God;"},{"verse":"6","text":"and I said, “My God, I am ashamed and blush to lift up my face to you, my God; for our iniquities have increased over our head, and our guiltiness has grown up to the heavens."},{"verse":"7","text":"Since the days of our fathers we have been exceedingly guilty to this day; and for our iniquities we, our kings, and our priests, have been delivered into the hand of the kings of the lands, to the sword, to captivity, to plunder, and to confusion of face, as it is this day."},{"verse":"8","text":"Now for a little moment grace has been shown from Yehovah our God, to leave us a remnant to escape, and to give us a nail in his holy place, that our God may lighten our eyes, and revived us a little in our bondage."},{"verse":"9","text":"For we are bondservants; yet our God has not forsaken us in our bondage, but has extended loving kindness to us in the sight of the kings of Persia, to revive us, to set up the house of our God, and to repair its ruins, and to give us a wall in Judah and in Jerusalem."},{"verse":"10","text":"“Now, our God, what shall we say after this? For we have forsaken your commandments,"},{"verse":"11","text":"which you have commanded by your servants the prophets, saying, ‘The land, to which you go to possess it, is an unclean land through the uncleanness of the peoples of the lands, through their abominations, which have filled it from one end to another with their filthiness."},{"verse":"12","text":"Now therefore don’t give your daughters to their sons. Don’t take their daughters to your sons, nor seek their peace or their prosperity forever; that you may be strong, and eat the good of the land, and leave it for an inheritance to your children forever.’"},{"verse":"13","text":"“After all that has come on us for our evil deeds, and for our great guilt, since you, our God, have punished us less than our iniquities deserve, and have given us such a remnant,"},{"verse":"14","text":"shall we again break your commandments, and join ourselves with the peoples that do these abominations? Wouldn’t you be angry with us until you had consumed us, so that there would be no remnant, nor any to escape?"},{"verse":"15","text":"Yehovah, the God of Israel, you are righteous; for we are left a remnant that has escaped, as it is today. Behold, we are before you in our guiltiness; for no one can stand before you because of this.”"}]},{"chapter":"10","verses":[{"verse":"1","text":"Now while Ezra prayed and made confession, weeping and casting himself down before God’s house, there was gathered together to him out of Israel a very great assembly of men and women and children; for the people wept very bitterly."},{"verse":"2","text":"Shecaniah the son of Jehiel, one of the sons of Elam, answered Ezra, “We have trespassed against our God, and have married foreign women of the peoples of the land. Yet now there is hope for Israel concerning this thing."},{"verse":"3","text":"Now therefore let’s make a covenant with our God to put away all the wives, and those who are born of them, according to the counsel of my lord, and of those who tremble at the commandment of our God. Let it be done according to the law."},{"verse":"4","text":"Arise; for the matter belongs to you, and we are with you. Be courageous, and do it.”"},{"verse":"5","text":"Then Ezra arose, and made the chiefs of the priests, the Levites, and all Israel, to swear that they would do according to this word. So they swore."},{"verse":"6","text":"Then Ezra rose up from before God’s house, and went into the room of Jehohanan the son of Eliashib. When he came there, he ate no bread, nor drank water; for he mourned because of their trespass of the captivity."},{"verse":"7","text":"They made a proclamation throughout Judah and Jerusalem to all the children of the captivity, that they should gather themselves together to Jerusalem;"},{"verse":"8","text":"and that whoever didn’t come within three days, according to the counsel of the princes and the elders, all his possessions should be forfeited, and himself separated from the assembly of the captivity."},{"verse":"9","text":"Then all the men of Judah and Benjamin gathered themselves together to Jerusalem within the three days. It was the ninth month, on the twentieth day of the month; and all the people sat in the wide place in front of God’s house, trembling because of this matter, and because of the great rain."},{"verse":"10","text":"Ezra the priest stood up and said to them, “You have trespassed, and have married foreign women, to increase the guilt of Israel."},{"verse":"11","text":"Now therefore make confession to Yehovah, the God of your fathers, and do his pleasure; and separate yourselves from the peoples of the land, and from the foreign women.”"},{"verse":"12","text":"Then all the assembly answered with a loud voice, “We must do as you have said concerning us."},{"verse":"13","text":"But the people are many, and it is a time of much rain, and we are not able to stand outside. This is not a work of one day or two, for we have greatly transgressed in this matter."},{"verse":"14","text":"Now let our princes be appointed for all the assembly, and let all those who are in our cities who have married foreign women come at appointed times, and with them the elders of every city, and its judges, until the fierce wrath of our God is turned from us, until this matter is resolved.”"},{"verse":"15","text":"Only Jonathan the son of Asahel and Jahzeiah the son of Tikvah stood up against this; and Meshullam and Shabbethai the Levite helped them."},{"verse":"16","text":"The children of the captivity did so. Ezra the priest, with certain heads of fathers’ households, after their fathers’ houses, and all of them by their names, were set apart; and they sat down in the first day of the tenth month to examine the matter."},{"verse":"17","text":"They finished with all the men who had married foreign women by the first day of the first month."},{"verse":"18","text":"Among the sons of the priests there were found who had married foreign women: of the sons of Jeshua, the son of Jozadak, and his brothers, Maaseiah, and Eliezer, and Jarib, and Gedaliah."},{"verse":"19","text":"They gave their hand that they would put away their wives; and being guilty, they offered a ram of the flock for their guilt."},{"verse":"20","text":"Of the sons of Immer: Hanani and Zebadiah."},{"verse":"21","text":"Of the sons of Harim: Maaseiah, and Elijah, and Shemaiah, and Jehiel, and Uzziah."},{"verse":"22","text":"Of the sons of Pashhur: Elioenai, Maaseiah, Ishmael, Nethanel, Jozabad, and Elasah."},{"verse":"23","text":"Of the Levites: Jozabad, and Shimei, and Kelaiah (also called Kelita), Pethahiah, Judah, and Eliezer."},{"verse":"24","text":"Of the singers: Eliashib. Of the gatekeepers: Shallum, and Telem, and Uri."},{"verse":"25","text":"Of Israel: Of the sons of Parosh: Ramiah, and Izziah, and Malchijah, and Mijamin, and Eleazar, and Malchijah, and Benaiah."},{"verse":"26","text":"Of the sons of Elam: Mattaniah, Zechariah, and Jehiel, and Abdi, and Jeremoth, and Elijah."},{"verse":"27","text":"Of the sons of Zattu: Elioenai, Eliashib, Mattaniah, and Jeremoth, and Zabad, and Aziza."},{"verse":"28","text":"Of the sons of Bebai: Jehohanan, Hananiah, Zabbai, Athlai."},{"verse":"29","text":"Of the sons of Bani: Meshullam, Malluch, and Adaiah, Jashub, and Sheal, Jeremoth."},{"verse":"30","text":"Of the sons of Pahathmoab: Adna, and Chelal, Benaiah, Maaseiah, Mattaniah, Bezalel, and Binnui, and Manasseh."},{"verse":"31","text":"Of the sons of Harim: Eliezer, Isshijah, Malchijah, Shemaiah, Shimeon,"},{"verse":"32","text":"Benjamin, Malluch, Shemariah."},{"verse":"33","text":"Of the sons of Hashum: Mattenai, Mattattah, Zabad, Eliphelet, Jeremai, Manasseh, Shimei."},{"verse":"34","text":"Of the sons of Bani: Maadai, Amram, and Uel,"},{"verse":"35","text":"Benaiah, Bedeiah, Cheluhi,"},{"verse":"36","text":"Vaniah, Meremoth, Eliashib,"},{"verse":"37","text":"Mattaniah, Mattenai, and Jaasu,"},{"verse":"38","text":"and Bani, and Binnui, Shimei,"},{"verse":"39","text":"and Shelemiah, and Nathan, and Adaiah,"},{"verse":"40","text":"Machnadebai, Shashai, Sharai,"},{"verse":"41","text":"Azarel, and Shelemiah, Shemariah,"},{"verse":"42","text":"Shallum, Amariah, Joseph."},{"verse":"43","text":"Of the sons of Nebo: Jeiel, Mattithiah, Zabad, Zebina, Iddo, and Joel, Benaiah."},{"verse":"44","text":"All these had taken foreign wives; and some of them had wives by whom they had children."}]}],"book":"Ezra"}