{"chapters":[{"chapter":"1","verses":[{"verse":"1","text":"Jude, a servant of Yeshua Christ, and brother of James, to those who are called, sanctified by God the Father, and kept for Yeshua Christ:"},{"verse":"2","text":"Mercy to you and peace and love be multiplied."},{"verse":"3","text":"Beloved, while I was very eager to write to you about our common salvation, I was constrained to write to you exhorting you to contend earnestly for the faith which was once for all delivered to the saints."},{"verse":"4","text":"For there are certain men who crept in secretly, even those who were long ago written about for this condemnation: ungodly men, turning the grace of our God into indecency, and denying our only Master, God, and Lord, Yeshua Christ."},{"verse":"5","text":"Now I desire to remind you, though you already know this, that the Lord, having saved a people out of the land of Egypt, afterward destroyed those who didn’t believe."},{"verse":"6","text":"Angels who didn’t keep their first domain, but deserted their own dwelling place, he has kept in everlasting bonds under darkness for the judgment of the great day."},{"verse":"7","text":"Even as Sodom and Gomorrah and the cities around them, having in the same way as these given themselves over to sexual immorality and gone after strange flesh, are shown as an example, suffering the punishment of eternal fire."},{"verse":"8","text":"Yet in the same way, these also in their dreaming defile the flesh, despise authority, and slander celestial beings."},{"verse":"9","text":"But Michael, the archangel, when contending with the devil and arguing about the body of Moses, dared not bring against him an abusive condemnation, but said, “May the Lord rebuke you!”"},{"verse":"10","text":"But these speak evil of whatever things they don’t know. They are destroyed in these things that they understand naturally, like the creatures without reason."},{"verse":"11","text":"Woe to them! For they went in the way of Cain, and ran riotously in the error of Balaam for hire, and perished in Korah’s rebellion."},{"verse":"12","text":"These are hidden rocky reefs in your love feasts when they feast with you, shepherds who without fear feed themselves; clouds without water, carried along by winds; autumn trees without fruit, twice dead, plucked up by the roots;"},{"verse":"13","text":"wild waves of the sea, foaming out their own shame; wandering stars, for whom the blackness of darkness has been reserved forever."},{"verse":"14","text":"About these also Enoch, the seventh from Adam, prophesied, saying, “Behold, the Lord came with ten thousands of his holy ones,"},{"verse":"15","text":"to execute judgment on all, and to convict all the ungodly of all their works of ungodliness which they have done in an ungodly way, and of all the hard things which ungodly sinners have spoken against him.”"},{"verse":"16","text":"These are murmurers and complainers, walking after their lusts—and their mouth speaks proud things—showing respect of persons to gain advantage."},{"verse":"17","text":"But you, beloved, remember the words which have been spoken before by the apostles of our Lord Yeshua Christ."},{"verse":"18","text":"They said to you, “In the last time there will be mockers, walking after their own ungodly lusts.”"},{"verse":"19","text":"These are those who cause divisions and are sensual, not having the Spirit."},{"verse":"20","text":"But you, beloved, keep building up yourselves on your most holy faith, praying in the Holy Spirit."},{"verse":"21","text":"Keep yourselves in God’s love, looking for the mercy of our Lord Yeshua Christ to eternal life."},{"verse":"22","text":"On some have compassion, making a distinction,"},{"verse":"23","text":"and some save, snatching them out of the fire with fear, hating even the clothing stained by the flesh."},{"verse":"24","text":"Now to him who is able to keep them from stumbling, and to present you faultless before the presence of his glory in great joy,"},{"verse":"25","text":"to God our Savior, who alone is wise, be glory and majesty, dominion and power, both now and forever. Amen."}]}],"book":"Jude"}