{"chapters":[{"chapter":"1","verses":[{"verse":"1","text":"The Song of songs, which is Solomon’s."},{"verse":"2","text":"Let him kiss me with the kisses of his mouth; for your love is better than wine."},{"verse":"3","text":"Your oils have a pleasing fragrance. Your name is oil poured out, therefore the virgins love you."},{"verse":"4","text":"Take me away with you. Let’s hurry. The king has brought me into his rooms. We will be glad and rejoice in you. We will praise your love more than wine! They are right to love you."},{"verse":"5","text":"I am dark, but lovely, you daughters of Jerusalem, like Kedar’s tents, like Solomon’s curtains."},{"verse":"6","text":"Don’t stare at me because I am dark, because the sun has scorched me. My mother’s sons were angry with me. They made me keeper of the vineyards. I haven’t kept my own vineyard."},{"verse":"7","text":"Tell me, you whom my soul loves, where you graze your flock, where you rest them at noon; for why should I be as one who is veiled beside the flocks of your companions?"},{"verse":"8","text":"If you don’t know, most beautiful among women, follow the tracks of the sheep. Graze your young goats beside the shepherds’ tents."},{"verse":"9","text":"I have compared you, my love, to a steed in Pharaoh’s chariots."},{"verse":"10","text":"Your cheeks are beautiful with earrings, your neck with strings of jewels."},{"verse":"11","text":"We will make you earrings of gold, with studs of silver."},{"verse":"12","text":"While the king sat at his table, my perfume spread its fragrance."},{"verse":"13","text":"My beloved is to me a sachet of myrrh, that lies between my breasts."},{"verse":"14","text":"My beloved is to me a cluster of henna blossoms from the vineyards of En Gedi."},{"verse":"15","text":"Behold, you are beautiful, my love. Behold, you are beautiful. Your eyes are like doves."},{"verse":"16","text":"Behold, you are beautiful, my beloved, yes, pleasant; and our couch is verdant."},{"verse":"17","text":"The beams of our house are cedars. Our rafters are firs."}]},{"chapter":"2","verses":[{"verse":"1","text":"I am a rose of Sharon, a lily of the valleys."},{"verse":"2","text":"As a lily among thorns, so is my love among the daughters."},{"verse":"3","text":"As the apple tree among the trees of the wood, so is my beloved among the sons. I sat down under his shadow with great delight, his fruit was sweet to my taste."},{"verse":"4","text":"He brought me to the banquet hall. His banner over me is love."},{"verse":"5","text":"Strengthen me with raisins, refresh me with apples; for I am faint with love."},{"verse":"6","text":"His left hand is under my head. His right hand embraces me."},{"verse":"7","text":"I adjure you, daughters of Jerusalem, by the roes, or by the hinds of the field, that you not stir up, nor awaken love, until it so desires."},{"verse":"8","text":"The voice of my beloved! Behold, he comes, leaping on the mountains, skipping on the hills."},{"verse":"9","text":"My beloved is like a roe or a young deer. Behold, he stands behind our wall! He looks in at the windows. He glances through the lattice."},{"verse":"10","text":"My beloved spoke, and said to me, “Rise up, my love, my beautiful one, and come away."},{"verse":"11","text":"For behold, the winter is past. The rain is over and gone."},{"verse":"12","text":"The flowers appear on the earth. The time of the singing has come, and the voice of the turtledove is heard in our land."},{"verse":"13","text":"The fig tree ripens her green figs. The vines are in blossom. They give out their fragrance. Arise, my love, my beautiful one, and come away.”"},{"verse":"14","text":"My dove in the clefts of the rock, in the hiding places of the mountainside, let me see your face. let me hear your voice; for your voice is sweet and your face is lovely."},{"verse":"15","text":"Catch for us the foxes, the little foxes that plunder the vineyards; for our vineyards are in blossom."},{"verse":"16","text":"My beloved is mine, and I am his. He browses among the lilies."},{"verse":"17","text":"Until the day is cool, and the shadows flee away, turn, my beloved, and be like a roe or a young deer on the mountains of Bether."}]},{"chapter":"3","verses":[{"verse":"1","text":"By night on my bed, I sought him whom my soul loves. I sought him, but I didn’t find him."},{"verse":"2","text":"I will get up now, and go about the city; in the streets and in the squares I will seek him whom my soul loves. I sought him, but I didn’t find him."},{"verse":"3","text":"The watchmen who go about the city found me; “Have you seen him whom my soul loves?”"},{"verse":"4","text":"I had scarcely passed from them, when I found him whom my soul loves. I held him, and would not let him go, until I had brought him into my mother’s house, into the room of her who conceived me."},{"verse":"5","text":"I adjure you, daughters of Jerusalem, by the roes, or by the hinds of the field, that you not stir up nor awaken love, until it so desires."},{"verse":"6","text":"Who is this who comes up from the wilderness like pillars of smoke, perfumed with myrrh and frankincense, with all spices of the merchant?"},{"verse":"7","text":"Behold, it is Solomon’s carriage! Sixty mighty men are around it, of the mighty men of Israel."},{"verse":"8","text":"They all handle the sword, and are expert in war. Every man has his sword on his thigh, because of fear in the night."},{"verse":"9","text":"King Solomon made himself a carriage of the wood of Lebanon."},{"verse":"10","text":"He made its pillars of silver, its bottom of gold, its seat of purple, the middle of it being paved with love, from the daughters of Jerusalem."},{"verse":"11","text":"Go out, you daughters of Zion, and see king Solomon, with the crown with which his mother has crowned him, in the day of his weddings, in the day of the gladness of his heart."}]},{"chapter":"4","verses":[{"verse":"1","text":"Behold, you are beautiful, my love. Behold, you are beautiful. Your eyes are like doves behind your veil. Your hair is as a flock of goats, that descend from Mount Gilead."},{"verse":"2","text":"Your teeth are like a newly shorn flock, which have come up from the washing, where every one of them has twins. None is bereaved among them."},{"verse":"3","text":"Your lips are like scarlet thread. Your mouth is lovely. Your temples are like a piece of a pomegranate behind your veil."},{"verse":"4","text":"Your neck is like David’s tower built for an armory, on which a thousand shields hang, all the shields of the mighty men."},{"verse":"5","text":"Your two breasts are like two fawns that are twins of a roe, which feed among the lilies."},{"verse":"6","text":"Until the day is cool, and the shadows flee away, I will go to the mountain of myrrh, to the hill of frankincense."},{"verse":"7","text":"You are all beautiful, my love. There is no spot in you."},{"verse":"8","text":"Come with me from Lebanon, my bride, with me from Lebanon. Look from the top of Amana, from the top of Senir and Hermon, from the lions’ dens, from the mountains of the leopards."},{"verse":"9","text":"You have ravished my heart, my sister, my bride. You have ravished my heart with one of your eyes, with one chain of your neck."},{"verse":"10","text":"How beautiful is your love, my sister, my bride! How much better is your love than wine, the fragrance of your perfumes than all kinds of spices!"},{"verse":"11","text":"Your lips, my bride, drip like the honeycomb. Honey and milk are under your tongue. The smell of your garments is like the smell of Lebanon."},{"verse":"12","text":"My sister, my bride, is a locked up garden; a locked up spring, a sealed fountain."},{"verse":"13","text":"Your shoots are an orchard of pomegranates, with precious fruits, henna with spikenard plants,"},{"verse":"14","text":"spikenard and saffron, calamus and cinnamon, with every kind of incense tree; myrrh and aloes, with all the best spices,"},{"verse":"15","text":"a fountain of gardens, a well of living waters, flowing streams from Lebanon."},{"verse":"16","text":"Awake, north wind, and come, you south! Blow on my garden, that its spices may flow out. Let my beloved come into his garden, and taste his precious fruits."}]},{"chapter":"5","verses":[{"verse":"1","text":"I have come into my garden, my sister, my bride. I have gathered my myrrh with my spice; I have eaten my honeycomb with my honey; I have drunk my wine with my milk. Eat, friends! Drink, yes, drink abundantly, beloved."},{"verse":"2","text":"I was asleep, but my heart was awake. It is the voice of my beloved who knocks: “Open to me, my sister, my love, my dove, my undefiled; for my head is filled with dew, and my hair with the dampness of the night.”"},{"verse":"3","text":"I have taken off my robe. Indeed, must I put it on? I have washed my feet. Indeed, must I soil them?"},{"verse":"4","text":"My beloved thrust his hand in through the latch opening. My heart pounded for him."},{"verse":"5","text":"I rose up to open for my beloved. My hands dripped with myrrh, my fingers with liquid myrrh, on the handles of the lock."},{"verse":"6","text":"I opened to my beloved; but my beloved left, and had gone away. My heart went out when he spoke. I looked for him, but I didn’t find him. I called him, but he didn’t answer."},{"verse":"7","text":"The watchmen who go about the city found me. They beat me. They bruised me. The keepers of the walls took my cloak away from me."},{"verse":"8","text":"I adjure you, daughters of Jerusalem, If you find my beloved, that you tell him that I am faint with love."},{"verse":"9","text":"How is your beloved better than another beloved, you fairest among women? How is your beloved better than another beloved, that you do so adjure us?"},{"verse":"10","text":"My beloved is white and ruddy. The best among ten thousand."},{"verse":"11","text":"His head is like the purest gold. His hair is bushy, black as a raven."},{"verse":"12","text":"His eyes are like doves beside the water brooks, washed with milk, mounted like jewels."},{"verse":"13","text":"His cheeks are like a bed of spices with towers of perfumes. His lips are like lilies, dropping liquid myrrh."},{"verse":"14","text":"His hands are like rings of gold set with beryl. His body is like ivory work overlaid with sapphires."},{"verse":"15","text":"His legs are like pillars of marble set on sockets of fine gold. His appearance is like Lebanon, excellent as the cedars."},{"verse":"16","text":"His mouth is sweetness; yes, he is altogether lovely. This is my beloved, and this is my friend, daughters of Jerusalem."}]},{"chapter":"6","verses":[{"verse":"1","text":"Where has your beloved gone, you fairest among women? Where has your beloved turned, that we may seek him with you?"},{"verse":"2","text":"My beloved has gone down to his garden, to the beds of spices, to pasture his flock in the gardens, and to gather lilies."},{"verse":"3","text":"I am my beloved’s, and my beloved is mine. He browses among the lilies."},{"verse":"4","text":"You are beautiful, my love, as Tirzah, lovely as Jerusalem, awesome as an army with banners."},{"verse":"5","text":"Turn away your eyes from me, for they have overcome me. Your hair is like a flock of goats, that lie along the side of Gilead."},{"verse":"6","text":"Your teeth are like a flock of ewes, which have come up from the washing, of which every one has twins; not one is bereaved among them."},{"verse":"7","text":"Your temples are like a piece of a pomegranate behind your veil."},{"verse":"8","text":"There are sixty queens, eighty concubines, and virgins without number."},{"verse":"9","text":"My dove, my perfect one, is unique. She is her mother’s only daughter. She is the favorite one of her who bore her. The daughters saw her, and called her blessed. The queens and the concubines saw her, and they praised her."},{"verse":"10","text":"Who is she who looks out as the morning, beautiful as the moon, clear as the sun, and awesome as an army with banners?"},{"verse":"11","text":"I went down into the nut tree grove, to see the green plants of the valley, to see whether the vine budded, and the pomegranates were in flower."},{"verse":"12","text":"Without realizing it, my desire set me with my royal people’s chariots."},{"verse":"13","text":"Return, return, Shulammite! Return, return, that we may gaze at you. Why do you desire to gaze at the Shulammite, as at the dance of Mahanaim?"}]},{"chapter":"7","verses":[{"verse":"1","text":"How beautiful are your feet in sandals, prince’s daughter! Your rounded thighs are like jewels, the work of the hands of a skillful workman."},{"verse":"2","text":"Your body is like a round goblet, no mixed wine is wanting. Your waist is like a heap of wheat, set about with lilies."},{"verse":"3","text":"Your two breasts are like two fawns, that are twins of a roe."},{"verse":"4","text":"Your neck is like an ivory tower. Your eyes are like the pools in Heshbon by the gate of Bathrabbim. Your nose is like the tower of Lebanon which looks toward Damascus."},{"verse":"5","text":"Your head on you is like Carmel. The hair of your head like purple. The king is held captive in its tresses."},{"verse":"6","text":"How beautiful and how pleasant you are, love, for delights!"},{"verse":"7","text":"This, your stature, is like a palm tree, your breasts like its fruit."},{"verse":"8","text":"I said, “I will climb up into the palm tree. I will take hold of its fruit.” Let your breasts be like clusters of the vine, the smell of your breath like apples."},{"verse":"9","text":"Your mouth is like the best wine, that goes down smoothly for my beloved, gliding through the lips of those who are asleep."},{"verse":"10","text":"I am my beloved’s. His desire is toward me."},{"verse":"11","text":"Come, my beloved! Let’s go out into the field. Let’s lodge in the villages."},{"verse":"12","text":"Let’s go early up to the vineyards. Let’s see whether the vine has budded, its blossom is open, and the pomegranates are in flower. There I will give you my love."},{"verse":"13","text":"The mandrakes produce fragrance. At our doors are all kinds of precious fruits, new and old, which I have stored up for you, my beloved."}]},{"chapter":"8","verses":[{"verse":"1","text":"Oh that you were like my brother, who nursed from the breasts of my mother! If I found you outside, I would kiss you; yes, and no one would despise me."},{"verse":"2","text":"I would lead you, bringing you into the house of my mother, who would instruct me. I would have you drink spiced wine, of the juice of my pomegranate."},{"verse":"3","text":"His left hand would be under my head. His right hand would embrace me."},{"verse":"4","text":"I adjure you, daughters of Jerusalem, that you not stir up, nor awaken love, until it so desires."},{"verse":"5","text":"Who is this who comes up from the wilderness, leaning on her beloved? Under the apple tree I aroused you. There your mother conceived you. There she was in labor and bore you."},{"verse":"6","text":"Set me as a seal on your heart, as a seal on your arm; for love is strong as death. Jealousy is as cruel as Sheol. Its flashes are flashes of fire, a very flame of Yahweh."},{"verse":"7","text":"Many waters can’t quench love, neither can floods drown it. If a man would give all the wealth of his house for love, he would be utterly scorned."},{"verse":"8","text":"We have a little sister. She has no breasts. What shall we do for our sister in the day when she is to be spoken for?"},{"verse":"9","text":"If she is a wall, we will build on her a turret of silver. If she is a door, we will enclose her with boards of cedar."},{"verse":"10","text":"I am a wall, and my breasts like towers, then I was in his eyes like one who found peace."},{"verse":"11","text":"Solomon had a vineyard at Baal Hamon. He leased out the vineyard to keepers. Each was to bring a thousand shekels of silver for its fruit."},{"verse":"12","text":"My own vineyard is before me. The thousand are for you, Solomon, two hundred for those who tend its fruit."},{"verse":"13","text":"You who dwell in the gardens, with friends in attendance, let me hear your voice!"},{"verse":"14","text":"Come away, my beloved! Be like a gazelle or a young stag on the mountains of spices!"}]}],"book":"Song of Solomon"}