{"chapters":[{"chapter":"1","verses":[{"verse":"1","text":"In the eighth month, in the second year of Darius, Yehovah’s word came to Zechariah the son of Berechiah, the son of Iddo, the prophet, saying,"},{"verse":"2","text":"“Yehovah was very displeased with your fathers."},{"verse":"3","text":"Therefore tell them: Yehovah of Armies says: ‘Return to me,’ says Yehovah of Armies, ‘and I will return to you,’ says Yehovah of Armies."},{"verse":"4","text":"Don’t you be like your fathers, to whom the former prophets proclaimed, saying: Yehovah of Armies says, ‘Return now from your evil ways, and from your evil doings;’ but they didn’t hear, nor listen to me, says Yehovah."},{"verse":"5","text":"Your fathers, where are they? And the prophets, do they live forever?"},{"verse":"6","text":"But my words and my decrees, which I commanded my servants the prophets, didn’t they overtake your fathers? “Then they repented and said, ‘Just as Yehovah of Armies determined to do to us, according to our ways, and according to our practices, so he has dealt with us.’ ”"},{"verse":"7","text":"On the twenty-fourth day of the eleventh month, which is the month Shebat, in the second year of Darius, Yehovah’s word came to Zechariah the son of Berechiah, the son of Iddo, the prophet, saying,"},{"verse":"8","text":"“I had a vision in the night, and behold, a man riding on a red horse, and he stood among the myrtle trees that were in a ravine; and behind him there were red, brown, and white horses."},{"verse":"9","text":"Then I asked, ‘My lord, what are these?’ ” The angel who talked with me said to me, “I will show you what these are.”"},{"verse":"10","text":"The man who stood among the myrtle trees answered, “They are the ones Yehovah has sent to go back and forth through the earth.”"},{"verse":"11","text":"They reported to Yehovah’s angel who stood among the myrtle trees, and said, “We have walked back and forth through the earth, and behold, all the earth is at rest and in peace.”"},{"verse":"12","text":"Then Yehovah’s angel replied, “O Yehovah of Armies, how long will you not have mercy on Jerusalem and on the cities of Judah, against which you have had indignation these seventy years?”"},{"verse":"13","text":"Yehovah answered the angel who talked with me with kind and comforting words."},{"verse":"14","text":"So the angel who talked with me said to me, “Proclaim, saying, ‘Yehovah of Armies says: “I am jealous for Jerusalem and for Zion with a great jealousy."},{"verse":"15","text":"I am very angry with the nations that are at ease; for I was but a little displeased, but they added to the calamity.”"},{"verse":"16","text":"Therefore Yehovah says: “I have returned to Jerusalem with mercy. My house shall be built in it,” says Yehovah of Armies, “and a line shall be stretched out over Jerusalem.” ’"},{"verse":"17","text":"“Proclaim further, saying, ‘Yehovah of Armies says: “My cities will again overflow with prosperity, and Yehovah will again comfort Zion, and will again choose Jerusalem.” ’ ”"},{"verse":"18","text":"I lifted up my eyes, and saw, and behold, four horns."},{"verse":"19","text":"I asked the angel who talked with me, “What are these?” He answered me, “These are the horns which have scattered Judah, Israel, and Jerusalem.”"},{"verse":"20","text":"Yehovah showed me four craftsmen."},{"verse":"21","text":"Then I asked, “What are these coming to do?” He said, “These are the horns which scattered Judah, so that no man lifted up his head; but these have come to terrify them, to cast down the horns of the nations, which lifted up their horn against the land of Judah to scatter it.”"}]},{"chapter":"2","verses":[{"verse":"1","text":"I lifted up my eyes, and saw, and behold, a man with a measuring line in his hand."},{"verse":"2","text":"Then I asked, “Where are you going?” He said to me, “To measure Jerusalem, to see what is its width and what is its length.”"},{"verse":"3","text":"Behold, the angel who talked with me went out, and another angel went out to meet him,"},{"verse":"4","text":"and said to him, “Run, speak to this young man, saying, ‘Jerusalem will be inhabited as villages without walls, because of the multitude of men and livestock in it."},{"verse":"5","text":"For I,’ says Yehovah, ‘will be to her a wall of fire around it, and I will be the glory in the middle of her."},{"verse":"6","text":"Come! Come! Flee from the land of the north,’ says Yehovah; ‘for I have spread you abroad as the four winds of the sky,’ says Yehovah."},{"verse":"7","text":"‘Come, Zion! Escape, you who dwell with the daughter of Babylon.’"},{"verse":"8","text":"For Yehovah of Armies says: ‘For honor he has sent me to the nations which plundered you; for he who touches you touches the apple of his eye."},{"verse":"9","text":"For, behold, I will shake my hand over them, and they will be a plunder to those who served them; and you will know that Yehovah of Armies has sent me."},{"verse":"10","text":"Sing and rejoice, daughter of Zion; for, behold, I come, and I will dwell within you,’ says Yehovah."},{"verse":"11","text":"Many nations shall join themselves to Yehovah in that day, and shall be my people; and I will dwell among you, and you shall know that Yehovah of Armies has sent me to you."},{"verse":"12","text":"Yehovah will inherit Judah as his portion in the holy land, and will again choose Jerusalem."},{"verse":"13","text":"Be silent, all flesh, before Yehovah; for he has roused himself from his holy habitation!”"}]},{"chapter":"3","verses":[{"verse":"1","text":"He showed me Joshua the high priest standing before Yehovah’s angel, and Satan standing at his right hand to be his adversary."},{"verse":"2","text":"Yehovah said to Satan, “Yehovah rebuke you, Satan! Yes, Yehovah who has chosen Jerusalem rebuke you! Isn’t this a burning stick plucked out of the fire?”"},{"verse":"3","text":"Now Joshua was clothed with filthy garments, and was standing before the angel."},{"verse":"4","text":"He answered and spoke to those who stood before him, saying, “Take the filthy garments off him.” To him he said, “Behold, I have caused your iniquity to pass from you, and I will clothe you with rich clothing.”"},{"verse":"5","text":"I said, “Let them set a clean turban on his head.” So they set a clean turban on his head, and clothed him; and Yehovah’s angel was standing by."},{"verse":"6","text":"Yehovah’s angel protested to Joshua, saying,"},{"verse":"7","text":"“Yehovah of Armies says: ‘If you will walk in my ways, and if you will follow my instructions, then you also shall judge my house, and shall also keep my courts, and I will give you a place of access among these who stand by."},{"verse":"8","text":"Hear now, Joshua the high priest, you and your fellows who sit before you; for they are men who are a sign: for, behold, I will bring out my servant, the Branch."},{"verse":"9","text":"For, behold, the stone that I have set before Joshua; on one stone are seven eyes: behold, I will engrave its engraving,’ says Yehovah of Armies, ‘and I will remove the iniquity of that land in one day."},{"verse":"10","text":"In that day,’ says Yehovah of Armies, ‘you will invite every man his neighbor under the vine and under the fig tree.’ ”"}]},{"chapter":"4","verses":[{"verse":"1","text":"The angel who talked with me came again, and wakened me, as a man who is wakened out of his sleep."},{"verse":"2","text":"He said to me, “What do you see?” I said, “I have seen, and behold, a lamp stand all of gold, with its bowl on the top of it, and its seven lamps on it; there are seven pipes to each of the lamps, which are on the top of it;"},{"verse":"3","text":"and two olive trees by it, one on the right side of the bowl, and the other on the left side of it.”"},{"verse":"4","text":"I answered and spoke to the angel who talked with me, saying, “What are these, my lord?”"},{"verse":"5","text":"Then the angel who talked with me answered me, “Don’t you know what these are?” I said, “No, my lord.”"},{"verse":"6","text":"Then he answered and spoke to me, saying, “This is Yehovah’s word to Zerubbabel, saying, ‘Not by might, nor by power, but by my Spirit,’ says Yehovah of Armies."},{"verse":"7","text":"Who are you, great mountain? Before Zerubbabel you are a plain; and he will bring out the capstone with shouts of ‘Grace, grace, to it!’ ”"},{"verse":"8","text":"Moreover Yehovah’s word came to me, saying,"},{"verse":"9","text":"“The hands of Zerubbabel have laid the foundation of this house. His hands shall also finish it; and you will know that Yehovah of Armies has sent me to you."},{"verse":"10","text":"Indeed, who despises the day of small things? For these seven shall rejoice, and shall see the plumb line in the hand of Zerubbabel. These are Yehovah’s eyes, which run back and forth through the whole earth.”"},{"verse":"11","text":"Then I asked him, “What are these two olive trees on the right side of the lamp stand and on the left side of it?”"},{"verse":"12","text":"I asked him the second time, “What are these two olive branches, which are beside the two golden spouts, that pour the golden oil out of themselves?”"},{"verse":"13","text":"He answered me, “Don’t you know what these are?” I said, “No, my lord.”"},{"verse":"14","text":"Then he said, “These are the two anointed ones who stand by Yehovah  of the whole earth.”"}]},{"chapter":"5","verses":[{"verse":"1","text":"Then again I lifted up my eyes, and saw, and behold, a flying scroll."},{"verse":"2","text":"He said to me, “What do you see?” I answered, “I see a flying scroll; its length is twenty cubits, and its width ten cubits.”"},{"verse":"3","text":"Then he said to me, “This is the curse that goes out over the surface of the whole land; for everyone who steals shall be cut off according to it on the one side; and everyone who swears falsely shall be cut off according to it on the other side."},{"verse":"4","text":"I will cause it to go out,” says Yehovah of Armies, “and it will enter into the house of the thief, and into the house of him who swears falsely by my name; and it will remain in the middle of his house, and will destroy it with its timber and its stones.”"},{"verse":"5","text":"Then the angel who talked with me came forward, and said to me, “Lift up now your eyes, and see what this is that is appearing.”"},{"verse":"6","text":"I said, “What is it?” He said, “This is the ephah basket that is appearing.” He said moreover, “This is their appearance in all the land"},{"verse":"7","text":"(and behold, a talent of lead was lifted up); and this is a woman sitting in the middle of the ephah basket.”"},{"verse":"8","text":"He said, “This is Wickedness;” and he threw her down into the middle of the ephah basket; and he threw the weight of lead on its mouth."},{"verse":"9","text":"Then I lifted up my eyes and saw, and behold, there were two women, and the wind was in their wings. Now they had wings like the wings of a stork, and they lifted up the ephah basket between earth and the sky."},{"verse":"10","text":"Then I said to the angel who talked with me, “Where are these carrying the ephah basket?”"},{"verse":"11","text":"He said to me, “To build her a house in the land of Shinar. When it is prepared, she will be set there in her own place.”"}]},{"chapter":"6","verses":[{"verse":"1","text":"Again I lifted up my eyes, and saw, and behold, four chariots came out from between two mountains; and the mountains were mountains of bronze."},{"verse":"2","text":"In the first chariot were red horses; in the second chariot black horses;"},{"verse":"3","text":"in the third chariot white horses; and in the fourth chariot dappled horses, all of them powerful."},{"verse":"4","text":"Then I asked the angel who talked with me, “What are these, my lord?”"},{"verse":"5","text":"The angel answered me, “These are the four winds of the sky, which go out from standing before Yehovah of all the earth."},{"verse":"6","text":"The one with the black horses goes out toward the north country; and the white went out after them; and the dappled went out toward the south country.”"},{"verse":"7","text":"The strong went out, and sought to go that they might walk back and forth through the earth: and he said, “Go around and through the earth!” So they walked back and forth through the earth."},{"verse":"8","text":"Then he called to me, and spoke to me, saying, “Behold, those who go toward the north country have quieted my spirit in the north country.”"},{"verse":"9","text":"Yehovah’s word came to me, saying,"},{"verse":"10","text":"“Take of them of the captivity, even of Heldai, of Tobijah, and of Jedaiah; and come the same day, and go into the house of Josiah the son of Zephaniah, where they have come from Babylon."},{"verse":"11","text":"Yes, take silver and gold, and make crowns, and set them on the head of Joshua the son of Jehozadak, the high priest;"},{"verse":"12","text":"and speak to him, saying, ‘Yehovah of Armies says, “Behold, the man whose name is the Branch: and he shall grow up out of his place; and he shall build Yehovah’s temple;"},{"verse":"13","text":"even he shall build Yehovah’s temple; and he shall bear the glory, and shall sit and rule on his throne; and he shall be a priest on his throne; and the counsel of peace shall be between them both."},{"verse":"14","text":"The crowns shall be to Helem, and to Tobijah, and to Jedaiah, and to Hen the son of Zephaniah, for a memorial in Yehovah’s temple."},{"verse":"15","text":"Those who are far off shall come and build in Yehovah’s temple; and you shall know that Yehovah of Armies has sent me to you. This will happen, if you will diligently obey Yehovah your God’s voice.” ’ ”"}]},{"chapter":"7","verses":[{"verse":"1","text":"In the fourth year of king Darius, Yehovah’s word came to Zechariah in the fourth day of the ninth month, the month of Chislev."},{"verse":"2","text":"The people of Bethel sent Sharezer and Regem Melech, and their men, to entreat Yehovah’s favor,"},{"verse":"3","text":"and to speak to the priests of the house of Yehovah of Armies, and to the prophets, saying, “Should I weep in the fifth month, separating myself, as I have done these so many years?”"},{"verse":"4","text":"Then the word of Yehovah of Armies came to me, saying,"},{"verse":"5","text":"“Speak to all the people of the land, and to the priests, saying, ‘When you fasted and mourned in the fifth and in the seventh month for these seventy years, did you at all fast to me, really to me?"},{"verse":"6","text":"When you eat, and when you drink, don’t you eat for yourselves, and drink for yourselves?"},{"verse":"7","text":"Aren’t these the words which Yehovah proclaimed by the former prophets, when Jerusalem was inhabited and in prosperity, and its cities around her, and the South and the lowland were inhabited?’ ”"},{"verse":"8","text":"Yehovah’s word came to Zechariah, saying,"},{"verse":"9","text":"“Thus has Yehovah of Armies spoken, saying, ‘Execute true judgment, and show kindness and compassion every man to his brother."},{"verse":"10","text":"Don’t oppress the widow, nor the fatherless, the foreigner, nor the poor; and let none of you devise evil against his brother in your heart.’"},{"verse":"11","text":"But they refused to listen, and turned their backs, and stopped their ears, that they might not hear."},{"verse":"12","text":"Yes, they made their hearts as hard as flint, lest they might hear the law, and the words which Yehovah of Armies had sent by his Spirit by the former prophets. Therefore great wrath came from Yehovah of Armies."},{"verse":"13","text":"It has come to pass that, as he called, and they refused to listen, so they will call, and I will not listen,” said Yehovah of Armies;"},{"verse":"14","text":"“but I will scatter them with a whirlwind among all the nations which they have not known. Thus the land was desolate after them, so that no man passed through nor returned: for they made the pleasant land desolate.”"}]},{"chapter":"8","verses":[{"verse":"1","text":"The word of Yehovah of Armies came to me."},{"verse":"2","text":"Yehovah of Armies says: “I am jealous for Zion with great jealousy, and I am jealous for her with great wrath.”"},{"verse":"3","text":"Yehovah says: “I have returned to Zion, and will dwell in the middle of Jerusalem. Jerusalem shall be called ‘The City of Truth;’ and the mountain of Yehovah of Armies, ‘The Holy Mountain.’ ”"},{"verse":"4","text":"Yehovah of Armies says: “Old men and old women will again dwell in the streets of Jerusalem, every man with his staff in his hand for very age."},{"verse":"5","text":"The streets of the city will be full of boys and girls playing in its streets.”"},{"verse":"6","text":"Yehovah of Armies says: “If it is marvelous in the eyes of the remnant of this people in those days, should it also be marvelous in my eyes?” says Yehovah of Armies."},{"verse":"7","text":"Yehovah of Armies says: “Behold, I will save my people from the east country, and from the west country;"},{"verse":"8","text":"and I will bring them, and they will dwell within Jerusalem; and they will be my people, and I will be their God, in truth and in righteousness.”"},{"verse":"9","text":"Yehovah of Armies says: “Let your hands be strong, you who hear in these days these words from the mouth of the prophets who were in the day that the foundation of the house of Yehovah of Armies was laid, even the temple, that it might be built."},{"verse":"10","text":"For before those days there was no wages for man, nor any wages for an animal; neither was there any peace to him who went out or came in, because of the adversary. For I set all men everyone against his neighbor."},{"verse":"11","text":"But now I will not be to the remnant of this people as in the former days,” says Yehovah of Armies."},{"verse":"12","text":"“For the seed of peace and the vine will yield its fruit, and the ground will give its increase, and the heavens will give their dew; and I will cause the remnant of this people to inherit all these things."},{"verse":"13","text":"It shall come to pass that, as you were a curse among the nations, house of Judah and house of Israel, so I will save you, and you shall be a blessing. Don’t be afraid. Let your hands be strong.”"},{"verse":"14","text":"For Yehovah of Armies says: “As I thought to do evil to you, when your fathers provoked me to wrath,” says Yehovah of Armies, “and I didn’t repent;"},{"verse":"15","text":"so again I have thought in these days to do good to Jerusalem and to the house of Judah. Don’t be afraid."},{"verse":"16","text":"These are the things that you shall do: speak every man the truth with his neighbor. Execute the judgment of truth and peace in your gates,"},{"verse":"17","text":"and let none of you devise evil in your hearts against his neighbor, and love no false oath: for all these are things that I hate,” says Yehovah."},{"verse":"18","text":"The word of Yehovah of Armies came to me."},{"verse":"19","text":"Yehovah of Armies says: “The fasts of the fourth, fifth, seventh, and tenth months shall be for the house of Judah joy and gladness, and cheerful feasts. Therefore love truth and peace.”"},{"verse":"20","text":"Yehovah of Armies says: “Many peoples, and the inhabitants of many cities will yet come;"},{"verse":"21","text":"and the inhabitants of one shall go to another, saying, ‘Let’s go speedily to entreat the favor of Yehovah, and to seek Yehovah of Armies. I will go also.’"},{"verse":"22","text":"Yes, many peoples and strong nations will come to seek Yehovah of Armies in Jerusalem, and to entreat the favor of Yehovah.”"},{"verse":"23","text":"Yehovah of Armies says: “In those days, ten men will take hold, out of all the languages of the nations, they will take hold of the skirt of him who is a Jew, saying, ‘We will go with you, for we have heard that God is with you.’ ”"}]},{"chapter":"9","verses":[{"verse":"1","text":"A revelation. Yehovah’s word is against the land of Hadrach, and will rest upon Damascus; for the eye of man and of all the tribes of Israel is toward Yehovah;"},{"verse":"2","text":"and Hamath, also, which borders on it; Tyre and Sidon, because they are very wise."},{"verse":"3","text":"Tyre built herself a stronghold, and heaped up silver like the dust, and fine gold like the mire of the streets."},{"verse":"4","text":"Behold, Yehovah will dispossess her, and he will strike her power in the sea; and she will be devoured with fire."},{"verse":"5","text":"Ashkelon will see it, and fear; Gaza also, and will writhe in agony; as will Ekron, for her expectation will be disappointed; and the king will perish from Gaza, and Ashkelon will not be inhabited."},{"verse":"6","text":"Foreigners will dwell in Ashdod, and I will cut off the pride of the Philistines."},{"verse":"7","text":"I will take away his blood out of his mouth, and his abominations from between his teeth; and he also will be a remnant for our God; and he will be as a chieftain in Judah, and Ekron as a Jebusite."},{"verse":"8","text":"I will encamp around my house against the army, that no one pass through or return; and no oppressor will pass through them any more: for now I have seen with my eyes."},{"verse":"9","text":"Rejoice greatly, daughter of Zion! Shout, daughter of Jerusalem! Behold, your King comes to you! He is righteous, and having salvation; lowly, and riding on a donkey, even on a colt, the foal of a donkey."},{"verse":"10","text":"I will cut off the chariot from Ephraim, and the horse from Jerusalem; and the battle bow will be cut off; and he will speak peace to the nations: and his dominion will be from sea to sea, and from the River to the ends of the earth."},{"verse":"11","text":"As for you also, because of the blood of your covenant, I have set free your prisoners from the pit in which is no water."},{"verse":"12","text":"Turn to the stronghold, you prisoners of hope! Even today I declare that I will restore double to you."},{"verse":"13","text":"For indeed I bend Judah as a bow for me. I have filled the bow with Ephraim; and I will stir up your sons, Zion, against your sons, Greece, and will make you like the sword of a mighty man."},{"verse":"14","text":"Yehovah will be seen over them; and his arrow will go flash like lightning; and Yehovah Yehovah will blow the trumpet, and will go with whirlwinds of the south."},{"verse":"15","text":"Yehovah of Armies will defend them; and they will destroy and overcome with sling stones; and they will drink, and roar as through wine; and they will be filled like bowls, like the corners of the altar."},{"verse":"16","text":"Yehovah their God will save them in that day as the flock of his people; for they are like the jewels of a crown, lifted on high over his land."},{"verse":"17","text":"For how great is his goodness, and how great is his beauty! Grain will make the young men flourish, and new wine the virgins."}]},{"chapter":"10","verses":[{"verse":"1","text":"Ask of Yehovah rain in the spring time, Yehovah who makes storm clouds, and he gives rain showers to everyone for the plants in the field."},{"verse":"2","text":"For the teraphim have spoken vanity, and the diviners have seen a lie; and they have told false dreams. They comfort in vain. Therefore they go their way like sheep. They are oppressed, because there is no shepherd."},{"verse":"3","text":"My anger is kindled against the shepherds, and I will punish the male goats; For Yehovah of Armies has visited his flock, the house of Judah, and will make them as his majestic horse in the battle."},{"verse":"4","text":"From him will come the cornerstone, from him the nail, from him the battle bow, from him every ruler together."},{"verse":"5","text":"They shall be as mighty men, treading down muddy streets in the battle; and they shall fight, because Yehovah is with them; and the riders on horses will be confounded."},{"verse":"6","text":"“I will strengthen the house of Judah, and I will save the house of Joseph, and I will bring them back; for I have mercy on them; and they will be as though I had not cast them off: for I am Yehovah their God, and I will hear them."},{"verse":"7","text":"Ephraim will be like a mighty man, and their heart will rejoice as through wine; yes, their children will see it, and rejoice. Their heart will be glad in Yehovah."},{"verse":"8","text":"I will signal for them, and gather them; for I have redeemed them; and they will increase as they have increased."},{"verse":"9","text":"I will sow them among the peoples; and they will remember me in far countries; and they will live with their children, and will return."},{"verse":"10","text":"I will bring them again also out of the land of Egypt, and gather them out of Assyria; and I will bring them into the land of Gilead and Lebanon; and there won’t be room enough for them."},{"verse":"11","text":"He will pass through the sea of affliction, and will strike the waves in the sea, and all the depths of the Nile will dry up; and the pride of Assyria will be brought down, and the scepter of Egypt will depart."},{"verse":"12","text":"I will strengthen them in Yehovah; and they will walk up and down in his name,” says Yehovah."}]},{"chapter":"11","verses":[{"verse":"1","text":"Open your doors, Lebanon, that the fire may devour your cedars."},{"verse":"2","text":"Wail, cypress tree, for the cedar has fallen, because the stately ones are destroyed. Wail, you oaks of Bashan, for the strong forest has come down."},{"verse":"3","text":"A voice of the wailing of the shepherds! For their glory is destroyed: a voice of the roaring of young lions! For the pride of the Jordan is ruined."},{"verse":"4","text":"Yehovah my God says: “Feed the flock of slaughter."},{"verse":"5","text":"Their buyers slaughter them, and go unpunished. Those who sell them say, ‘Blessed be Yehovah, for I am rich;’ and their own shepherds don’t pity them."},{"verse":"6","text":"For I will no more pity the inhabitants of the land,” says Yehovah; “but, behold, I will deliver the men everyone into his neighbor’s hand, and into the hand of his king. They will strike the land, and out of their hand I will not deliver them.”"},{"verse":"7","text":"So I fed the flock of slaughter, especially the oppressed of the flock. I took for myself two staffs. The one I called “Favor”, and the other I called “Union”, and I fed the flock."},{"verse":"8","text":"I cut off the three shepherds in one month; for my soul was weary of them, and their soul also loathed me."},{"verse":"9","text":"Then I said, “I will not feed you. That which dies, let it die; and that which is to be cut off, let it be cut off; and let those who are left eat each other’s flesh.”"},{"verse":"10","text":"I took my staff Favor, and cut it apart, that I might break my covenant that I had made with all the peoples."},{"verse":"11","text":"It was broken in that day; and thus the poor of the flock that listened to me knew that it was Yehovah’s word."},{"verse":"12","text":"I said to them, “If you think it best, give me my wages; and if not, keep them.” So they weighed for my wages thirty pieces of silver."},{"verse":"13","text":"Yehovah said to me, “Throw it to the potter, the handsome price that I was valued at by them!” I took the thirty pieces of silver, and threw them to the potter, in Yehovah’s house."},{"verse":"14","text":"Then I cut apart my other staff, even Union, that I might break the brotherhood between Judah and Israel."},{"verse":"15","text":"Yehovah said to me, “Take for yourself yet again the equipment of a foolish shepherd."},{"verse":"16","text":"For, behold, I will raise up a shepherd in the land, who will not visit those who are cut off, neither will seek those who are scattered, nor heal that which is broken, nor feed that which is sound; but he will eat the meat of the fat sheep, and will tear their hoofs in pieces."},{"verse":"17","text":"Woe to the worthless shepherd who leaves the flock! The sword will be on his arm, and on his right eye. His arm will be completely withered, and his right eye will be totally blinded!”"}]},{"chapter":"12","verses":[{"verse":"1","text":"A revelation, Yehovah’s word concerning Israel. Yehovah, who stretches out the heavens, and lays the foundation of the earth, and forms the spirit of man within him says:"},{"verse":"2","text":"“Behold, I will make Jerusalem a cup of reeling to all the surrounding peoples, and it will also be on Judah in the siege against Jerusalem."},{"verse":"3","text":"It will happen in that day, that I will make Jerusalem a burdensome stone for all the peoples. All who burden themselves with it will be severely wounded, and all the nations of the earth will be gathered together against it."},{"verse":"4","text":"In that day,” says Yehovah, “I will strike every horse with terror, and his rider with madness; and I will open my eyes on the house of Judah, and will strike every horse of the peoples with blindness."},{"verse":"5","text":"The chieftains of Judah will say in their heart, ‘The inhabitants of Jerusalem are my strength in Yehovah of Armies their God.’"},{"verse":"6","text":"In that day I will make the chieftains of Judah like a pan of fire among wood, and like a flaming torch among sheaves; and they will devour all the surrounding peoples, on the right hand and on the left; and Jerusalem will yet again dwell in their own place, even in Jerusalem."},{"verse":"7","text":"Yehovah also will save the tents of Judah first, that the glory of David’s house and the glory of the inhabitants of Jerusalem not be magnified above Judah."},{"verse":"8","text":"In that day Yehovah will defend the inhabitants of Jerusalem. He who is feeble among them at that day will be like David, and David’s house will be like God, like Yehovah’s angel before them."},{"verse":"9","text":"It will happen in that day, that I will seek to destroy all the nations that come against Jerusalem."},{"verse":"10","text":"I will pour on David’s house, and on the inhabitants of Jerusalem, the spirit of grace and of supplication; and they will look to me whom they have pierced; and they shall mourn for him, as one mourns for his only son, and will grieve bitterly for him, as one grieves for his firstborn."},{"verse":"11","text":"In that day there will be a great mourning in Jerusalem, like the mourning of Hadadrimmon in the valley of Megiddon."},{"verse":"12","text":"The land will mourn, every family apart; the family of David’s house apart, and their wives apart; the family of the house of Nathan apart, and their wives apart;"},{"verse":"13","text":"the family of the house of Levi apart, and their wives apart; the family of the Shimeites apart, and their wives apart;"},{"verse":"14","text":"all the families who remain, every family apart, and their wives apart."}]},{"chapter":"13","verses":[{"verse":"1","text":"“In that day there will be a spring opened to David’s house and to the inhabitants of Jerusalem, for sin and for uncleanness."},{"verse":"2","text":"It will come to pass in that day, says Yehovah of Armies, that I will cut off the names of the idols out of the land, and they will be remembered no more. I will also cause the prophets and the spirit of impurity to pass out of the land."},{"verse":"3","text":"It will happen that, when anyone still prophesies, then his father and his mother who bore him will tell him, ‘You must die, because you speak lies in Yehovah’s name;’ and his father and his mother who bore him will stab him when he prophesies."},{"verse":"4","text":"It will happen in that day, that the prophets will each be ashamed of his vision, when he prophesies; neither will they wear a hairy mantle to deceive:"},{"verse":"5","text":"but he will say, ‘I am no prophet, I am a tiller of the ground; for I have been made a bondservant from my youth.’"},{"verse":"6","text":"One will say to him, ‘What are these wounds between your arms?’ Then he will answer, ‘Those with which I was wounded in the house of my friends.’"},{"verse":"7","text":"“Awake, sword, against my shepherd, and against the man who is close to me,” says Yehovah of Armies. “Strike the shepherd, and the sheep will be scattered; and I will turn my hand against the little ones."},{"verse":"8","text":"It shall happen that in all the land,” says Yehovah, “two parts in it will be cut off and die; but the third will be left in it."},{"verse":"9","text":"I will bring the third part into the fire, and will refine them as silver is refined, and will test them like gold is tested. They will call on my name, and I will hear them. I will say, ‘It is my people;’ and they will say, ‘Yehovah is my God.’ ”"}]},{"chapter":"14","verses":[{"verse":"1","text":"Behold, a day of Yehovah comes, when your plunder will be divided within you."},{"verse":"2","text":"For I will gather all nations against Jerusalem to battle; and the city will be taken, the houses rifled, and the women ravished. Half of the city will go out into captivity, and the rest of the people will not be cut off from the city."},{"verse":"3","text":"Then Yehovah will go out and fight against those nations, as when he fought in the day of battle."},{"verse":"4","text":"His feet will stand in that day on the Mount of Olives, which is before Jerusalem on the east; and the Mount of Olives will be split in two, from east to west, making a very great valley. Half of the mountain will move toward the north, and half of it toward the south."},{"verse":"5","text":"You shall flee by the valley of my mountains; for the valley of the mountains shall reach to Azel; yes, you shall flee, just like you fled from before the earthquake in the days of Uzziah king of Judah. Yehovah my God will come, and all the holy ones with you."},{"verse":"6","text":"It will happen in that day, that there will not be light, cold, or frost."},{"verse":"7","text":"It will be a unique day which is known to Yehovah; not day, and not night; but it will come to pass, that at evening time there will be light."},{"verse":"8","text":"It will happen in that day, that living waters will go out from Jerusalem: half of them toward the eastern sea, and half of them toward the western sea. It will be so in summer and in winter."},{"verse":"9","text":"Yehovah will be King over all the earth. In that day Yehovah will be one, and his name one."},{"verse":"10","text":"All the land will be made like the Arabah, from Geba to Rimmon south of Jerusalem; and she will be lifted up, and will dwell in her place, from Benjamin’s gate to the place of the first gate, to the corner gate, and from the tower of Hananel to the king’s wine presses."},{"verse":"11","text":"Men will dwell therein, and there will be no more curse; but Jerusalem will dwell safely."},{"verse":"12","text":"This will be the plague with which Yehovah will strike all the peoples who have fought against Jerusalem: their flesh will consume away while they stand on their feet, and their eyes will consume away in their sockets, and their tongue will consume away in their mouth."},{"verse":"13","text":"It will happen in that day, that a great panic from Yehovah will be among them; and they will each hold onto the hand of his neighbor, and his hand will rise up against the hand of his neighbor."},{"verse":"14","text":"Judah also will fight at Jerusalem; and the wealth of all the surrounding nations will be gathered together: gold, and silver, and clothing, in great abundance."},{"verse":"15","text":"A plague like this will fall on the horse, on the mule, on the camel, on the donkey, and on all the animals that will be in those camps."},{"verse":"16","text":"It will happen that everyone who is left of all the nations that came against Jerusalem will go up from year to year to worship the King, Yehovah of Armies, and to keep the feast of booths."},{"verse":"17","text":"It will be, that whoever of all the families of the earth doesn’t go up to Jerusalem to worship the King, Yehovah of Armies, on them there will be no rain."},{"verse":"18","text":"If the family of Egypt doesn’t go up, and doesn’t come, neither will it rain on them. This will be the plague with which Yehovah will strike the nations that don’t go up to keep the feast of booths."},{"verse":"19","text":"This will be the punishment of Egypt, and the punishment of all the nations that don’t go up to keep the feast of booths."},{"verse":"20","text":"In that day there will be on the bells of the horses, “HOLY TO YAHWEH”; and the pots in Yehovah’s house will be like the bowls before the altar."},{"verse":"21","text":"Yes, every pot in Jerusalem and in Judah will be holy to Yehovah of Armies; and all those who sacrifice will come and take of them, and cook in them. In that day there will no longer be a Canaanite in the house of Yehovah of Armies."}]}],"book":"Zechariah"}