{"book":"Jonah","chapters":[{"chapter":"1","verses":[{"verse":"1","text":"Now the word of Yehovah came unto Jonah the son of Amittai, saying,"},{"verse":"2","text":"Arise, go to Nineveh, that great city, and cry against it; for their wickedness is come up before me."},{"verse":"3","text":"But Jonah rose up to flee unto Tarshish from the presence of Yehovah, and went down to Joppa; and he found a ship going to Tarshish: so he paid the fare thereof, and went down into it, to go with them unto Tarshish from the presence of Yehovah."},{"verse":"4","text":"But Yehovah sent out a great wind into the sea, and there was a mighty tempest in the sea, so that the ship was like to be broken."},{"verse":"5","text":"Then the mariners were afraid, and cried every man unto his god, and cast forth the wares that were in the ship into the sea, to lighten it of them. But Jonah was gone down into the sides of the ship; and he lay, and was fast asleep."},{"verse":"6","text":"So the shipmaster came to him, and said unto him, What meanest thou, O sleeper? arise, call upon thy God, if so be that God will think upon us, that we perish not."},{"verse":"7","text":"And they said every one to his fellow, Come, and let us cast lots, that we may know for whose cause this evil is upon us. So they cast lots, and the lot fell upon Jonah."},{"verse":"8","text":"Then said they unto him, Tell us, we pray thee, for whose cause this evil is upon us; What is thine occupation? and whence comest thou? what is thy country? and of what people art thou?"},{"verse":"9","text":"And he said unto them, I am an Hebrew; and I fear Yehovah, the God of heaven, which hath made the sea and the dry land."},{"verse":"10","text":"Then were the men exceedingly afraid, and said unto him, Why hast thou done this? For the men knew that he fled from the presence of Yehovah, because he had told them."},{"verse":"11","text":"Then said they unto him, What shall we do unto thee, that the sea may be calm unto us? for the sea wrought, and was tempestuous."},{"verse":"12","text":"And he said unto them, Take me up, and cast me forth into the sea; so shall the sea be calm unto you: for I know that for my sake this great tempest is upon you."},{"verse":"13","text":"Nevertheless the men rowed hard to bring it to the land; but they could not: for the sea wrought, and was tempestuous against them."},{"verse":"14","text":"Wherefore they cried unto Yehovah, and said, We beseech thee, O Yehovah, we beseech thee, let us not perish for this man’s life, and lay not upon us innocent blood: for thou, O Yehovah, hast done as it pleased thee."},{"verse":"15","text":"So they took up Jonah, and cast him forth into the sea: and the sea ceased from her raging."},{"verse":"16","text":"Then the men feared Yehovah exceedingly, and offered a sacrifice unto Yehovah, and made vows."},{"verse":"17","text":"Now Yehovah had prepared a great fish to swallow up Jonah. And Jonah was in the belly of the fish three days and three nights."}]},{"chapter":"2","verses":[{"verse":"1","text":"Then Jonah prayed unto Yehovah his God out of the fish’s belly,"},{"verse":"2","text":"And said, I cried by reason of mine affliction unto Yehovah, and he heard me; out of the belly of hell cried I, and thou heardest my voice."},{"verse":"3","text":"For thou hadst cast me into the deep, in the midst of the seas; and the floods compassed me about: all thy billows and thy waves passed over me."},{"verse":"4","text":"Then I said, I am cast out of thy sight; yet I will look again toward thy holy temple."},{"verse":"5","text":"The waters compassed me about, even to the soul: the depth closed me round about, the weeds were wrapped about my head."},{"verse":"6","text":"I went down to the bottoms of the mountains; the earth with her bars was about me for ever: yet hast thou brought up my life from corruption, O Yehovah my God."},{"verse":"7","text":"When my soul fainted within me I remembered Yehovah: and my prayer came in unto thee, into thine holy temple."},{"verse":"8","text":"They that observe lying vanities forsake their own mercy."},{"verse":"9","text":"But I will sacrifice unto thee with the voice of thanksgiving; I will pay that that I have vowed. Salvation is of Yehovah."},{"verse":"10","text":"And Yehovah spake unto the fish, and it vomited out Jonah upon the dry land."}]},{"chapter":"3","verses":[{"verse":"1","text":"And the word of Yehovah came unto Jonah the second time, saying,"},{"verse":"2","text":"Arise, go unto Nineveh, that great city, and preach unto it the preaching that I bid thee."},{"verse":"3","text":"So Jonah arose, and went unto Nineveh, according to the word of Yehovah. Now Nineveh was an exceeding great city of three days’ journey."},{"verse":"4","text":"And Jonah began to enter into the city a day’s journey, and he cried, and said, Yet forty days, and Nineveh shall be overthrown."},{"verse":"5","text":"So the people of Nineveh believed God, and proclaimed a fast, and put on sackcloth, from the greatest of them even to the least of them."},{"verse":"6","text":"For word came unto the king of Nineveh, and he arose from his throne, and he laid his robe from him, and covered him with sackcloth, and sat in ashes."},{"verse":"7","text":"And he caused it to be proclaimed and published through Nineveh by the decree of the king and his nobles, saying, Let neither man nor beast, herd nor flock, taste any thing: let them not feed, nor drink water:"},{"verse":"8","text":"But let man and beast be covered with sackcloth, and cry mightily unto God: yea, let them turn every one from his evil way, and from the violence that is in their hands."},{"verse":"9","text":"Who can tell if God will turn and repent, and turn away from his fierce anger, that we perish not?"},{"verse":"10","text":"And God saw their works, that they turned from their evil way; and God repented of the evil, that he had said that he would do unto them; and he did it not."}]},{"chapter":"4","verses":[{"verse":"1","text":"But it displeased Jonah exceedingly, and he was very angry."},{"verse":"2","text":"And he prayed unto Yehovah, and said, I pray thee, O Yehovah, was not this my saying, when I was yet in my country? Therefore I fled before unto Tarshish: for I knew that thou art a gracious God, and merciful, slow to anger, and of great kindness, and repentest thee of the evil."},{"verse":"3","text":"Therefore now, O Yehovah, take, I beseech thee, my life from me; for it is better for me to die than to live."},{"verse":"4","text":"Then said Yehovah, Doest thou well to be angry?"},{"verse":"5","text":"So Jonah went out of the city, and sat on the east side of the city, and there made him a booth, and sat under it in the shadow, till he might see what would become of the city."},{"verse":"6","text":"And Yehovah God prepared a gourd, and made it to come up over Jonah, that it might be a shadow over his head, to deliver him from his grief. So Jonah was exceeding glad of the gourd."},{"verse":"7","text":"But God prepared a worm when the morning rose the next day, and it smote the gourd that it withered."},{"verse":"8","text":"And it came to pass, when the sun did arise, that God prepared a vehement east wind; and the sun beat upon the head of Jonah, that he fainted, and wished in himself to die, and said, It is better for me to die than to live."},{"verse":"9","text":"And God said to Jonah, Doest thou well to be angry for the gourd? And he said, I do well to be angry, even unto death."},{"verse":"10","text":"Then said Yehovah, Thou hast had pity on the gourd, for the which thou hast not laboured, neither madest it grow; which came up in a night, and perished in a night:"},{"verse":"11","text":"And should not I spare Nineveh, that great city, wherein are more than sixscore thousand persons that cannot discern between their right hand and their left hand; and also much cattle?"}]}]}