{"chapters":[{"chapter":"1","verses":[{"verse":"1","text":"Peter, an apostle of Jesus Christ, to the chosen ones who are living as foreigners in the Dispersion in Pontus, Galatia, Cappadocia, Asia, and Bithynia,"},{"verse":"2","text":"according to the foreknowledge of God the Father, in sanctification of the Spirit, that you may obey Jesus Christ and be sprinkled with his blood: Grace to you and peace be multiplied."},{"verse":"3","text":"Blessed be the God and Father of our Lord Jesus Christ, who according to his great mercy caused us to be born again to a living hope through the resurrection of Jesus Christ from the dead,"},{"verse":"4","text":"to an incorruptible and undefiled inheritance that doesn’t fade away, reserved in Heaven for you,"},{"verse":"5","text":"who by the power of God are guarded through faith for a salvation ready to be revealed in the last time."},{"verse":"6","text":"Wherein you greatly rejoice, though now for a little while, if need be, you have been grieved in various trials,"},{"verse":"7","text":"that the proof of your faith, which is more precious than gold that perishes even though it is tested by fire, may be found to result in praise, glory, and honor at the revelation of Jesus Christ—"},{"verse":"8","text":"whom, not having known, you love. In him, though now you don’t see him, yet believing, you rejoice greatly with joy that is unspeakable and full of glory,"},{"verse":"9","text":"receiving the result of your faith, the salvation of your souls."},{"verse":"10","text":"Concerning this salvation, the prophets sought and searched diligently. They prophesied of the grace that would come to you,"},{"verse":"11","text":"searching for who or what kind of time the Spirit of Christ, which was in them, pointed to, when he predicted the sufferings of Christ, and the glories that would follow them."},{"verse":"12","text":"To them it was revealed, that they served not to themselves, but to you, in these things, which now have been announced to you through those who preached the Good News to you by the Holy Spirit sent out from heaven; which things angels desire to look into."},{"verse":"13","text":"Therefore prepare your minds for action. Be sober, and set your hope fully on the grace that will be brought to you at the revelation of Jesus Christ—"},{"verse":"14","text":"as children of obedience, not conforming yourselves according to your former lusts as in your ignorance,"},{"verse":"15","text":"but just as he who called you is holy, you yourselves also be holy in all of your behavior;"},{"verse":"16","text":"because it is written, “You shall be holy; for I am holy.”"},{"verse":"17","text":"If you call on him as Father, who without respect of persons judges according to each man’s work, pass the time of your living as foreigners here in reverent fear,"},{"verse":"18","text":"knowing that you were redeemed, not with corruptible things, with silver or gold, from the useless way of life handed down from your fathers,"},{"verse":"19","text":"but with precious blood, as of a lamb without blemish or spot, the blood of Christ,"},{"verse":"20","text":"who was foreknown indeed before the foundation of the world, but was revealed in this last age for your sake,"},{"verse":"21","text":"who through him are believers in God, who raised him from the dead, and gave him glory, so that your faith and hope might be in God."},{"verse":"22","text":"Seeing you have purified your souls in your obedience to the truth through the Spirit in sincere brotherly affection, love one another from the heart fervently,"},{"verse":"23","text":"having been born again, not of corruptible seed, but of incorruptible, through the word of God, which lives and remains forever."},{"verse":"24","text":"For, “All flesh is like grass, and all of man’s glory like the flower in the grass. The grass withers, and its flower falls;"},{"verse":"25","text":"but the Lord’s word endures forever.” This is the word of Good News which was preached to you."}]},{"chapter":"2","verses":[{"verse":"1","text":"Putting away therefore all wickedness, all deceit, hypocrisies, envies, and all evil speaking,"},{"verse":"2","text":"as newborn babies, long for the pure milk of the Word, that with it you may grow,"},{"verse":"3","text":"if indeed you have tasted that the Lord is gracious:"},{"verse":"4","text":"coming to him, a living stone, rejected indeed by men, but chosen by God, precious."},{"verse":"5","text":"You also, as living stones, are built up as a spiritual house, to be a holy priesthood, to offer up spiritual sacrifices, acceptable to God through Jesus Christ."},{"verse":"6","text":"Because it is contained in Scripture, “Behold, I lay in Zion a chief cornerstone, chosen and precious: He who believes in him will not be disappointed.”"},{"verse":"7","text":"For you who believe therefore is the honor, but for those who are disobedient, “The stone which the builders rejected has become the chief cornerstone,”"},{"verse":"8","text":"and, “a stumbling stone and a rock of offense.” For they stumble at the word, being disobedient, to which also they were appointed."},{"verse":"9","text":"But you are a chosen race, a royal priesthood, a holy nation, a people for God’s own possession, that you may proclaim the excellence of him who called you out of darkness into his marvelous light."},{"verse":"10","text":"In the past, you were not a people, but now are God’s people, who had not obtained mercy, but now have obtained mercy."},{"verse":"11","text":"Beloved, I beg you as foreigners and pilgrims, to abstain from fleshly lusts, which war against the soul;"},{"verse":"12","text":"having good behavior among the nations, so in that of which they speak against you as evildoers, they may by your good works, which they see, glorify God in the day of visitation."},{"verse":"13","text":"Therefore subject yourselves to every ordinance of man for the Lord’s sake: whether to the king, as supreme;"},{"verse":"14","text":"or to governors, as sent by him for vengeance on evildoers and for praise to those who do well."},{"verse":"15","text":"For this is the will of God, that by well-doing you should put to silence the ignorance of foolish men:"},{"verse":"16","text":"as free, and not using your freedom for a cloak of wickedness, but as bondservants of God."},{"verse":"17","text":"Honor all men. Love the brotherhood. Fear God. Honor the king."},{"verse":"18","text":"Servants, be in subjection to your masters with all respect: not only to the good and gentle, but also to the wicked."},{"verse":"19","text":"For it is commendable if someone endures pain, suffering unjustly, because of conscience toward God."},{"verse":"20","text":"For what glory is it if, when you sin, you patiently endure beating? But if, when you do well, you patiently endure suffering, this is commendable with God."},{"verse":"21","text":"For you were called to this, because Christ also suffered for us, leaving you an example, that you should follow his steps,"},{"verse":"22","text":"who didn’t sin, “neither was deceit found in his mouth.”"},{"verse":"23","text":"When he was cursed, he didn’t curse back. When he suffered, he didn’t threaten, but committed himself to him who judges righteously."},{"verse":"24","text":"He himself bore our sins in his body on the tree, that we, having died to sins, might live to righteousness. You were healed by his wounds."},{"verse":"25","text":"For you were going astray like sheep; but now you have returned to the Shepherd and Overseer of your souls."}]},{"chapter":"3","verses":[{"verse":"1","text":"In the same way, wives, be in subjection to your own husbands; so that, even if any don’t obey the Word, they may be won by the behavior of their wives without a word,"},{"verse":"2","text":"seeing your pure behavior in fear."},{"verse":"3","text":"Let your beauty be not just the outward adorning of braiding the hair, and of wearing jewels of gold, or of putting on fine clothing;"},{"verse":"4","text":"but in the hidden person of the heart, in the incorruptible adornment of a gentle and quiet spirit, which is very precious in the sight of God."},{"verse":"5","text":"For this is how in the past, the holy women who hoped in God also adorned themselves, being in subjection to their own husbands."},{"verse":"6","text":"So Sarah obeyed Abraham, calling him lord, whose children you now are, if you do well, and are not put in fear by any terror."},{"verse":"7","text":"You husbands, in the same way, live with your wives according to knowledge, giving honor to the woman, as to the weaker vessel, as also being joint heirs of the grace of life, that your prayers may not be hindered."},{"verse":"8","text":"Finally, all of you be like-minded, compassionate, loving as brothers, tenderhearted, courteous,"},{"verse":"9","text":"not rendering evil for evil, or insult for insult; but instead blessing, knowing that you were called to this, that you may inherit a blessing."},{"verse":"10","text":"For, “He who would love life and see good days, let him keep his tongue from evil and his lips from speaking deceit."},{"verse":"11","text":"Let him turn away from evil and do good. Let him seek peace and pursue it."},{"verse":"12","text":"For the eyes of the Lord are on the righteous, and his ears open to their prayer; but the face of the Lord is against those who do evil.”"},{"verse":"13","text":"Now who will harm you if you become imitators of that which is good?"},{"verse":"14","text":"But even if you should suffer for righteousness’ sake, you are blessed. “Don’t fear what they fear, neither be troubled.”"},{"verse":"15","text":"But sanctify the Lord God in your hearts. Always be ready to give an answer to everyone who asks you a reason concerning the hope that is in you, with humility and fear,"},{"verse":"16","text":"having a good conscience. Thus, while you are spoken against as evildoers, they may be disappointed who curse your good way of life in Christ."},{"verse":"17","text":"For it is better, if it is God’s will, that you suffer for doing well than for doing evil."},{"verse":"18","text":"Because Christ also suffered for sins once, the righteous for the unrighteous, that he might bring you to God, being put to death in the flesh, but made alive in the Spirit,"},{"verse":"19","text":"in whom he also went and preached to the spirits in prison,"},{"verse":"20","text":"who before were disobedient, when God waited patiently in the days of Noah, while the ship was being built. In it, few, that is, eight souls, were saved through water."},{"verse":"21","text":"This is a symbol of baptism, which now saves you—not the putting away of the filth of the flesh, but the answer of a good conscience toward God, through the resurrection of Jesus Christ,"},{"verse":"22","text":"who is at the right hand of God, having gone into heaven, angels and authorities and powers being made subject to him."}]},{"chapter":"4","verses":[{"verse":"1","text":"Therefore, since Christ suffered for us in the flesh, arm yourselves also with the same mind; for he who has suffered in the flesh has ceased from sin,"},{"verse":"2","text":"that you no longer should live the rest of your time in the flesh for the lusts of men, but for the will of God."},{"verse":"3","text":"For we have spent enough of our past time doing the desire of the Gentiles, and having walked in lewdness, lusts, drunken binges, orgies, carousings, and abominable idolatries."},{"verse":"4","text":"They think it is strange that you don’t run with them into the same excess of riot, blaspheming."},{"verse":"5","text":"They will give account to him who is ready to judge the living and the dead."},{"verse":"6","text":"For to this end the Good News was preached even to the dead, that they might be judged indeed as men in the flesh, but live as to God in the spirit."},{"verse":"7","text":"But the end of all things is near. Therefore be of sound mind, self-controlled, and sober in prayer."},{"verse":"8","text":"And above all things be earnest in your love among yourselves, for love covers a multitude of sins."},{"verse":"9","text":"Be hospitable to one another without grumbling."},{"verse":"10","text":"As each has received a gift, employ it in serving one another, as good managers of the grace of God in its various forms."},{"verse":"11","text":"If anyone speaks, let it be as it were the very words of God. If anyone serves, let it be as of the strength which God supplies, that in all things God may be glorified through Jesus Christ, to whom belong the glory and the dominion forever and ever. Amen."},{"verse":"12","text":"Beloved, don’t be astonished at the fiery trial which has come upon you to test you, as though a strange thing happened to you."},{"verse":"13","text":"But because you are partakers of Christ’s sufferings, rejoice, that at the revelation of his glory you also may rejoice with exceeding joy."},{"verse":"14","text":"If you are insulted for the name of Christ, you are blessed; because the Spirit of glory and of God rests on you. On their part he is blasphemed, but on your part he is glorified."},{"verse":"15","text":"For let none of you suffer as a murderer, or a thief, or an evil doer, or a meddler in other men’s matters."},{"verse":"16","text":"But if one of you suffers for being a Christian, let him not be ashamed; but let him glorify God in this matter."},{"verse":"17","text":"For the time has come for judgment to begin with the household of God. If it begins first with us, what will happen to those who don’t obey the Good News of God?"},{"verse":"18","text":"“If it is hard for the righteous to be saved, what will happen to the ungodly and the sinner?”"},{"verse":"19","text":"Therefore let them also who suffer according to the will of God in doing good entrust their souls to him, as to a faithful Creator."}]},{"chapter":"5","verses":[{"verse":"1","text":"Therefore I exhort the elders among you, as a fellow elder, and a witness of the sufferings of Christ, and who will also share in the glory that will be revealed."},{"verse":"2","text":"Shepherd the flock of God which is among you, exercising the oversight, not under compulsion, but voluntarily, not for dishonest gain, but willingly;"},{"verse":"3","text":"not as lording it over those entrusted to you, but making yourselves examples to the flock."},{"verse":"4","text":"When the chief Shepherd is revealed, you will receive the crown of glory that doesn’t fade away."},{"verse":"5","text":"Likewise, you younger ones, be subject to the elder. Yes, all of you clothe yourselves with humility, to subject yourselves to one another; for “God resists the proud, but gives grace to the humble.”"},{"verse":"6","text":"Humble yourselves therefore under the mighty hand of God, that he may exalt you in due time,"},{"verse":"7","text":"casting all your worries on him, because he cares for you."},{"verse":"8","text":"Be sober and self-controlled. Be watchful. Your adversary, the devil, walks around like a roaring lion, seeking whom he may devour."},{"verse":"9","text":"Withstand him steadfast in your faith, knowing that your brothers who are in the world are undergoing the same sufferings."},{"verse":"10","text":"But may the God of all grace, who called you to his eternal glory by Christ Jesus, after you have suffered a little while, perfect, establish, strengthen, and settle you."},{"verse":"11","text":"To him be the glory and the power forever and ever. Amen."},{"verse":"12","text":"Through Silvanus, our faithful brother, as I consider him, I have written to you briefly, exhorting, and testifying that this is the true grace of God in which you stand."},{"verse":"13","text":"She who is in Babylon, chosen together with you, greets you. So does Mark, my son."},{"verse":"14","text":"Greet one another with a kiss of love. Peace be to all of you who are in Christ Jesus. Amen."}]}],"book":"1 Peter"}