{"chapters":[{"chapter":"1","verses":[{"verse":"1","text":"Paul, Silvanus, and Timothy, to the assembly of the Thessalonians in God the Father and the Lord Jesus Christ: Grace to you and peace from God our Father and the Lord Jesus Christ."},{"verse":"2","text":"We always give thanks to God for all of you, mentioning you in our prayers,"},{"verse":"3","text":"remembering without ceasing your work of faith and labor of love and perseverance of hope in our Lord Jesus Christ, before our God and Father."},{"verse":"4","text":"We know, brothers loved by God, that you are chosen,"},{"verse":"5","text":"and that our Good News came to you not in word only, but also in power, and in the Holy Spirit, and with much assurance. You know what kind of men we showed ourselves to be among you for your sake."},{"verse":"6","text":"You became imitators of us and of the Lord, having received the word in much affliction, with joy of the Holy Spirit,"},{"verse":"7","text":"so that you became an example to all who believe in Macedonia and in Achaia."},{"verse":"8","text":"For from you the word of the Lord has been declared, not only in Macedonia and Achaia, but also in every place your faith toward God has gone out, so that we need not to say anything."},{"verse":"9","text":"For they themselves report concerning us what kind of a reception we had from you, and how you turned to God from idols, to serve a living and true God,"},{"verse":"10","text":"and to wait for his Son from heaven, whom he raised from the dead: Jesus, who delivers us from the wrath to come."}]},{"chapter":"2","verses":[{"verse":"1","text":"For you yourselves know, brothers, our visit to you wasn’t in vain,"},{"verse":"2","text":"but having suffered before and been shamefully treated, as you know, at Philippi, we grew bold in our God to tell you the Good News of God in much conflict."},{"verse":"3","text":"For our exhortation is not of error, nor of uncleanness, nor in deception."},{"verse":"4","text":"But even as we have been approved by God to be entrusted with the Good News, so we speak: not as pleasing men, but God, who tests our hearts."},{"verse":"5","text":"For neither were we at any time found using words of flattery, as you know, nor a cloak of covetousness (God is witness),"},{"verse":"6","text":"nor seeking glory from men (neither from you nor from others), when we might have claimed authority as apostles of Christ."},{"verse":"7","text":"But we were gentle among you, like a nursing mother cherishes her own children."},{"verse":"8","text":"Even so, affectionately longing for you, we were well pleased to impart to you, not the Good News of God only, but also our own souls, because you had become very dear to us."},{"verse":"9","text":"For you remember, brothers, our labor and travail; for working night and day, that we might not burden any of you, we preached to you the Good News of God."},{"verse":"10","text":"You are witnesses with God how holy, righteously, and blamelessly we behaved ourselves toward you who believe."},{"verse":"11","text":"As you know, we exhorted, comforted, and implored every one of you, as a father does his own children,"},{"verse":"12","text":"to the end that you should walk worthily of God, who calls you into his own Kingdom and glory."},{"verse":"13","text":"For this cause we also thank God without ceasing, that when you received from us the word of the message of God, you accepted it not as the word of men, but as it is in truth, the word of God, which also works in you who believe."},{"verse":"14","text":"For you, brothers, became imitators of the assemblies of God which are in Judea in Christ Jesus; for you also suffered the same things from your own countrymen, even as they did from the Jews"},{"verse":"15","text":"who killed both the Lord Jesus and their own prophets, and drove us out, and don’t please God, and are contrary to all men,"},{"verse":"16","text":"forbidding us to speak to the Gentiles that they may be saved, to fill up their sins always. But wrath has come on them to the uttermost."},{"verse":"17","text":"But we, brothers, being bereaved of you for a short season, in presence, not in heart, tried even harder to see your face with great desire,"},{"verse":"18","text":"because we wanted to come to you—indeed, I, Paul, once and again—but Satan hindered us."},{"verse":"19","text":"For what is our hope, or joy, or crown of rejoicing? Isn’t it even you, before our Lord Jesus at his coming?"},{"verse":"20","text":"For you are our glory and our joy."}]},{"chapter":"3","verses":[{"verse":"1","text":"Therefore when we couldn’t stand it any longer, we thought it good to be left behind at Athens alone,"},{"verse":"2","text":"and sent Timothy, our brother and God’s servant in the Good News of Christ, to establish you, and to comfort you concerning your faith,"},{"verse":"3","text":"that no one would be moved by these afflictions. For you know that we are appointed to this task."},{"verse":"4","text":"For most certainly, when we were with you, we told you beforehand that we are to suffer affliction, even as it happened, and you know."},{"verse":"5","text":"For this cause I also, when I couldn’t stand it any longer, sent that I might know your faith, for fear that by any means the tempter had tempted you, and our labor would have been in vain."},{"verse":"6","text":"But when Timothy came just now to us from you, and brought us glad news of your faith and love, and that you have good memories of us always, longing to see us, even as we also long to see you,"},{"verse":"7","text":"for this cause, brothers, we were comforted over you in all our distress and affliction through your faith."},{"verse":"8","text":"For now we live, if you stand fast in the Lord."},{"verse":"9","text":"For what thanksgiving can we render again to God for you, for all the joy with which we rejoice for your sakes before our God,"},{"verse":"10","text":"night and day praying exceedingly that we may see your face, and may perfect that which is lacking in your faith?"},{"verse":"11","text":"Now may our God and Father himself, and our Lord Jesus Christ, direct our way to you."},{"verse":"12","text":"May the Lord make you to increase and abound in love toward one another, and toward all men, even as we also do toward you,"},{"verse":"13","text":"to the end he may establish your hearts blameless in holiness before our God and Father at the coming of our Lord Jesus with all his saints."}]},{"chapter":"4","verses":[{"verse":"1","text":"Finally then, brothers, we beg and exhort you in the Lord Jesus, that as you received from us how you ought to walk and to please God, that you abound more and more."},{"verse":"2","text":"For you know what instructions we gave you through the Lord Jesus."},{"verse":"3","text":"For this is the will of God: your sanctification, that you abstain from sexual immorality,"},{"verse":"4","text":"that each one of you know how to control his own body in sanctification and honor,"},{"verse":"5","text":"not in the passion of lust, even as the Gentiles who don’t know God,"},{"verse":"6","text":"that no one should take advantage of and wrong a brother or sister in this matter; because the Lord is an avenger in all these things, as also we forewarned you and testified."},{"verse":"7","text":"For God called us not for uncleanness, but in sanctification."},{"verse":"8","text":"Therefore he who rejects this doesn’t reject man, but God, who has also given his Holy Spirit to you."},{"verse":"9","text":"But concerning brotherly love, you have no need that one write to you. For you yourselves are taught by God to love one another,"},{"verse":"10","text":"for indeed you do it toward all the brothers who are in all Macedonia. But we exhort you, brothers, that you abound more and more;"},{"verse":"11","text":"and that you make it your ambition to lead a quiet life, and to do your own business, and to work with your own hands, even as we instructed you;"},{"verse":"12","text":"that you may walk properly toward those who are outside, and may have need of nothing."},{"verse":"13","text":"But we don’t want you to be ignorant, brothers, concerning those who have fallen asleep, so that you don’t grieve like the rest, who have no hope."},{"verse":"14","text":"For if we believe that Jesus died and rose again, even so God will bring with him those who have fallen asleep in Jesus."},{"verse":"15","text":"For this we tell you by the word of the Lord, that we who are alive, who are left until the coming of the Lord, will in no way precede those who have fallen asleep."},{"verse":"16","text":"For the Lord himself will descend from heaven with a shout, with the voice of the archangel and with God’s trumpet. The dead in Christ will rise first,"},{"verse":"17","text":"then we who are alive, who are left, will be caught up together with them in the clouds, to meet the Lord in the air. So we will be with the Lord forever."},{"verse":"18","text":"Therefore comfort one another with these words."}]},{"chapter":"5","verses":[{"verse":"1","text":"But concerning the times and the seasons, brothers, you have no need that anything be written to you."},{"verse":"2","text":"For you yourselves know well that the day of the Lord comes like a thief in the night."},{"verse":"3","text":"For when they are saying, “Peace and safety,” then sudden destruction will come on them, like birth pains on a pregnant woman. Then they will in no way escape."},{"verse":"4","text":"But you, brothers, aren’t in darkness, that the day should overtake you like a thief."},{"verse":"5","text":"You are all children of light and children of the day. We don’t belong to the night, nor to darkness,"},{"verse":"6","text":"so then let’s not sleep, as the rest do, but let’s watch and be sober."},{"verse":"7","text":"For those who sleep, sleep in the night; and those who are drunk are drunk in the night."},{"verse":"8","text":"But since we belong to the day, let’s be sober, putting on the breastplate of faith and love, and for a helmet, the hope of salvation."},{"verse":"9","text":"For God didn’t appoint us to wrath, but to the obtaining of salvation through our Lord Jesus Christ,"},{"verse":"10","text":"who died for us, that, whether we wake or sleep, we should live together with him."},{"verse":"11","text":"Therefore exhort one another, and build each other up, even as you also do."},{"verse":"12","text":"But we beg you, brothers, to know those who labor among you, and are over you in the Lord, and admonish you,"},{"verse":"13","text":"and to respect and honor them in love for their work’s sake. Be at peace among yourselves."},{"verse":"14","text":"We exhort you, brothers: Admonish the disorderly; encourage the faint-hearted; support the weak; be patient toward all."},{"verse":"15","text":"See that no one returns evil for evil to anyone, but always follow after that which is good for one another and for all."},{"verse":"16","text":"Always rejoice."},{"verse":"17","text":"Pray without ceasing."},{"verse":"18","text":"In everything give thanks, for this is the will of God in Christ Jesus toward you."},{"verse":"19","text":"Don’t quench the Spirit."},{"verse":"20","text":"Don’t despise prophecies."},{"verse":"21","text":"Test all things, and hold firmly that which is good."},{"verse":"22","text":"Abstain from every form of evil."},{"verse":"23","text":"May the God of peace himself sanctify you completely. May your whole spirit, soul, and body be preserved blameless at the coming of our Lord Jesus Christ."},{"verse":"24","text":"He who calls you is faithful, who will also do it."},{"verse":"25","text":"Brothers, pray for us."},{"verse":"26","text":"Greet all the brothers with a holy kiss."},{"verse":"27","text":"I solemnly command you by the Lord that this letter be read to all the holy brothers."},{"verse":"28","text":"The grace of our Lord Jesus Christ be with you. Amen."}]}],"book":"1 Thessalonians"}