{"chapters":[{"chapter":"1","verses":[{"verse":"1","text":"The revelation which Habakkuk the prophet saw."},{"verse":"2","text":"Yahweh, how long will I cry, and you will not hear? I cry out to you “Violence!” and will you not save?"},{"verse":"3","text":"Why do you show me iniquity, and look at perversity? For destruction and violence are before me. There is strife, and contention rises up."},{"verse":"4","text":"Therefore the law is paralyzed, and justice never prevails; for the wicked surround the righteous; therefore justice comes out perverted."},{"verse":"5","text":"“Look among the nations, watch, and wonder marvelously; for I am working a work in your days, which you will not believe though it is told you."},{"verse":"6","text":"For, behold, I raise up the Chaldeans, that bitter and hasty nation, that march through the width of the earth, to possess dwelling places that are not theirs."},{"verse":"7","text":"They are feared and dreaded. Their judgment and their dignity proceed from themselves."},{"verse":"8","text":"Their horses also are swifter than leopards, and are more fierce than the evening wolves. Their horsemen press proudly on. Yes, their horsemen come from afar. They fly as an eagle that hurries to devour."},{"verse":"9","text":"All of them come for violence. Their hordes face the desert. He gathers prisoners like sand."},{"verse":"10","text":"Yes, he scoffs at kings, and princes are a derision to him. He laughs at every stronghold, for he builds up an earthen ramp, and takes it."},{"verse":"11","text":"Then he sweeps by like the wind, and goes on. He is indeed guilty, whose strength is his god.”"},{"verse":"12","text":"Aren’t you from everlasting, Yahweh my God, my Holy One? We will not die. Yahweh, you have appointed him for judgment. You, Rock, have established him to punish."},{"verse":"13","text":"You who have purer eyes than to see evil, and who cannot look on perversity, why do you tolerate those who deal treacherously, and keep silent when the wicked swallows up the man who is more righteous than he,"},{"verse":"14","text":"and make men like the fish of the sea, like the creeping things, that have no ruler over them?"},{"verse":"15","text":"He takes up all of them with the hook. He catches them in his net, and gathers them in his dragnet. Therefore he rejoices and is glad."},{"verse":"16","text":"Therefore he sacrifices to his net, and burns incense to his dragnet, because by them his life is luxurious, and his food is good."},{"verse":"17","text":"Will he therefore continually empty his net, and kill the nations without mercy?"}]},{"chapter":"2","verses":[{"verse":"1","text":"I will stand at my watch, and set myself on the ramparts, and will look out to see what he will say to me, and what I will answer concerning my complaint."},{"verse":"2","text":"Yahweh answered me, “Write the vision, and make it plain on tablets, that he who runs may read it."},{"verse":"3","text":"For the vision is yet for the appointed time, and it hurries toward the end, and won’t prove false. Though it takes time, wait for it; because it will surely come. It won’t delay."},{"verse":"4","text":"Behold, his soul is puffed up. It is not upright in him, but the righteous will live by his faith."},{"verse":"5","text":"Yes, moreover, wine is treacherous. An arrogant man who doesn’t stay at home, who enlarges his desire as Sheol, and he is like death, and can’t be satisfied, but gathers to himself all nations, and heaps to himself all peoples."},{"verse":"6","text":"Won’t all these take up a parable against him, and a taunting proverb against him, and say, ‘Woe to him who increases that which is not his, and who enriches himself by extortion! How long?’"},{"verse":"7","text":"Won’t your debtors rise up suddenly, and wake up those who make you tremble, and you will be their victim?"},{"verse":"8","text":"Because you have plundered many nations, all the remnant of the peoples will plunder you, because of men’s blood, and for the violence done to the land, to the city and to all who dwell in it."},{"verse":"9","text":"Woe to him who gets an evil gain for his house, that he may set his nest on high, that he may be delivered from the hand of evil!"},{"verse":"10","text":"You have devised shame to your house, by cutting off many peoples, and have sinned against your soul."},{"verse":"11","text":"For the stone will cry out of the wall, and the beam out of the woodwork will answer it."},{"verse":"12","text":"Woe to him who builds a town with blood, and establishes a city by iniquity!"},{"verse":"13","text":"Behold, isn’t it of Yahweh of Armies that the peoples labor for the fire, and the nations weary themselves for vanity?"},{"verse":"14","text":"For the earth will be filled with the knowledge of Yahweh’s glory, as the waters cover the sea."},{"verse":"15","text":"“Woe to him who gives his neighbor drink, pouring your inflaming wine until they are drunk, so that you may gaze at their naked bodies!"},{"verse":"16","text":"You are filled with shame, and not glory. You will also drink, and be exposed! The cup of Yahweh’s right hand will come around to you, and disgrace will cover your glory."},{"verse":"17","text":"For the violence done to Lebanon will overwhelm you, and the destruction of the animals, which made them afraid; because of men’s blood, and for the violence done to the land, to every city and to those who dwell in them."},{"verse":"18","text":"“What value does the engraved image have, that its maker has engraved it; the molten image, even the teacher of lies, that he who fashions its form trusts in it, to make mute idols?"},{"verse":"19","text":"Woe to him who says to the wood, ‘Awake!’ or to the mute stone, ‘Arise!’ Shall this teach? Behold, it is overlaid with gold and silver, and there is no breath at all within it."},{"verse":"20","text":"But Yahweh is in his holy temple. Let all the earth be silent before him!”"}]},{"chapter":"3","verses":[{"verse":"1","text":"A prayer of Habakkuk, the prophet, set to victorious music."},{"verse":"2","text":"Yahweh, I have heard of your fame. I stand in awe of your deeds, Yahweh. Renew your work in the middle of the years. In the middle of the years make it known. In wrath, you remember mercy."},{"verse":"3","text":"God came from Teman, the Holy One from Mount Paran. His glory covered the heavens, and his praise filled the earth."},{"verse":"4","text":"His splendor is like the sunrise. Rays shine from his hand, where his power is hidden."},{"verse":"5","text":"Plague went before him, and pestilence followed his feet."},{"verse":"6","text":"He stood, and shook the earth. He looked, and made the nations tremble. The ancient mountains were crumbled. The age-old hills collapsed. His ways are eternal."},{"verse":"7","text":"I saw the tents of Cushan in affliction. The dwellings of the land of Midian trembled."},{"verse":"8","text":"Was Yahweh displeased with the rivers? Was your anger against the rivers, or your wrath against the sea, that you rode on your horses, on your chariots of salvation?"},{"verse":"9","text":"You uncovered your bow. You called for your sworn arrows. You split the earth with rivers."},{"verse":"10","text":"The mountains saw you, and were afraid. The storm of waters passed by. The deep roared and lifted up its hands on high."},{"verse":"11","text":"The sun and moon stood still in the sky, at the light of your arrows as they went, at the shining of your glittering spear."},{"verse":"12","text":"You marched through the land in wrath. You threshed the nations in anger."},{"verse":"13","text":"You went out for the salvation of your people, for the salvation of your anointed. You crushed the head of the land of wickedness. You stripped them head to foot."},{"verse":"14","text":"You pierced the heads of his warriors with their own spears. They came as a whirlwind to scatter me, gloating as if to devour the wretched in secret."},{"verse":"15","text":"You trampled the sea with your horses, churning mighty waters."},{"verse":"16","text":"I heard, and my body trembled. My lips quivered at the voice. Rottenness enters into my bones, and I tremble in my place, because I must wait quietly for the day of trouble, for the coming up of the people who invade us."},{"verse":"17","text":"For though the fig tree doesn’t flourish, nor fruit be in the vines; the labor of the olive fails, the fields yield no food; the flocks are cut off from the fold, and there is no herd in the stalls:"},{"verse":"18","text":"yet I will rejoice in Yahweh. I will be joyful in the God of my salvation!"},{"verse":"19","text":"Yahweh, the Lord, is my strength. He makes my feet like deer’s feet, and enables me to go in high places. For the music director, on my stringed instruments."}]}],"book":"Habakkuk"}