{"chapters":[{"chapter":"1","verses":[{"verse":"1","text":"Yahweh’s word that came to Joel, the son of Pethuel."},{"verse":"2","text":"Hear this, you elders, And listen, all you inhabitants of the land. Has this ever happened in your days, or in the days of your fathers?"},{"verse":"3","text":"Tell your children about it, and have your children tell their children, and their children, another generation."},{"verse":"4","text":"What the swarming locust has left, the great locust has eaten. What the great locust has left, the grasshopper has eaten. What the grasshopper has left, the caterpillar has eaten."},{"verse":"5","text":"Wake up, you drunkards, and weep! Wail, all you drinkers of wine, because of the sweet wine; for it is cut off from your mouth."},{"verse":"6","text":"For a nation has come up on my land, strong, and without number. His teeth are the teeth of a lion, and he has the fangs of a lioness."},{"verse":"7","text":"He has laid my vine waste, and stripped my fig tree. He has stripped its bark, and thrown it away. Its branches are made white."},{"verse":"8","text":"Mourn like a virgin dressed in sackcloth for the husband of her youth!"},{"verse":"9","text":"The meal offering and the drink offering are cut off from Yahweh’s house. The priests, Yahweh’s ministers, mourn."},{"verse":"10","text":"The field is laid waste. The land mourns, for the grain is destroyed, The new wine has dried up, and the oil languishes."},{"verse":"11","text":"Be confounded, you farmers! Wail, you vineyard keepers; for the wheat and for the barley; for the harvest of the field has perished."},{"verse":"12","text":"The vine has dried up, and the fig tree withered; the pomegranate tree, the palm tree also, and the apple tree, even all of the trees of the field are withered; for joy has withered away from the sons of men."},{"verse":"13","text":"Put on sackcloth and mourn, you priests! Wail, you ministers of the altar. Come, lie all night in sackcloth, you ministers of my God, for the meal offering and the drink offering are withheld from your God’s house."},{"verse":"14","text":"Sanctify a fast. Call a solemn assembly. Gather the elders, and all the inhabitants of the land, to the house of Yahweh, your God, and cry to Yahweh."},{"verse":"15","text":"Alas for the day! For the day of Yahweh is at hand, and it will come as destruction from the Almighty."},{"verse":"16","text":"Isn’t the food cut off before our eyes; joy and gladness from the house of our God?"},{"verse":"17","text":"The seeds rot under their clods. The granaries are laid desolate. The barns are broken down, for the grain has withered."},{"verse":"18","text":"How the animals groan! The herds of livestock are perplexed, because they have no pasture. Yes, the flocks of sheep are made desolate."},{"verse":"19","text":"Yahweh, I cry to you, For the fire has devoured the pastures of the wilderness, and the flame has burned all the trees of the field."},{"verse":"20","text":"Yes, the animals of the field pant to you, for the water brooks have dried up, And the fire has devoured the pastures of the wilderness."}]},{"chapter":"2","verses":[{"verse":"1","text":"Blow the trumpet in Zion, and sound an alarm in my holy mountain! Let all the inhabitants of the land tremble, for the day of Yahweh comes, for it is close at hand:"},{"verse":"2","text":"A day of darkness and gloominess, a day of clouds and thick darkness. As the dawn spreading on the mountains, a great and strong people; there has never been the like, neither will there be any more after them, even to the years of many generations."},{"verse":"3","text":"A fire devours before them, and behind them, a flame burns. The land is as the garden of Eden before them, and behind them, a desolate wilderness. Yes, and no one has escaped them."},{"verse":"4","text":"Their appearance is as the appearance of horses, and they run as horsemen."},{"verse":"5","text":"Like the noise of chariots on the tops of the mountains, they leap, like the noise of a flame of fire that devours the stubble, like a strong people set in battle array."},{"verse":"6","text":"At their presence the peoples are in anguish. All faces have grown pale."},{"verse":"7","text":"They run like mighty men. They climb the wall like warriors. They each march in his line, and they don’t swerve off course."},{"verse":"8","text":"Neither does one jostle another; they march everyone in his path, and they burst through the defenses, and don’t break ranks."},{"verse":"9","text":"They rush on the city. They run on the wall. They climb up into the houses. They enter in at the windows like thieves."},{"verse":"10","text":"The earth quakes before them. The heavens tremble. The sun and the moon are darkened, and the stars withdraw their shining."},{"verse":"11","text":"Yahweh thunders his voice before his army; for his forces are very great; for he is strong who obeys his command; for the day of Yahweh is great and very awesome, and who can endure it?"},{"verse":"12","text":"“Yet even now,” says Yahweh, “turn to me with all your heart, and with fasting, and with weeping, and with mourning.”"},{"verse":"13","text":"Tear your heart, and not your garments, and turn to Yahweh, your God; for he is gracious and merciful, slow to anger, and abundant in loving kindness, and relents from sending calamity."},{"verse":"14","text":"Who knows? He may turn and relent, and leave a blessing behind him, even a meal offering and a drink offering to Yahweh, your God."},{"verse":"15","text":"Blow the trumpet in Zion! Sanctify a fast. Call a solemn assembly."},{"verse":"16","text":"Gather the people. Sanctify the assembly. Assemble the elders. Gather the children, and those who nurse from breasts. Let the bridegroom go out of his room, and the bride out of her room."},{"verse":"17","text":"Let the priests, the ministers of Yahweh, weep between the porch and the altar, and let them say, “Spare your people, Yahweh, and don’t give your heritage to reproach, that the nations should rule over them. Why should they say among the peoples, ‘Where is their God?’ ”"},{"verse":"18","text":"Then Yahweh was jealous for his land, And had pity on his people."},{"verse":"19","text":"Yahweh answered his people, “Behold, I will send you grain, new wine, and oil, and you will be satisfied with them; and I will no more make you a reproach among the nations."},{"verse":"20","text":"But I will remove the northern army far away from you, and will drive it into a barren and desolate land, its front into the eastern sea, and its back into the western sea; and its stench will come up, and its bad smell will rise.” Surely he has done great things."},{"verse":"21","text":"Land, don’t be afraid. Be glad and rejoice, for Yahweh has done great things."},{"verse":"22","text":"Don’t be afraid, you animals of the field; for the pastures of the wilderness spring up, for the tree bears its fruit. The fig tree and the vine yield their strength."},{"verse":"23","text":"“Be glad then, you children of Zion, and rejoice in Yahweh, your God; for he gives you the early rain in just measure, and he causes the rain to come down for you, the early rain and the latter rain, as before."},{"verse":"24","text":"The threshing floors will be full of wheat, and the vats will overflow with new wine and oil."},{"verse":"25","text":"I will restore to you the years that the swarming locust has eaten, the great locust, the grasshopper, and the caterpillar, my great army, which I sent among you."},{"verse":"26","text":"You will have plenty to eat, and be satisfied, and will praise the name of Yahweh, your God, who has dealt wondrously with you; and my people will never again be disappointed."},{"verse":"27","text":"You will know that I am among Israel, and that I am Yahweh, your God, and there is no one else; and my people will never again be disappointed."},{"verse":"28","text":"“It will happen afterward, that I will pour out my Spirit on all flesh; and your sons and your daughters will prophesy. Your old men will dream dreams. Your young men will see visions."},{"verse":"29","text":"And also on the servants and on the handmaids in those days, I will pour out my Spirit."},{"verse":"30","text":"I will show wonders in the heavens and in the earth: blood, fire, and pillars of smoke."},{"verse":"31","text":"The sun will be turned into darkness, and the moon into blood, before the great and terrible day of Yahweh comes."},{"verse":"32","text":"It will happen that whoever will call on Yahweh’s name shall be saved; for in Mount Zion and in Jerusalem there will be those who escape, as Yahweh has said, and among the remnant, those whom Yahweh calls."}]},{"chapter":"3","verses":[{"verse":"1","text":"“For, behold, in those days, and in that time, when I restore the fortunes of Judah and Jerusalem,"},{"verse":"2","text":"I will gather all nations, and will bring them down into the valley of Jehoshaphat; and I will execute judgment on them there for my people, and for my heritage, Israel, whom they have scattered among the nations. They have divided my land,"},{"verse":"3","text":"and have cast lots for my people, and have given a boy for a prostitute, and sold a girl for wine, that they may drink."},{"verse":"4","text":"“Yes, and what are you to me, Tyre, and Sidon, and all the regions of Philistia? Will you repay me? And if you repay me, I will swiftly and speedily return your repayment on your own head."},{"verse":"5","text":"Because you have taken my silver and my gold, and have carried my finest treasures into your temples,"},{"verse":"6","text":"and have sold the children of Judah and the children of Jerusalem to the sons of the Greeks, that you may remove them far from their border."},{"verse":"7","text":"Behold, I will stir them up out of the place where you have sold them, and will return your repayment on your own head;"},{"verse":"8","text":"and I will sell your sons and your daughters into the hands of the children of Judah, and they will sell them to the men of Sheba, to a faraway nation, for Yahweh has spoken it.”"},{"verse":"9","text":"Proclaim this among the nations: “Prepare for war! Stir up the mighty men. Let all the warriors draw near. Let them come up."},{"verse":"10","text":"Beat your plowshares into swords, and your pruning hooks into spears. Let the weak say, ‘I am strong.’"},{"verse":"11","text":"Hurry and come, all you surrounding nations, and gather yourselves together.” Cause your mighty ones to come down there, Yahweh."},{"verse":"12","text":"“Let the nations arouse themselves, and come up to the valley of Jehoshaphat; for there I will sit to judge all the surrounding nations."},{"verse":"13","text":"Put in the sickle; for the harvest is ripe. Come, tread, for the wine press is full, the vats overflow, for their wickedness is great.”"},{"verse":"14","text":"Multitudes, multitudes in the valley of decision! For the day of Yahweh is near, in the valley of decision."},{"verse":"15","text":"The sun and the moon are darkened, and the stars withdraw their shining."},{"verse":"16","text":"Yahweh will roar from Zion, and thunder from Jerusalem; and the heavens and the earth will shake; but Yahweh will be a refuge to his people, and a stronghold to the children of Israel."},{"verse":"17","text":"“So you will know that I am Yahweh, your God, dwelling in Zion, my holy mountain. Then Jerusalem will be holy, and no strangers will pass through her any more."},{"verse":"18","text":"It will happen in that day, that the mountains will drop down sweet wine, the hills will flow with milk, all the brooks of Judah will flow with waters, and a fountain will flow out from Yahweh’s house, and will water the valley of Shittim."},{"verse":"19","text":"Egypt will be a desolation, and Edom will be a desolate wilderness, for the violence done to the children of Judah, because they have shed innocent blood in their land."},{"verse":"20","text":"But Judah will be inhabited forever, and Jerusalem from generation to generation."},{"verse":"21","text":"I will cleanse their blood, that I have not cleansed: for Yahweh dwells in Zion.”"}]}],"book":"Joel"}