{"chapters":[{"chapter":"1","verses":[{"verse":"1","text":"The beginning of the Good News of Jesus Christ, the Son of God."},{"verse":"2","text":"As it is written in the prophets, “Behold, I send my messenger before your face, who will prepare your way before you:"},{"verse":"3","text":"the voice of one crying in the wilderness, ‘Make ready the way of the Lord! Make his paths straight!’ ”"},{"verse":"4","text":"John came baptizing in the wilderness and preaching the baptism of repentance for forgiveness of sins."},{"verse":"5","text":"All the country of Judea and all those of Jerusalem went out to him. They were baptized by him in the Jordan river, confessing their sins."},{"verse":"6","text":"John was clothed with camel’s hair and a leather belt around his waist. He ate locusts and wild honey."},{"verse":"7","text":"He preached, saying, “After me comes he who is mightier than I, the thong of whose sandals I am not worthy to stoop down and loosen."},{"verse":"8","text":"I baptized you in water, but he will baptize you in the Holy Spirit.”"},{"verse":"9","text":"In those days, Jesus came from Nazareth of Galilee, and was baptized by John in the Jordan."},{"verse":"10","text":"Immediately coming up from the water, he saw the heavens parting, and the Spirit descending on him like a dove."},{"verse":"11","text":"A voice came out of the sky, “You are my beloved Son, in whom I am well pleased.”"},{"verse":"12","text":"Immediately the Spirit drove him out into the wilderness."},{"verse":"13","text":"He was there in the wilderness forty days tempted by Satan. He was with the wild animals; and the angels were serving him."},{"verse":"14","text":"Now after John was taken into custody, Jesus came into Galilee, preaching the Good News of God’s Kingdom,"},{"verse":"15","text":"and saying, “The time is fulfilled, and God’s Kingdom is at hand! Repent, and believe in the Good News.”"},{"verse":"16","text":"Passing along by the sea of Galilee, he saw Simon and Andrew, the brother of Simon, casting a net into the sea, for they were fishermen."},{"verse":"17","text":"Jesus said to them, “Come after me, and I will make you into fishers for men.”"},{"verse":"18","text":"Immediately they left their nets, and followed him."},{"verse":"19","text":"Going on a little further from there, he saw James the son of Zebedee, and John, his brother, who were also in the boat mending the nets."},{"verse":"20","text":"Immediately he called them, and they left their father, Zebedee, in the boat with the hired servants, and went after him."},{"verse":"21","text":"They went into Capernaum, and immediately on the Sabbath day he entered into the synagogue and taught."},{"verse":"22","text":"They were astonished at his teaching, for he taught them as having authority, and not as the scribes."},{"verse":"23","text":"Immediately there was in their synagogue a man with an unclean spirit, and he cried out,"},{"verse":"24","text":"saying, “Ha! What do we have to do with you, Jesus, you Nazarene? Have you come to destroy us? I know you who you are: the Holy One of God!”"},{"verse":"25","text":"Jesus rebuked him, saying, “Be quiet, and come out of him!”"},{"verse":"26","text":"The unclean spirit, convulsing him and crying with a loud voice, came out of him."},{"verse":"27","text":"They were all amazed, so that they questioned among themselves, saying, “What is this? A new teaching? For with authority he commands even the unclean spirits, and they obey him!”"},{"verse":"28","text":"The report of him went out immediately everywhere into all the region of Galilee and its surrounding area."},{"verse":"29","text":"Immediately, when they had come out of the synagogue, they came into the house of Simon and Andrew, with James and John."},{"verse":"30","text":"Now Simon’s wife’s mother lay sick with a fever, and immediately they told him about her."},{"verse":"31","text":"He came and took her by the hand, and raised her up. The fever left her immediately, and she served them."},{"verse":"32","text":"At evening, when the sun had set, they brought to him all who were sick, and those who were possessed by demons."},{"verse":"33","text":"All the city was gathered together at the door."},{"verse":"34","text":"He healed many who were sick with various diseases, and cast out many demons. He didn’t allow the demons to speak, because they knew him."},{"verse":"35","text":"Early in the morning, while it was still dark, he rose up and went out, and departed into a deserted place, and prayed there."},{"verse":"36","text":"Simon and those who were with him searched for him."},{"verse":"37","text":"They found him and told him, “Everyone is looking for you.”"},{"verse":"38","text":"He said to them, “Let’s go elsewhere into the next towns, that I may preach there also, because I came out for this reason.”"},{"verse":"39","text":"He went into their synagogues throughout all Galilee, preaching and casting out demons."},{"verse":"40","text":"A leper came to him, begging him, kneeling down to him, and saying to him, “If you want to, you can make me clean.”"},{"verse":"41","text":"Being moved with compassion, he stretched out his hand, and touched him, and said to him, “I want to. Be made clean.”"},{"verse":"42","text":"When he had said this, immediately the leprosy departed from him, and he was made clean."},{"verse":"43","text":"He strictly warned him, and immediately sent him out,"},{"verse":"44","text":"and said to him, “See you say nothing to anybody, but go show yourself to the priest, and offer for your cleansing the things which Moses commanded, for a testimony to them.”"},{"verse":"45","text":"But he went out, and began to proclaim it much, and to spread about the matter, so that Jesus could no more openly enter into a city, but was outside in desert places. People came to him from everywhere."}]},{"chapter":"2","verses":[{"verse":"1","text":"When he entered again into Capernaum after some days, it was heard that he was in the house."},{"verse":"2","text":"Immediately many were gathered together, so that there was no more room, not even around the door; and he spoke the word to them."},{"verse":"3","text":"Four people came, carrying a paralytic to him."},{"verse":"4","text":"When they could not come near to him for the crowd, they removed the roof where he was. When they had broken it up, they let down the mat that the paralytic was lying on."},{"verse":"5","text":"Jesus, seeing their faith, said to the paralytic, “Son, your sins are forgiven you.”"},{"verse":"6","text":"But there were some of the scribes sitting there, and reasoning in their hearts,"},{"verse":"7","text":"“Why does this man speak blasphemies like that? Who can forgive sins but God alone?”"},{"verse":"8","text":"Immediately Jesus, perceiving in his spirit that they so reasoned within themselves, said to them, “Why do you reason these things in your hearts?"},{"verse":"9","text":"Which is easier, to tell the paralytic, ‘Your sins are forgiven;’ or to say, ‘Arise, and take up your bed, and walk?’"},{"verse":"10","text":"But that you may know that the Son of Man has authority on earth to forgive sins”—he said to the paralytic—"},{"verse":"11","text":"“I tell you, arise, take up your mat, and go to your house.”"},{"verse":"12","text":"He arose, and immediately took up the mat, and went out in front of them all; so that they were all amazed, and glorified God, saying, “We never saw anything like this!”"},{"verse":"13","text":"He went out again by the seaside. All the multitude came to him, and he taught them."},{"verse":"14","text":"As he passed by, he saw Levi, the son of Alphaeus, sitting at the tax office, and he said to him, “Follow me.” And he arose and followed him."},{"verse":"15","text":"He was reclining at the table in his house, and many tax collectors and sinners sat down with Jesus and his disciples, for there were many, and they followed him."},{"verse":"16","text":"The scribes and the Pharisees, when they saw that he was eating with the sinners and tax collectors, said to his disciples, “Why is it that he eats and drinks with tax collectors and sinners?”"},{"verse":"17","text":"When Jesus heard it, he said to them, “Those who are healthy have no need for a physician, but those who are sick. I came not to call the righteous, but sinners to repentance.”"},{"verse":"18","text":"John’s disciples and the Pharisees were fasting, and they came and asked him, “Why do John’s disciples and the disciples of the Pharisees fast, but your disciples don’t fast?”"},{"verse":"19","text":"Jesus said to them, “Can the groomsmen fast while the bridegroom is with them? As long as they have the bridegroom with them, they can’t fast."},{"verse":"20","text":"But the days will come when the bridegroom will be taken away from them, and then they will fast in that day."},{"verse":"21","text":"No one sews a piece of unshrunk cloth on an old garment, or else the patch shrinks and the new tears away from the old, and a worse hole is made."},{"verse":"22","text":"No one puts new wine into old wineskins, or else the new wine will burst the skins, and the wine pours out, and the skins will be destroyed; but they put new wine into fresh wineskins.”"},{"verse":"23","text":"He was going on the Sabbath day through the grain fields, and his disciples began, as they went, to pluck the ears of grain."},{"verse":"24","text":"The Pharisees said to him, “Behold, why do they do that which is not lawful on the Sabbath day?”"},{"verse":"25","text":"He said to them, “Did you never read what David did, when he had need, and was hungry—he, and those who were with him?"},{"verse":"26","text":"How he entered into God’s house at the time of Abiathar the high priest, and ate the show bread, which is not lawful to eat except for the priests, and gave also to those who were with him?”"},{"verse":"27","text":"He said to them, “The Sabbath was made for man, not man for the Sabbath."},{"verse":"28","text":"Therefore the Son of Man is lord even of the Sabbath.”"}]},{"chapter":"3","verses":[{"verse":"1","text":"He entered again into the synagogue, and there was a man there who had his hand withered."},{"verse":"2","text":"They watched him, whether he would heal him on the Sabbath day, that they might accuse him."},{"verse":"3","text":"He said to the man who had his hand withered, “Stand up.”"},{"verse":"4","text":"He said to them, “Is it lawful on the Sabbath day to do good, or to do harm? To save a life, or to kill?” But they were silent."},{"verse":"5","text":"When he had looked around at them with anger, being grieved at the hardening of their hearts, he said to the man, “Stretch out your hand.”  He stretched it out, and his hand was restored as healthy as the other."},{"verse":"6","text":"The Pharisees went out, and immediately conspired with the Herodians against him, how they might destroy him."},{"verse":"7","text":"Jesus withdrew to the sea with his disciples, and a great multitude followed him from Galilee, from Judea,"},{"verse":"8","text":"from Jerusalem, from Idumaea, beyond the Jordan, and those from around Tyre and Sidon. A great multitude, hearing what great things he did, came to him."},{"verse":"9","text":"He spoke to his disciples that a little boat should stay near him because of the crowd, so that they wouldn’t press on him."},{"verse":"10","text":"For he had healed many, so that as many as had diseases pressed on him that they might touch him."},{"verse":"11","text":"The unclean spirits, whenever they saw him, fell down before him, and cried, “You are the Son of God!”"},{"verse":"12","text":"He sternly warned them that they should not make him known."},{"verse":"13","text":"He went up into the mountain, and called to himself those whom he wanted, and they went to him."},{"verse":"14","text":"He appointed twelve, that they might be with him, and that he might send them out to preach,"},{"verse":"15","text":"and to have authority to heal sicknesses and to cast out demons:"},{"verse":"16","text":"Simon (to whom he gave the name Peter);"},{"verse":"17","text":"James the son of Zebedee; and John, the brother of James, (whom he called Boanerges, which means, Sons of Thunder);"},{"verse":"18","text":"Andrew; Philip; Bartholomew; Matthew; Thomas; James, the son of Alphaeus; Thaddaeus; Simon the Zealot;"},{"verse":"19","text":"and Judas Iscariot, who also betrayed him. Then he came into a house."},{"verse":"20","text":"The multitude came together again, so that they could not so much as eat bread."},{"verse":"21","text":"When his friends heard it, they went out to seize him; for they said, “He is insane.”"},{"verse":"22","text":"The scribes who came down from Jerusalem said, “He has Beelzebul,” and, “By the prince of the demons he casts out the demons.”"},{"verse":"23","text":"He summoned them, and said to them in parables, “How can Satan cast out Satan?"},{"verse":"24","text":"If a kingdom is divided against itself, that kingdom cannot stand."},{"verse":"25","text":"If a house is divided against itself, that house cannot stand."},{"verse":"26","text":"If Satan has risen up against himself, and is divided, he can’t stand, but has an end."},{"verse":"27","text":"But no one can enter into the house of the strong man to plunder unless he first binds the strong man; then he will plunder his house."},{"verse":"28","text":"Most certainly I tell you, all sins of the descendants of man will be forgiven, including their blasphemies with which they may blaspheme;"},{"verse":"29","text":"but whoever may blaspheme against the Holy Spirit never has forgiveness, but is subject to eternal condemnation.”"},{"verse":"30","text":"—because they said, “He has an unclean spirit.”"},{"verse":"31","text":"His mother and his brothers came, and standing outside, they sent to him, calling him."},{"verse":"32","text":"A multitude was sitting around him, and they told him, “Behold, your mother, your brothers, and your sisters are outside looking for you.”"},{"verse":"33","text":"He answered them, “Who are my mother and my brothers?”"},{"verse":"34","text":"Looking around at those who sat around him, he said, “Behold, my mother and my brothers!"},{"verse":"35","text":"For whoever does the will of God is my brother, my sister, and mother.”"}]},{"chapter":"4","verses":[{"verse":"1","text":"Again he began to teach by the seaside. A great multitude was gathered to him, so that he entered into a boat in the sea, and sat down. All the multitude were on the land by the sea."},{"verse":"2","text":"He taught them many things in parables, and told them in his teaching,"},{"verse":"3","text":"“Listen! Behold, the farmer went out to sow,"},{"verse":"4","text":"and as he sowed, some seed fell by the road, and the birds came and devoured it."},{"verse":"5","text":"Others fell on the rocky ground, where it had little soil, and immediately it sprang up, because it had no depth of soil."},{"verse":"6","text":"When the sun had risen, it was scorched; and because it had no root, it withered away."},{"verse":"7","text":"Others fell among the thorns, and the thorns grew up, and choked it, and it yielded no fruit."},{"verse":"8","text":"Others fell into the good ground, and yielded fruit, growing up and increasing. Some produced thirty times, some sixty times, and some one hundred times as much.”"},{"verse":"9","text":"He said, “Whoever has ears to hear, let him hear.”"},{"verse":"10","text":"When he was alone, those who were around him with the twelve asked him about the parables."},{"verse":"11","text":"He said to them, “To you is given the mystery of God’s Kingdom, but to those who are outside, all things are done in parables,"},{"verse":"12","text":"that ‘seeing they may see, and not perceive; and hearing they may hear, and not understand; lest perhaps they should turn again, and their sins should be forgiven them.’ ”"},{"verse":"13","text":"He said to them, “Don’t you understand this parable? How will you understand all of the parables?"},{"verse":"14","text":"The farmer sows the word."},{"verse":"15","text":"The ones by the road are the ones where the word is sown; and when they have heard, immediately Satan comes, and takes away the word which has been sown in them."},{"verse":"16","text":"These in the same way are those who are sown on the rocky places, who, when they have heard the word, immediately receive it with joy."},{"verse":"17","text":"They have no root in themselves, but are short-lived. When oppression or persecution arises because of the word, immediately they stumble."},{"verse":"18","text":"Others are those who are sown among the thorns. These are those who have heard the word,"},{"verse":"19","text":"and the cares of this age, and the deceitfulness of riches, and the lusts of other things entering in choke the word, and it becomes unfruitful."},{"verse":"20","text":"Those which were sown on the good ground are those who hear the word, and accept it, and bear fruit, some thirty times, some sixty times, and some one hundred times.”"},{"verse":"21","text":"He said to them, “Is the lamp brought to be put under a basket  or under a bed? Isn’t it put on a stand?"},{"verse":"22","text":"For there is nothing hidden, except that it should be made known; neither was anything made secret, but that it should come to light."},{"verse":"23","text":"If any man has ears to hear, let him hear.”"},{"verse":"24","text":"He said to them, “Take heed what you hear. With whatever measure you measure, it will be measured to you, and more will be given to you who hear."},{"verse":"25","text":"For whoever has, to him more will be given, and he who doesn’t have, even that which he has will be taken away from him.”"},{"verse":"26","text":"He said, “God’s Kingdom is as if a man should cast seed on the earth,"},{"verse":"27","text":"and should sleep and rise night and day, and the seed should spring up and grow, though he doesn’t know how."},{"verse":"28","text":"For the earth bears fruit: first the blade, then the ear, then the full grain in the ear."},{"verse":"29","text":"But when the fruit is ripe, immediately he puts in the sickle, because the harvest has come.”"},{"verse":"30","text":"He said, “How will we liken God’s Kingdom? Or with what parable will we illustrate it?"},{"verse":"31","text":"It’s like a grain of mustard seed, which, when it is sown in the earth, though it is less than all the seeds that are on the earth,"},{"verse":"32","text":"yet when it is sown, grows up, and becomes greater than all the herbs, and puts out great branches, so that the birds of the sky can lodge under its shadow.”"},{"verse":"33","text":"With many such parables he spoke the word to them, as they were able to hear it."},{"verse":"34","text":"Without a parable he didn’t speak to them; but privately to his own disciples he explained everything."},{"verse":"35","text":"On that day, when evening had come, he said to them, “Let’s go over to the other side.”"},{"verse":"36","text":"Leaving the multitude, they took him with them, even as he was, in the boat. Other small boats were also with him."},{"verse":"37","text":"A big wind storm arose, and the waves beat into the boat, so much that the boat was already filled."},{"verse":"38","text":"He himself was in the stern, asleep on the cushion, and they woke him up, and told him, “Teacher, don’t you care that we are dying?”"},{"verse":"39","text":"He awoke, and rebuked the wind, and said to the sea, “Peace! Be still!” The wind ceased, and there was a great calm."},{"verse":"40","text":"He said to them, “Why are you so afraid? How is it that you have no faith?”"},{"verse":"41","text":"They were greatly afraid, and said to one another, “Who then is this, that even the wind and the sea obey him?”"}]},{"chapter":"5","verses":[{"verse":"1","text":"They came to the other side of the sea, into the country of the Gadarenes."},{"verse":"2","text":"When he had come out of the boat, immediately a man with an unclean spirit met him out of the tombs."},{"verse":"3","text":"He lived in the tombs. Nobody could bind him any more, not even with chains,"},{"verse":"4","text":"because he had been often bound with fetters and chains, and the chains had been torn apart by him, and the fetters broken in pieces. Nobody had the strength to tame him."},{"verse":"5","text":"Always, night and day, in the tombs and in the mountains, he was crying out, and cutting himself with stones."},{"verse":"6","text":"When he saw Jesus from afar, he ran and bowed down to him,"},{"verse":"7","text":"and crying out with a loud voice, he said, “What have I to do with you, Jesus, you Son of the Most High God? I adjure you by God, don’t torment me.”"},{"verse":"8","text":"For he said to him, “Come out of the man, you unclean spirit!”"},{"verse":"9","text":"He asked him, “What is your name?” He said to him, “My name is Legion, for we are many.”"},{"verse":"10","text":"He begged him much that he would not send them away out of the country."},{"verse":"11","text":"Now on the mountainside there was a great herd of pigs feeding."},{"verse":"12","text":"All the demons begged him, saying, “Send us into the pigs, that we may enter into them.”"},{"verse":"13","text":"At once Jesus gave them permission. The unclean spirits came out and entered into the pigs. The herd of about two thousand rushed down the steep bank into the sea, and they were drowned in the sea."},{"verse":"14","text":"Those who fed them fled, and told it in the city and in the country. The people came to see what it was that had happened."},{"verse":"15","text":"They came to Jesus, and saw him who had been possessed by demons sitting, clothed, and in his right mind, even him who had the legion; and they were afraid."},{"verse":"16","text":"Those who saw it declared to them what happened to him who was possessed by demons, and about the pigs."},{"verse":"17","text":"They began to beg him to depart from their region."},{"verse":"18","text":"As he was entering into the boat, he who had been possessed by demons begged him that he might be with him."},{"verse":"19","text":"He didn’t allow him, but said to him, “Go to your house, to your friends, and tell them what great things the Lord has done for you, and how he had mercy on you.”"},{"verse":"20","text":"He went his way, and began to proclaim in Decapolis how Jesus had done great things for him, and everyone marveled."},{"verse":"21","text":"When Jesus had crossed back over in the boat to the other side, a great multitude was gathered to him; and he was by the sea."},{"verse":"22","text":"Behold, one of the rulers of the synagogue, Jairus by name, came; and seeing him, he fell at his feet,"},{"verse":"23","text":"and begged him much, saying, “My little daughter is at the point of death. Please come and lay your hands on her, that she may be made healthy, and live.”"},{"verse":"24","text":"He went with him, and a great multitude followed him, and they pressed upon him on all sides."},{"verse":"25","text":"A certain woman, who had a discharge of blood for twelve years,"},{"verse":"26","text":"and had suffered many things by many physicians, and had spent all that she had, and was no better, but rather grew worse,"},{"verse":"27","text":"having heard the things concerning Jesus, came up behind him in the crowd, and touched his clothes."},{"verse":"28","text":"For she said, “If I just touch his clothes, I will be made well.”"},{"verse":"29","text":"Immediately the flow of her blood was dried up, and she felt in her body that she was healed of her affliction."},{"verse":"30","text":"Immediately Jesus, perceiving in himself that the power had gone out from him, turned around in the crowd, and asked, “Who touched my clothes?”"},{"verse":"31","text":"His disciples said to him, “You see the multitude pressing against you, and you say, ‘Who touched me?’ ”"},{"verse":"32","text":"He looked around to see her who had done this thing."},{"verse":"33","text":"But the woman, fearing and trembling, knowing what had been done to her, came and fell down before him, and told him all the truth."},{"verse":"34","text":"He said to her, “Daughter, your faith has made you well. Go in peace, and be cured of your disease.”"},{"verse":"35","text":"While he was still speaking, people came from the synagogue ruler’s house saying, “Your daughter is dead. Why bother the Teacher any more?”"},{"verse":"36","text":"But Jesus, when he heard the message spoken, immediately said to the ruler of the synagogue, “Don’t be afraid, only believe.”"},{"verse":"37","text":"He allowed no one to follow him, except Peter, James, and John the brother of James."},{"verse":"38","text":"He came to the synagogue ruler’s house, and he saw an uproar, weeping, and great wailing."},{"verse":"39","text":"When he had entered in, he said to them, “Why do you make an uproar and weep? The child is not dead, but is asleep.”"},{"verse":"40","text":"They ridiculed him. But he, having put them all out, took the father of the child, her mother, and those who were with him, and went in where the child was lying."},{"verse":"41","text":"Taking the child by the hand, he said to her, “Talitha cumi!”  which means, being interpreted, “Girl, I tell you, get up!”"},{"verse":"42","text":"Immediately the girl rose up and walked, for she was twelve years old. They were amazed with great amazement."},{"verse":"43","text":"He strictly ordered them that no one should know this, and commanded that something should be given to her to eat."}]},{"chapter":"6","verses":[{"verse":"1","text":"He went out from there. He came into his own country, and his disciples followed him."},{"verse":"2","text":"When the Sabbath had come, he began to teach in the synagogue, and many hearing him were astonished, saying, “Where did this man get these things?” and, “What is the wisdom that is given to this man, that such mighty works come about by his hands?"},{"verse":"3","text":"Isn’t this the carpenter, the son of Mary, and brother of James, Joses, Judah, and Simon? Aren’t his sisters here with us?” They were offended at him."},{"verse":"4","text":"Jesus said to them, “A prophet is not without honor, except in his own country, and among his own relatives, and in his own house.”"},{"verse":"5","text":"He could do no mighty work there, except that he laid his hands on a few sick people, and healed them."},{"verse":"6","text":"He marveled because of their unbelief. He went around the villages teaching."},{"verse":"7","text":"He called to himself the twelve, and began to send them out two by two; and he gave them authority over the unclean spirits."},{"verse":"8","text":"He commanded them that they should take nothing for their journey, except a staff only: no bread, no wallet, no money in their purse,"},{"verse":"9","text":"but to wear sandals, and not put on two tunics."},{"verse":"10","text":"He said to them, “Wherever you enter into a house, stay there until you depart from there."},{"verse":"11","text":"Whoever will not receive you nor hear you, as you depart from there, shake off the dust that is under your feet for a testimony against them. Assuredly, I tell you, it will be more tolerable for Sodom and Gomorrah in the day of judgment than for that city!”"},{"verse":"12","text":"They went out and preached that people should repent."},{"verse":"13","text":"They cast out many demons, and anointed many with oil who were sick, and healed them."},{"verse":"14","text":"King Herod heard this, for his name had become known, and he said, “John the Baptizer has risen from the dead, and therefore these powers are at work in him.”"},{"verse":"15","text":"But others said, “He is Elijah.” Others said, “He is a prophet, or like one of the prophets.”"},{"verse":"16","text":"But Herod, when he heard this, said, “This is John, whom I beheaded. He has risen from the dead.”"},{"verse":"17","text":"For Herod himself had sent out and arrested John, and bound him in prison for the sake of Herodias, his brother Philip’s wife, for he had married her."},{"verse":"18","text":"For John said to Herod, “It is not lawful for you to have your brother’s wife.”"},{"verse":"19","text":"Herodias set herself against him, and desired to kill him, but she couldn’t,"},{"verse":"20","text":"for Herod feared John, knowing that he was a righteous and holy man, and kept him safe. When he heard him, he did many things, and he heard him gladly."},{"verse":"21","text":"Then a convenient day came, that Herod on his birthday made a supper for his nobles, the high officers, and the chief men of Galilee."},{"verse":"22","text":"When the daughter of Herodias herself came in and danced, she pleased Herod and those sitting with him. The king said to the young lady, “Ask me whatever you want, and I will give it to you.”"},{"verse":"23","text":"He swore to her, “Whatever you shall ask of me, I will give you, up to half of my kingdom.”"},{"verse":"24","text":"She went out, and said to her mother, “What shall I ask?” She said, “The head of John the Baptizer.”"},{"verse":"25","text":"She came in immediately with haste to the king, and asked, “I want you to give me right now the head of John the Baptizer on a platter.”"},{"verse":"26","text":"The king was exceedingly sorry, but for the sake of his oaths, and of his dinner guests, he didn’t wish to refuse her."},{"verse":"27","text":"Immediately the king sent out a soldier of his guard, and commanded to bring John’s head, and he went and beheaded him in the prison,"},{"verse":"28","text":"and brought his head on a platter, and gave it to the young lady; and the young lady gave it to her mother."},{"verse":"29","text":"When his disciples heard this, they came and took up his corpse, and laid it in a tomb."},{"verse":"30","text":"The apostles gathered themselves together to Jesus, and they told him all things, whatever they had done, and whatever they had taught."},{"verse":"31","text":"He said to them, “You come apart into a deserted place, and rest awhile.” For there were many coming and going, and they had no leisure so much as to eat."},{"verse":"32","text":"They went away in the boat to a deserted place by themselves."},{"verse":"33","text":"They saw them going, and many recognized him and ran there on foot from all the cities. They arrived before them and came together to him."},{"verse":"34","text":"Jesus came out, saw a great multitude, and he had compassion on them, because they were like sheep without a shepherd, and he began to teach them many things."},{"verse":"35","text":"When it was late in the day, his disciples came to him, and said, “This place is deserted, and it is late in the day."},{"verse":"36","text":"Send them away, that they may go into the surrounding country and villages, and buy themselves bread, for they have nothing to eat.”"},{"verse":"37","text":"But he answered them, “You give them something to eat.” They asked him, “Shall we go and buy two hundred denarii worth of bread, and give them something to eat?”"},{"verse":"38","text":"He said to them, “How many loaves do you have? Go see.” When they knew, they said, “Five, and two fish.”"},{"verse":"39","text":"He commanded them that everyone should sit down in groups on the green grass."},{"verse":"40","text":"They sat down in ranks, by hundreds and by fifties."},{"verse":"41","text":"He took the five loaves and the two fish, and looking up to heaven, he blessed and broke the loaves, and he gave to his disciples to set before them, and he divided the two fish among them all."},{"verse":"42","text":"They all ate, and were filled."},{"verse":"43","text":"They took up twelve baskets full of broken pieces and also of the fish."},{"verse":"44","text":"Those who ate the loaves were five thousand men."},{"verse":"45","text":"Immediately he made his disciples get into the boat, and to go ahead to the other side, to Bethsaida, while he himself sent the multitude away."},{"verse":"46","text":"After he had taken leave of them, he went up the mountain to pray."},{"verse":"47","text":"When evening had come, the boat was in the middle of the sea, and he was alone on the land."},{"verse":"48","text":"Seeing them distressed in rowing, for the wind was contrary to them, about the fourth watch of the night he came to them, walking on the sea,  and he would have passed by them,"},{"verse":"49","text":"but they, when they saw him walking on the sea, supposed that it was a ghost, and cried out;"},{"verse":"50","text":"for they all saw him, and were troubled. But he immediately spoke with them, and said to them, “Cheer up! It is I! Don’t be afraid.”"},{"verse":"51","text":"He got into the boat with them; and the wind ceased, and they were very amazed among themselves, and marveled;"},{"verse":"52","text":"for they hadn’t understood about the loaves, but their hearts were hardened."},{"verse":"53","text":"When they had crossed over, they came to land at Gennesaret, and moored to the shore."},{"verse":"54","text":"When they had come out of the boat, immediately the people recognized him,"},{"verse":"55","text":"and ran around that whole region, and began to bring those who were sick, on their mats, to where they heard he was."},{"verse":"56","text":"Wherever he entered, into villages, or into cities, or into the country, they laid the sick in the marketplaces, and begged him that they might just touch the fringe of his garment; and as many as touched him were made well."}]},{"chapter":"7","verses":[{"verse":"1","text":"Then the Pharisees and some of the scribes gathered together to him, having come from Jerusalem."},{"verse":"2","text":"Now when they saw some of his disciples eating bread with defiled, that is unwashed, hands, they found fault."},{"verse":"3","text":"(For the Pharisees and all the Jews don’t eat unless they wash their hands and forearms, holding to the tradition of the elders."},{"verse":"4","text":"They don’t eat when they come from the marketplace unless they bathe themselves, and there are many other things, which they have received to hold to: washings of cups, pitchers, bronze vessels, and couches.)"},{"verse":"5","text":"The Pharisees and the scribes asked him, “Why don’t your disciples walk according to the tradition of the elders, but eat their bread with unwashed hands?”"},{"verse":"6","text":"He answered them, “Well did Isaiah prophesy of you hypocrites, as it is written, ‘This people honors me with their lips, but their heart is far from me."},{"verse":"7","text":"But they worship me in vain, teaching as doctrines the commandments of men.’"},{"verse":"8","text":"“For you set aside the commandment of God, and hold tightly to the tradition of men—the washing of pitchers and cups, and you do many other such things.”"},{"verse":"9","text":"He said to them, “Full well do you reject the commandment of God, that you may keep your tradition."},{"verse":"10","text":"For Moses said, ‘Honor your father and your mother;’ and, ‘He who speaks evil of father or mother, let him be put to death.’"},{"verse":"11","text":"But you say, ‘If a man tells his father or his mother, “Whatever profit you might have received from me is Corban,” ’ ” that is to say, given to God,"},{"verse":"12","text":"“then you no longer allow him to do anything for his father or his mother,"},{"verse":"13","text":"making void the word of God by your tradition, which you have handed down. You do many things like this.”"},{"verse":"14","text":"He called all the multitude to himself, and said to them, “Hear me, all of you, and understand."},{"verse":"15","text":"There is nothing from outside of the man, that going into him can defile him; but the things which proceed out of the man are those that defile the man."},{"verse":"16","text":"If anyone has ears to hear, let him hear!”"},{"verse":"17","text":"When he had entered into a house away from the multitude, his disciples asked him about the parable."},{"verse":"18","text":"He said to them, “Are you also without understanding? Don’t you perceive that whatever goes into the man from outside can’t defile him,"},{"verse":"19","text":"because it doesn’t go into his heart, but into his stomach, then into the latrine, making all foods clean?”"},{"verse":"20","text":"He said, “That which proceeds out of the man, that defiles the man."},{"verse":"21","text":"For from within, out of the hearts of men, proceed evil thoughts, adulteries, sexual sins, murders, thefts,"},{"verse":"22","text":"covetings, wickedness, deceit, lustful desires, an evil eye, blasphemy, pride, and foolishness."},{"verse":"23","text":"All these evil things come from within, and defile the man.”"},{"verse":"24","text":"From there he arose, and went away into the borders of Tyre and Sidon. He entered into a house, and didn’t want anyone to know it, but he couldn’t escape notice."},{"verse":"25","text":"For a woman, whose little daughter had an unclean spirit, having heard of him, came and fell down at his feet."},{"verse":"26","text":"Now the woman was a Greek, a Syrophoenician by race. She begged him that he would cast the demon out of her daughter."},{"verse":"27","text":"But Jesus said to her, “Let the children be filled first, for it is not appropriate to take the children’s bread and throw it to the dogs.”"},{"verse":"28","text":"But she answered him, “Yes, Lord. Yet even the dogs under the table eat the children’s crumbs.”"},{"verse":"29","text":"He said to her, “For this saying, go your way. The demon has gone out of your daughter.”"},{"verse":"30","text":"She went away to her house, and found the child having been laid on the bed, with the demon gone out."},{"verse":"31","text":"Again he departed from the borders of Tyre and Sidon, and came to the sea of Galilee, through the middle of the region of Decapolis."},{"verse":"32","text":"They brought to him one who was deaf and had an impediment in his speech. They begged him to lay his hand on him."},{"verse":"33","text":"He took him aside from the multitude, privately, and put his fingers into his ears, and he spat, and touched his tongue."},{"verse":"34","text":"Looking up to heaven, he sighed, and said to him, “Ephphatha!”  that is, “Be opened!”"},{"verse":"35","text":"Immediately his ears were opened, and the impediment of his tongue was released, and he spoke clearly."},{"verse":"36","text":"He commanded them that they should tell no one, but the more he commanded them, so much the more widely they proclaimed it."},{"verse":"37","text":"They were astonished beyond measure, saying, “He has done all things well. He makes even the deaf hear, and the mute speak!”"}]},{"chapter":"8","verses":[{"verse":"1","text":"In those days, when there was a very great multitude, and they had nothing to eat, Jesus called his disciples to himself, and said to them,"},{"verse":"2","text":"“I have compassion on the multitude, because they have stayed with me now three days, and have nothing to eat."},{"verse":"3","text":"If I send them away fasting to their home, they will faint on the way, for some of them have come a long way.”"},{"verse":"4","text":"His disciples answered him, “From where could one satisfy these people with bread here in a deserted place?”"},{"verse":"5","text":"He asked them, “How many loaves do you have?” They said, “Seven.”"},{"verse":"6","text":"He commanded the multitude to sit down on the ground, and he took the seven loaves. Having given thanks, he broke them, and gave them to his disciples to serve, and they served the multitude."},{"verse":"7","text":"They had a few small fish. Having blessed them, he said to serve these also."},{"verse":"8","text":"They ate, and were filled. They took up seven baskets of broken pieces that were left over."},{"verse":"9","text":"Those who had eaten were about four thousand. Then he sent them away."},{"verse":"10","text":"Immediately he entered into the boat with his disciples, and came into the region of Dalmanutha."},{"verse":"11","text":"The Pharisees came out and began to question him, seeking from him a sign from heaven, and testing him."},{"verse":"12","text":"He sighed deeply in his spirit, and said, “Why does this generation seek a sign? Most certainly I tell you, no sign will be given to this generation.”"},{"verse":"13","text":"He left them, and again entering into the boat, departed to the other side."},{"verse":"14","text":"They forgot to take bread; and they didn’t have more than one loaf in the boat with them."},{"verse":"15","text":"He warned them, saying, “Take heed: beware of the yeast of the Pharisees and the yeast of Herod.”"},{"verse":"16","text":"They reasoned with one another, saying, “It’s because we have no bread.”"},{"verse":"17","text":"Jesus, perceiving it, said to them, “Why do you reason that it’s because you have no bread? Don’t you perceive yet, neither understand? Is your heart still hardened?"},{"verse":"18","text":"Having eyes, don’t you see? Having ears, don’t you hear? Don’t you remember?"},{"verse":"19","text":"When I broke the five loaves among the five thousand, how many baskets full of broken pieces did you take up?” They told him, “Twelve.”"},{"verse":"20","text":"“When the seven loaves fed the four thousand, how many baskets full of broken pieces did you take up?” They told him, “Seven.”"},{"verse":"21","text":"He asked them, “Don’t you understand yet?”"},{"verse":"22","text":"He came to Bethsaida. They brought a blind man to him, and begged him to touch him."},{"verse":"23","text":"He took hold of the blind man by the hand, and brought him out of the village. When he had spat on his eyes, and laid his hands on him, he asked him if he saw anything."},{"verse":"24","text":"He looked up, and said, “I see men; for I see them like trees walking.”"},{"verse":"25","text":"Then again he laid his hands on his eyes. He looked intently, and was restored, and saw everyone clearly."},{"verse":"26","text":"He sent him away to his house, saying, “Don’t enter into the village, nor tell anyone in the village.”"},{"verse":"27","text":"Jesus went out, with his disciples, into the villages of Caesarea Philippi. On the way he asked his disciples, “Who do men say that I am?”"},{"verse":"28","text":"They told him, “John the Baptizer, and others say Elijah, but others: one of the prophets.”"},{"verse":"29","text":"He said to them, “But who do you say that I am?” Peter answered, “You are the Christ.”"},{"verse":"30","text":"He commanded them that they should tell no one about him."},{"verse":"31","text":"He began to teach them that the Son of Man must suffer many things, and be rejected by the elders, the chief priests, and the scribes, and be killed, and after three days rise again."},{"verse":"32","text":"He spoke to them openly. Peter took him, and began to rebuke him."},{"verse":"33","text":"But he, turning around, and seeing his disciples, rebuked Peter, and said, “Get behind me, Satan! For you have in mind not the things of God, but the things of men.”"},{"verse":"34","text":"He called the multitude to himself with his disciples, and said to them, “Whoever wants to come after me, let him deny himself, and take up his cross, and follow me."},{"verse":"35","text":"For whoever wants to save his life will lose it; and whoever will lose his life for my sake and the sake of the Good News will save it."},{"verse":"36","text":"For what does it profit a man, to gain the whole world, and forfeit his life?"},{"verse":"37","text":"For what will a man give in exchange for his life?"},{"verse":"38","text":"For whoever will be ashamed of me and of my words in this adulterous and sinful generation, the Son of Man also will be ashamed of him, when he comes in his Father’s glory, with the holy angels.”"}]},{"chapter":"9","verses":[{"verse":"1","text":"He said to them, “Most certainly I tell you, there are some standing here who will in no way taste death until they see God’s Kingdom come with power.”"},{"verse":"2","text":"After six days Jesus took with him Peter, James, and John, and brought them up onto a high mountain privately by themselves, and he was changed into another form in front of them."},{"verse":"3","text":"His clothing became glistening, exceedingly white, like snow, such as no launderer on earth can whiten them."},{"verse":"4","text":"Elijah and Moses appeared to them, and they were talking with Jesus."},{"verse":"5","text":"Peter answered Jesus, “Rabbi, it is good for us to be here. Let’s make three tents: one for you, one for Moses, and one for Elijah.”"},{"verse":"6","text":"For he didn’t know what to say, for they were very afraid."},{"verse":"7","text":"A cloud came, overshadowing them, and a voice came out of the cloud, “This is my beloved Son. Listen to him.”"},{"verse":"8","text":"Suddenly looking around, they saw no one with them any more, except Jesus only."},{"verse":"9","text":"As they were coming down from the mountain, he commanded them that they should tell no one what things they had seen, until after the Son of Man had risen from the dead."},{"verse":"10","text":"They kept this saying to themselves, questioning what the “rising from the dead” meant."},{"verse":"11","text":"They asked him, saying, “Why do the scribes say that Elijah must come first?”"},{"verse":"12","text":"He said to them, “Elijah indeed comes first, and restores all things. How is it written about the Son of Man, that he should suffer many things and be despised?"},{"verse":"13","text":"But I tell you that Elijah has come, and they have also done to him whatever they wanted to, even as it is written about him.”"},{"verse":"14","text":"Coming to the disciples, he saw a great multitude around them, and scribes questioning them."},{"verse":"15","text":"Immediately all the multitude, when they saw him, were greatly amazed, and running to him, greeted him."},{"verse":"16","text":"He asked the scribes, “What are you asking them?”"},{"verse":"17","text":"One of the multitude answered, “Teacher, I brought to you my son, who has a mute spirit;"},{"verse":"18","text":"and wherever it seizes him, it throws him down, and he foams at the mouth, and grinds his teeth, and wastes away. I asked your disciples to cast it out, and they weren’t able.”"},{"verse":"19","text":"He answered him, “Unbelieving generation, how long shall I be with you? How long shall I bear with you? Bring him to me.”"},{"verse":"20","text":"They brought him to him, and when he saw him, immediately the spirit convulsed him, and he fell on the ground, wallowing and foaming at the mouth."},{"verse":"21","text":"He asked his father, “How long has it been since this has come to him?” He said, “From childhood."},{"verse":"22","text":"Often it has cast him both into the fire and into the water to destroy him. But if you can do anything, have compassion on us, and help us.”"},{"verse":"23","text":"Jesus said to him, “If you can believe, all things are possible to him who believes.”"},{"verse":"24","text":"Immediately the father of the child cried out with tears, “I believe. Help my unbelief!”"},{"verse":"25","text":"When Jesus saw that a multitude came running together, he rebuked the unclean spirit, saying to him, “You mute and deaf spirit, I command you, come out of him, and never enter him again!”"},{"verse":"26","text":"After crying out and convulsing him greatly, it came out of him. The boy became like one dead, so much that most of them said, “He is dead.”"},{"verse":"27","text":"But Jesus took him by the hand, and raised him up; and he arose."},{"verse":"28","text":"When he had come into the house, his disciples asked him privately, “Why couldn’t we cast it out?”"},{"verse":"29","text":"He said to them, “This kind can come out by nothing, except by prayer and fasting.”"},{"verse":"30","text":"They went out from there, and passed through Galilee. He didn’t want anyone to know it."},{"verse":"31","text":"For he was teaching his disciples, and said to them, “The Son of Man is being handed over to the hands of men, and they will kill him; and when he is killed, on the third day he will rise again.”"},{"verse":"32","text":"But they didn’t understand the saying, and were afraid to ask him."},{"verse":"33","text":"He came to Capernaum, and when he was in the house he asked them, “What were you arguing among yourselves on the way?”"},{"verse":"34","text":"But they were silent, for they had disputed with one another on the way about who was the greatest."},{"verse":"35","text":"He sat down, and called the twelve; and he said to them, “If any man wants to be first, he shall be last of all, and servant of all.”"},{"verse":"36","text":"He took a little child, and set him in the middle of them. Taking him in his arms, he said to them,"},{"verse":"37","text":"“Whoever receives one such little child in my name, receives me, and whoever receives me, doesn’t receive me, but him who sent me.”"},{"verse":"38","text":"John said to him, “Teacher, we saw someone who doesn’t follow us casting out demons in your name; and we forbade him, because he doesn’t follow us.”"},{"verse":"39","text":"But Jesus said, “Don’t forbid him, for there is no one who will do a mighty work in my name, and be able quickly to speak evil of me."},{"verse":"40","text":"For whoever is not against us is on our side."},{"verse":"41","text":"For whoever will give you a cup of water to drink in my name, because you are Christ’s, most certainly I tell you, he will in no way lose his reward."},{"verse":"42","text":"Whoever will cause one of these little ones who believe in me to stumble, it would be better for him if he were thrown into the sea with a millstone hung around his neck."},{"verse":"43","text":"If your hand causes you to stumble, cut it off. It is better for you to enter into life maimed, rather than having your two hands to go into Gehenna,  into the unquenchable fire,"},{"verse":"44","text":"‘where their worm doesn’t die, and the fire is not quenched.’"},{"verse":"45","text":"If your foot causes you to stumble, cut it off. It is better for you to enter into life lame, rather than having your two feet to be cast into Gehenna,  into the fire that will never be quenched—"},{"verse":"46","text":"‘where their worm doesn’t die, and the fire is not quenched.’"},{"verse":"47","text":"If your eye causes you to stumble, cast it out. It is better for you to enter into God’s Kingdom with one eye, rather than having two eyes to be cast into the Gehenna of fire,"},{"verse":"48","text":"‘where their worm doesn’t die, and the fire is not quenched.’"},{"verse":"49","text":"For everyone will be salted with fire, and every sacrifice will be seasoned with salt."},{"verse":"50","text":"Salt is good, but if the salt has lost its saltiness, with what will you season it? Have salt in yourselves, and be at peace with one another.”"}]},{"chapter":"10","verses":[{"verse":"1","text":"He arose from there and came into the borders of Judea and beyond the Jordan. Multitudes came together to him again. As he usually did, he was again teaching them."},{"verse":"2","text":"Pharisees came to him testing him, and asked him, “Is it lawful for a man to divorce his wife?”"},{"verse":"3","text":"He answered, “What did Moses command you?”"},{"verse":"4","text":"They said, “Moses allowed a certificate of divorce to be written, and to divorce her.”"},{"verse":"5","text":"But Jesus said to them, “For your hardness of heart, he wrote you this commandment."},{"verse":"6","text":"But from the beginning of the creation, God made them male and female."},{"verse":"7","text":"For this cause a man will leave his father and mother, and will join to his wife,"},{"verse":"8","text":"and the two will become one flesh, so that they are no longer two, but one flesh."},{"verse":"9","text":"What therefore God has joined together, let no man separate.”"},{"verse":"10","text":"In the house, his disciples asked him again about the same matter."},{"verse":"11","text":"He said to them, “Whoever divorces his wife, and marries another, commits adultery against her."},{"verse":"12","text":"If a woman herself divorces her husband, and marries another, she commits adultery.”"},{"verse":"13","text":"They were bringing to him little children, that he should touch them, but the disciples rebuked those who were bringing them."},{"verse":"14","text":"But when Jesus saw it, he was moved with indignation, and said to them, “Allow the little children to come to me! Don’t forbid them, for God’s Kingdom belongs to such as these."},{"verse":"15","text":"Most certainly I tell you, whoever will not receive God’s Kingdom like a little child, he will in no way enter into it.”"},{"verse":"16","text":"He took them in his arms, and blessed them, laying his hands on them."},{"verse":"17","text":"As he was going out into the way, one ran to him, knelt before him, and asked him, “Good Teacher, what shall I do that I may inherit eternal life?”"},{"verse":"18","text":"Jesus said to him, “Why do you call me good? No one is good except one—God."},{"verse":"19","text":"You know the commandments: ‘Do not murder,’ ‘Do not commit adultery,’ ‘Do not steal,’ ‘Do not give false testimony,’ ‘Do not defraud,’ ‘Honor your father and mother.’ ”"},{"verse":"20","text":"He said to him, “Teacher, I have observed all these things from my youth.”"},{"verse":"21","text":"Jesus looking at him loved him, and said to him, “One thing you lack. Go, sell whatever you have, and give to the poor, and you will have treasure in heaven; and come, follow me, taking up the cross.”"},{"verse":"22","text":"But his face fell at that saying, and he went away sorrowful, for he was one who had great possessions."},{"verse":"23","text":"Jesus looked around, and said to his disciples, “How difficult it is for those who have riches to enter into God’s Kingdom!”"},{"verse":"24","text":"The disciples were amazed at his words. But Jesus answered again, “Children, how hard it is for those who trust in riches to enter into God’s Kingdom!"},{"verse":"25","text":"It is easier for a camel to go through a needle’s eye than for a rich man to enter into God’s Kingdom.”"},{"verse":"26","text":"They were exceedingly astonished, saying to him, “Then who can be saved?”"},{"verse":"27","text":"Jesus, looking at them, said, “With men it is impossible, but not with God, for all things are possible with God.”"},{"verse":"28","text":"Peter began to tell him, “Behold, we have left all, and have followed you.”"},{"verse":"29","text":"Jesus said, “Most certainly I tell you, there is no one who has left house, or brothers, or sisters, or father, or mother, or wife, or children, or land, for my sake, and for the sake of the Good News,"},{"verse":"30","text":"but he will receive one hundred times more now in this time: houses, brothers, sisters, mothers, children, and land, with persecutions; and in the age to come eternal life."},{"verse":"31","text":"But many who are first will be last; and the last first.”"},{"verse":"32","text":"They were on the way, going up to Jerusalem; and Jesus was going in front of them, and they were amazed; and those who followed were afraid. He again took the twelve, and began to tell them the things that were going to happen to him."},{"verse":"33","text":"“Behold, we are going up to Jerusalem. The Son of Man will be delivered to the chief priests and the scribes. They will condemn him to death, and will deliver him to the Gentiles."},{"verse":"34","text":"They will mock him, spit on him, scourge him, and kill him. On the third day he will rise again.”"},{"verse":"35","text":"James and John, the sons of Zebedee, came near to him, saying, “Teacher, we want you to do for us whatever we will ask.”"},{"verse":"36","text":"He said to them, “What do you want me to do for you?”"},{"verse":"37","text":"They said to him, “Grant to us that we may sit, one at your right hand, and one at your left hand, in your glory.”"},{"verse":"38","text":"But Jesus said to them, “You don’t know what you are asking. Are you able to drink the cup that I drink, and to be baptized with the baptism that I am baptized with?”"},{"verse":"39","text":"They said to him, “We are able.” Jesus said to them, “You shall indeed drink the cup that I drink, and you shall be baptized with the baptism that I am baptized with;"},{"verse":"40","text":"but to sit at my right hand and at my left hand is not mine to give, but for whom it has been prepared.”"},{"verse":"41","text":"When the ten heard it, they began to be indignant toward James and John."},{"verse":"42","text":"Jesus summoned them, and said to them, “You know that they who are recognized as rulers over the nations lord it over them, and their great ones exercise authority over them."},{"verse":"43","text":"But it shall not be so among you, but whoever wants to become great among you shall be your servant."},{"verse":"44","text":"Whoever of you wants to become first among you, shall be bondservant of all."},{"verse":"45","text":"For the Son of Man also came not to be served, but to serve, and to give his life as a ransom for many.”"},{"verse":"46","text":"They came to Jericho. As he went out from Jericho, with his disciples and a great multitude, the son of Timaeus, Bartimaeus, a blind beggar, was sitting by the road."},{"verse":"47","text":"When he heard that it was Jesus the Nazarene, he began to cry out, and say, “Jesus, you son of David, have mercy on me!”"},{"verse":"48","text":"Many rebuked him, that he should be quiet, but he cried out much more, “You son of David, have mercy on me!”"},{"verse":"49","text":"Jesus stood still, and said, “Call him.” They called the blind man, saying to him, “Cheer up! Get up. He is calling you!”"},{"verse":"50","text":"He, casting away his cloak, sprang up, and came to Jesus."},{"verse":"51","text":"Jesus asked him, “What do you want me to do for you?” The blind man said to him, “Rabboni, that I may see again.”"},{"verse":"52","text":"Jesus said to him, “Go your way. Your faith has made you well.”  Immediately he received his sight, and followed Jesus on the way."}]},{"chapter":"11","verses":[{"verse":"1","text":"When they came near to Jerusalem, to Bethsphage and Bethany, at the Mount of Olives, he sent two of his disciples,"},{"verse":"2","text":"and said to them, “Go your way into the village that is opposite you. Immediately as you enter into it, you will find a young donkey tied, on which no one has sat. Untie him, and bring him."},{"verse":"3","text":"If anyone asks you, ‘Why are you doing this?’ say, ‘The Lord needs him;’ and immediately he will send him back here.”"},{"verse":"4","text":"They went away, and found a young donkey tied at the door outside in the open street, and they untied him."},{"verse":"5","text":"Some of those who stood there asked them, “What are you doing, untying the young donkey?”"},{"verse":"6","text":"They said to them just as Jesus had said, and they let them go."},{"verse":"7","text":"They brought the young donkey to Jesus, and threw their garments on it, and Jesus sat on it."},{"verse":"8","text":"Many spread their garments on the way, and others were cutting down branches from the trees, and spreading them on the road."},{"verse":"9","text":"Those who went in front, and those who followed, cried out, “Hosanna!  Blessed is he who comes in the name of the Lord!"},{"verse":"10","text":"Blessed is the kingdom of our father David that is coming in the name of the Lord! Hosanna in the highest!”"},{"verse":"11","text":"Jesus entered into the temple in Jerusalem. When he had looked around at everything, it being now evening, he went out to Bethany with the twelve."},{"verse":"12","text":"The next day, when they had come out from Bethany, he was hungry."},{"verse":"13","text":"Seeing a fig tree afar off having leaves, he came to see if perhaps he might find anything on it. When he came to it, he found nothing but leaves, for it was not the season for figs."},{"verse":"14","text":"Jesus told it, “May no one ever eat fruit from you again!”  and his disciples heard it."},{"verse":"15","text":"They came to Jerusalem, and Jesus entered into the temple, and began to throw out those who sold and those who bought in the temple, and overthrew the money changers’ tables, and the seats of those who sold the doves."},{"verse":"16","text":"He would not allow anyone to carry a container through the temple."},{"verse":"17","text":"He taught, saying to them, “Isn’t it written, ‘My house will be called a house of prayer for all the nations?’ But you have made it a den of robbers!”"},{"verse":"18","text":"The chief priests and the scribes heard it, and sought how they might destroy him. For they feared him, because all the multitude was astonished at his teaching."},{"verse":"19","text":"When evening came, he went out of the city."},{"verse":"20","text":"As they passed by in the morning, they saw the fig tree withered away from the roots."},{"verse":"21","text":"Peter, remembering, said to him, “Rabbi, look! The fig tree which you cursed has withered away.”"},{"verse":"22","text":"Jesus answered them, “Have faith in God."},{"verse":"23","text":"For most certainly I tell you, whoever may tell this mountain, ‘Be taken up and cast into the sea,’ and doesn’t doubt in his heart, but believes that what he says is happening; he shall have whatever he says."},{"verse":"24","text":"Therefore I tell you, all things whatever you pray and ask for, believe that you have received them, and you shall have them."},{"verse":"25","text":"Whenever you stand praying, forgive, if you have anything against anyone; so that your Father, who is in heaven, may also forgive you your transgressions."},{"verse":"26","text":"But if you do not forgive, neither will your Father in heaven forgive your transgressions.”"},{"verse":"27","text":"They came again to Jerusalem, and as he was walking in the temple, the chief priests, the scribes, and the elders came to him,"},{"verse":"28","text":"and they began saying to him, “By what authority do you do these things? Or who gave you this authority to do these things?”"},{"verse":"29","text":"Jesus said to them, “I will ask you one question. Answer me, and I will tell you by what authority I do these things."},{"verse":"30","text":"The baptism of John—was it from heaven, or from men? Answer me.”"},{"verse":"31","text":"They reasoned with themselves, saying, “If we should say, ‘From heaven;’ he will say, ‘Why then did you not believe him?’"},{"verse":"32","text":"If we should say, ‘From men’ ”—they feared the people, for all held John to really be a prophet."},{"verse":"33","text":"They answered Jesus, “We don’t know.” Jesus said to them, “Neither do I tell you by what authority I do these things.”"}]},{"chapter":"12","verses":[{"verse":"1","text":"He began to speak to them in parables. “A man planted a vineyard, put a hedge around it, dug a pit for the wine press, built a tower, rented it out to a farmer, and went into another country."},{"verse":"2","text":"When it was time, he sent a servant to the farmer to get from the farmer his share of the fruit of the vineyard."},{"verse":"3","text":"They took him, beat him, and sent him away empty."},{"verse":"4","text":"Again, he sent another servant to them; and they threw stones at him, wounded him in the head, and sent him away shamefully treated."},{"verse":"5","text":"Again he sent another; and they killed him; and many others, beating some, and killing some."},{"verse":"6","text":"Therefore still having one, his beloved son, he sent him last to them, saying, ‘They will respect my son.’"},{"verse":"7","text":"But those farmers said among themselves, ‘This is the heir. Come, let’s kill him, and the inheritance will be ours.’"},{"verse":"8","text":"They took him, killed him, and cast him out of the vineyard."},{"verse":"9","text":"What therefore will the lord of the vineyard do? He will come and destroy the farmers, and will give the vineyard to others."},{"verse":"10","text":"Haven’t you even read this Scripture: ‘The stone which the builders rejected was made the head of the corner."},{"verse":"11","text":"This was from the Lord. It is marvelous in our eyes’?”"},{"verse":"12","text":"They tried to seize him, but they feared the multitude; for they perceived that he spoke the parable against them. They left him, and went away."},{"verse":"13","text":"They sent some of the Pharisees and the Herodians to him, that they might trap him with words."},{"verse":"14","text":"When they had come, they asked him, “Teacher, we know that you are honest, and don’t defer to anyone; for you aren’t partial to anyone, but truly teach the way of God. Is it lawful to pay taxes to Caesar, or not?"},{"verse":"15","text":"Shall we give, or shall we not give?” But he, knowing their hypocrisy, said to them, “Why do you test me? Bring me a denarius, that I may see it.”"},{"verse":"16","text":"They brought it. He said to them, “Whose is this image and inscription?” They said to him, “Caesar’s.”"},{"verse":"17","text":"Jesus answered them, “Render to Caesar the things that are Caesar’s, and to God the things that are God’s.” They marveled greatly at him."},{"verse":"18","text":"Some Sadducees, who say that there is no resurrection, came to him. They asked him, saying,"},{"verse":"19","text":"“Teacher, Moses wrote to us, ‘If a man’s brother dies, and leaves a wife behind him, and leaves no children, that his brother should take his wife, and raise up offspring for his brother.’"},{"verse":"20","text":"There were seven brothers. The first took a wife, and dying left no offspring."},{"verse":"21","text":"The second took her, and died, leaving no children behind him. The third likewise;"},{"verse":"22","text":"and the seven took her and left no children. Last of all the woman also died."},{"verse":"23","text":"In the resurrection, when they rise, whose wife will she be of them? For the seven had her as a wife.”"},{"verse":"24","text":"Jesus answered them, “Isn’t this because you are mistaken, not knowing the Scriptures, nor the power of God?"},{"verse":"25","text":"For when they will rise from the dead, they neither marry, nor are given in marriage, but are like angels in heaven."},{"verse":"26","text":"But about the dead, that they are raised; haven’t you read in the book of Moses, about the Bush, how God spoke to him, saying, ‘I am the God of Abraham, the God of Isaac, and the God of Jacob’?"},{"verse":"27","text":"He is not the God of the dead, but of the living. You are therefore badly mistaken.”"},{"verse":"28","text":"One of the scribes came, and heard them questioning together, and knowing that he had answered them well, asked him, “Which commandment is the greatest of all?”"},{"verse":"29","text":"Jesus answered, “The greatest is, ‘Hear, Israel, the Lord our God, the Lord is one:"},{"verse":"30","text":"you shall love the Lord your God with all your heart, and with all your soul, and with all your mind, and with all your strength.’ This is the first commandment."},{"verse":"31","text":"The second is like this, ‘You shall love your neighbor as yourself.’ There is no other commandment greater than these.”"},{"verse":"32","text":"The scribe said to him, “Truly, teacher, you have said well that he is one, and there is none other but he,"},{"verse":"33","text":"and to love him with all the heart, and with all the understanding, with all the soul, and with all the strength, and to love his neighbor as himself, is more important than all whole burnt offerings and sacrifices.”"},{"verse":"34","text":"When Jesus saw that he answered wisely, he said to him, “You are not far from God’s Kingdom.” No one dared ask him any question after that."},{"verse":"35","text":"Jesus responded, as he taught in the temple, “How is it that the scribes say that the Christ is the son of David?"},{"verse":"36","text":"For David himself said in the Holy Spirit, ‘The Lord said to my Lord, “Sit at my right hand, until I make your enemies the footstool of your feet.” ’"},{"verse":"37","text":"Therefore David himself calls him Lord, so how can he be his son?”  The common people heard him gladly."},{"verse":"38","text":"In his teaching he said to them, “Beware of the scribes, who like to walk in long robes, and to get greetings in the marketplaces,"},{"verse":"39","text":"and the best seats in the synagogues, and the best places at feasts:"},{"verse":"40","text":"those who devour widows’ houses, and for a pretense make long prayers. These will receive greater condemnation.”"},{"verse":"41","text":"Jesus sat down opposite the treasury, and saw how the multitude cast money into the treasury. Many who were rich cast in much."},{"verse":"42","text":"A poor widow came, and she cast in two small brass coins, which equal a quadrans coin."},{"verse":"43","text":"He called his disciples to himself, and said to them, “Most certainly I tell you, this poor widow gave more than all those who are giving into the treasury,"},{"verse":"44","text":"for they all gave out of their abundance, but she, out of her poverty, gave all that she had to live on.”"}]},{"chapter":"13","verses":[{"verse":"1","text":"As he went out of the temple, one of his disciples said to him, “Teacher, see what kind of stones and what kind of buildings!”"},{"verse":"2","text":"Jesus said to him, “Do you see these great buildings? There will not be left here one stone on another, which will not be thrown down.”"},{"verse":"3","text":"As he sat on the Mount of Olives opposite the temple, Peter, James, John, and Andrew asked him privately,"},{"verse":"4","text":"“Tell us, when will these things be? What is the sign that these things are all about to be fulfilled?”"},{"verse":"5","text":"Jesus, answering, began to tell them, “Be careful that no one leads you astray."},{"verse":"6","text":"For many will come in my name, saying, ‘I am he!’ and will lead many astray."},{"verse":"7","text":"“When you hear of wars and rumors of wars, don’t be troubled. For those must happen, but the end is not yet."},{"verse":"8","text":"For nation will rise against nation, and kingdom against kingdom. There will be earthquakes in various places. There will be famines and troubles. These things are the beginning of birth pains."},{"verse":"9","text":"But watch yourselves, for they will deliver you up to councils. You will be beaten in synagogues. You will stand before rulers and kings for my sake, for a testimony to them."},{"verse":"10","text":"The Good News must first be preached to all the nations."},{"verse":"11","text":"When they lead you away and deliver you up, don’t be anxious beforehand, or premeditate what you will say, but say whatever will be given you in that hour. For it is not you who speak, but the Holy Spirit."},{"verse":"12","text":"“Brother will deliver up brother to death, and the father his child. Children will rise up against parents, and cause them to be put to death."},{"verse":"13","text":"You will be hated by all men for my name’s sake, but he who endures to the end will be saved."},{"verse":"14","text":"But when you see the abomination of desolation, spoken of by Daniel the prophet, standing where it ought not” (let the reader understand), “then let those who are in Judea flee to the mountains,"},{"verse":"15","text":"and let him who is on the housetop not go down, nor enter in, to take anything out of his house."},{"verse":"16","text":"Let him who is in the field not return back to take his cloak."},{"verse":"17","text":"But woe to those who are with child and to those who nurse babies in those days!"},{"verse":"18","text":"Pray that your flight won’t be in the winter."},{"verse":"19","text":"For in those days there will be oppression, such as there has not been the like from the beginning of the creation which God created until now, and never will be."},{"verse":"20","text":"Unless the Lord had shortened the days, no flesh would have been saved; but for the sake of the chosen ones, whom he picked out, he shortened the days."},{"verse":"21","text":"Then if anyone tells you, ‘Look, here is the Christ!’ or, ‘Look, there!’ don’t believe it."},{"verse":"22","text":"For there will arise false christs and false prophets, and will show signs and wonders, that they may lead astray, if possible, even the chosen ones."},{"verse":"23","text":"But you watch. “Behold, I have told you all things beforehand."},{"verse":"24","text":"But in those days, after that oppression, the sun will be darkened, the moon will not give its light,"},{"verse":"25","text":"the stars will be falling from the sky, and the powers that are in the heavens will be shaken."},{"verse":"26","text":"Then they will see the Son of Man coming in clouds with great power and glory."},{"verse":"27","text":"Then he will send out his angels, and will gather together his chosen ones from the four winds, from the ends of the earth to the ends of the sky."},{"verse":"28","text":"“Now from the fig tree, learn this parable. When the branch has now become tender, and produces its leaves, you know that the summer is near;"},{"verse":"29","text":"even so you also, when you see these things coming to pass, know that it is near, at the doors."},{"verse":"30","text":"Most certainly I say to you, this generation will not pass away until all these things happen."},{"verse":"31","text":"Heaven and earth will pass away, but my words will not pass away."},{"verse":"32","text":"But of that day or that hour no one knows, not even the angels in heaven, nor the Son, but only the Father."},{"verse":"33","text":"Watch, keep alert, and pray; for you don’t know when the time is."},{"verse":"34","text":"“It is like a man, traveling to another country, having left his house, and given authority to his servants, and to each one his work, and also commanded the doorkeeper to keep watch."},{"verse":"35","text":"Watch therefore, for you don’t know when the lord of the house is coming, whether at evening, or at midnight, or when the rooster crows, or in the morning;"},{"verse":"36","text":"lest coming suddenly he might find you sleeping."},{"verse":"37","text":"What I tell you, I tell all: Watch.”"}]},{"chapter":"14","verses":[{"verse":"1","text":"It was now two days before the feast of the Passover and the unleavened bread, and the chief priests and the scribes sought how they might seize him by deception, and kill him."},{"verse":"2","text":"For they said, “Not during the feast, because there might be a riot among the people.”"},{"verse":"3","text":"While he was at Bethany, in the house of Simon the leper, as he sat at the table, a woman came having an alabaster jar of ointment of pure nard—very costly. She broke the jar, and poured it over his head."},{"verse":"4","text":"But there were some who were indignant among themselves, saying, “Why has this ointment been wasted?"},{"verse":"5","text":"For this might have been sold for more than three hundred denarii,  and given to the poor.” So they grumbled against her."},{"verse":"6","text":"But Jesus said, “Leave her alone. Why do you trouble her? She has done a good work for me."},{"verse":"7","text":"For you always have the poor with you, and whenever you want to, you can do them good; but you will not always have me."},{"verse":"8","text":"She has done what she could. She has anointed my body beforehand for the burying."},{"verse":"9","text":"Most certainly I tell you, wherever this Good News may be preached throughout the whole world, that which this woman has done will also be spoken of for a memorial of her.”"},{"verse":"10","text":"Judas Iscariot, who was one of the twelve, went away to the chief priests, that he might deliver him to them."},{"verse":"11","text":"They, when they heard it, were glad, and promised to give him money. He sought how he might conveniently deliver him."},{"verse":"12","text":"On the first day of unleavened bread, when they sacrificed the Passover, his disciples asked him, “Where do you want us to go and prepare that you may eat the Passover?”"},{"verse":"13","text":"He sent two of his disciples, and said to them, “Go into the city, and there you will meet a man carrying a pitcher of water. Follow him,"},{"verse":"14","text":"and wherever he enters in, tell the master of the house, ‘The Teacher says, “Where is the guest room, where I may eat the Passover with my disciples?” ’"},{"verse":"15","text":"He will himself show you a large upper room furnished and ready. Get ready for us there.”"},{"verse":"16","text":"His disciples went out, and came into the city, and found things as he had said to them, and they prepared the Passover."},{"verse":"17","text":"When it was evening he came with the twelve."},{"verse":"18","text":"As they sat and were eating, Jesus said, “Most certainly I tell you, one of you will betray me—he who eats with me.”"},{"verse":"19","text":"They began to be sorrowful, and to ask him one by one, “Surely not I?” And another said, “Surely not I?”"},{"verse":"20","text":"He answered them, “It is one of the twelve, he who dips with me in the dish."},{"verse":"21","text":"For the Son of Man goes, even as it is written about him, but woe to that man by whom the Son of Man is betrayed! It would be better for that man if he had not been born.”"},{"verse":"22","text":"As they were eating, Jesus took bread, and when he had blessed, he broke it, and gave to them, and said, “Take, eat. This is my body.”"},{"verse":"23","text":"He took the cup, and when he had given thanks, he gave to them. They all drank of it."},{"verse":"24","text":"He said to them, “This is my blood of the new covenant, which is poured out for many."},{"verse":"25","text":"Most certainly I tell you, I will no more drink of the fruit of the vine, until that day when I drink it anew in God’s Kingdom.”"},{"verse":"26","text":"When they had sung a hymn, they went out to the Mount of Olives."},{"verse":"27","text":"Jesus said to them, “All of you will be made to stumble because of me tonight, for it is written, ‘I will strike the shepherd, and the sheep will be scattered.’"},{"verse":"28","text":"However, after I am raised up, I will go before you into Galilee.”"},{"verse":"29","text":"But Peter said to him, “Although all will be offended, yet I will not.”"},{"verse":"30","text":"Jesus said to him, “Most certainly I tell you, that you today, even this night, before the rooster crows twice, you will deny me three times.”"},{"verse":"31","text":"But he spoke all the more, “If I must die with you, I will not deny you.” They all said the same thing."},{"verse":"32","text":"They came to a place which was named Gethsemane. He said to his disciples, “Sit here, while I pray.”"},{"verse":"33","text":"He took with him Peter, James, and John, and began to be greatly troubled and distressed."},{"verse":"34","text":"He said to them, “My soul is exceedingly sorrowful, even to death. Stay here, and watch.”"},{"verse":"35","text":"He went forward a little, and fell on the ground, and prayed that, if it were possible, the hour might pass away from him."},{"verse":"36","text":"He said, “Abba, Father, all things are possible to you. Please remove this cup from me. However, not what I desire, but what you desire.”"},{"verse":"37","text":"He came and found them sleeping, and said to Peter, “Simon, are you sleeping? Couldn’t you watch one hour?"},{"verse":"38","text":"Watch and pray, that you may not enter into temptation. The spirit indeed is willing, but the flesh is weak.”"},{"verse":"39","text":"Again he went away, and prayed, saying the same words."},{"verse":"40","text":"Again he returned, and found them sleeping, for their eyes were very heavy, and they didn’t know what to answer him."},{"verse":"41","text":"He came the third time, and said to them, “Sleep on now, and take your rest. It is enough. The hour has come. Behold, the Son of Man is betrayed into the hands of sinners."},{"verse":"42","text":"Arise! Let’s get going. Behold: he who betrays me is at hand.”"},{"verse":"43","text":"Immediately, while he was still speaking, Judas, one of the twelve, came—and with him a multitude with swords and clubs, from the chief priests, the scribes, and the elders."},{"verse":"44","text":"Now he who betrayed him had given them a sign, saying, “Whomever I will kiss, that is he. Seize him, and lead him away safely.”"},{"verse":"45","text":"When he had come, immediately he came to him, and said, “Rabbi! Rabbi!” and kissed him."},{"verse":"46","text":"They laid their hands on him, and seized him."},{"verse":"47","text":"But a certain one of those who stood by drew his sword, and struck the servant of the high priest, and cut off his ear."},{"verse":"48","text":"Jesus answered them, “Have you come out, as against a robber, with swords and clubs to seize me?"},{"verse":"49","text":"I was daily with you in the temple teaching, and you didn’t arrest me. But this is so that the Scriptures might be fulfilled.”"},{"verse":"50","text":"They all left him, and fled."},{"verse":"51","text":"A certain young man followed him, having a linen cloth thrown around himself over his naked body. The young men grabbed him,"},{"verse":"52","text":"but he left the linen cloth, and fled from them naked."},{"verse":"53","text":"They led Jesus away to the high priest. All the chief priests, the elders, and the scribes came together with him."},{"verse":"54","text":"Peter had followed him from a distance, until he came into the court of the high priest. He was sitting with the officers, and warming himself in the light of the fire."},{"verse":"55","text":"Now the chief priests and the whole council sought witnesses against Jesus to put him to death, and found none."},{"verse":"56","text":"For many gave false testimony against him, and their testimony didn’t agree with each other."},{"verse":"57","text":"Some stood up, and gave false testimony against him, saying,"},{"verse":"58","text":"“We heard him say, ‘I will destroy this temple that is made with hands, and in three days I will build another made without hands.’ ”"},{"verse":"59","text":"Even so, their testimony didn’t agree."},{"verse":"60","text":"The high priest stood up in the middle, and asked Jesus, “Have you no answer? What is it which these testify against you?”"},{"verse":"61","text":"But he stayed quiet, and answered nothing. Again the high priest asked him, “Are you the Christ, the Son of the Blessed?”"},{"verse":"62","text":"Jesus said, “I am. You will see the Son of Man sitting at the right hand of Power, and coming with the clouds of the sky.”"},{"verse":"63","text":"The high priest tore his clothes, and said, “What further need have we of witnesses?"},{"verse":"64","text":"You have heard the blasphemy! What do you think?” They all condemned him to be worthy of death."},{"verse":"65","text":"Some began to spit on him, and to cover his face, and to beat him with fists, and to tell him, “Prophesy!” The officers struck him with the palms of their hands."},{"verse":"66","text":"As Peter was in the courtyard below, one of the maids of the high priest came,"},{"verse":"67","text":"and seeing Peter warming himself, she looked at him, and said, “You were also with the Nazarene, Jesus!”"},{"verse":"68","text":"But he denied it, saying, “I neither know, nor understand what you are saying.” He went out on the porch, and the rooster crowed."},{"verse":"69","text":"The maid saw him, and began again to tell those who stood by, “This is one of them.”"},{"verse":"70","text":"But he again denied it. After a little while again those who stood by said to Peter, “You truly are one of them, for you are a Galilean, and your speech shows it.”"},{"verse":"71","text":"But he began to curse, and to swear, “I don’t know this man of whom you speak!”"},{"verse":"72","text":"The rooster crowed the second time. Peter remembered the word, how that Jesus said to him, “Before the rooster crows twice, you will deny me three times.” When he thought about that, he wept."}]},{"chapter":"15","verses":[{"verse":"1","text":"Immediately in the morning the chief priests, with the elders and scribes, and the whole council, held a consultation, bound Jesus, carried him away, and delivered him up to Pilate."},{"verse":"2","text":"Pilate asked him, “Are you the King of the Jews?” He answered, “So you say.”"},{"verse":"3","text":"The chief priests accused him of many things."},{"verse":"4","text":"Pilate again asked him, “Have you no answer? See how many things they testify against you!”"},{"verse":"5","text":"But Jesus made no further answer, so that Pilate marveled."},{"verse":"6","text":"Now at the feast he used to release to them one prisoner, whom they asked of him."},{"verse":"7","text":"There was one called Barabbas, bound with his fellow insurgents, men who in the insurrection had committed murder."},{"verse":"8","text":"The multitude, crying aloud, began to ask him to do as he always did for them."},{"verse":"9","text":"Pilate answered them, saying, “Do you want me to release to you the King of the Jews?”"},{"verse":"10","text":"For he perceived that for envy the chief priests had delivered him up."},{"verse":"11","text":"But the chief priests stirred up the multitude, that he should release Barabbas to them instead."},{"verse":"12","text":"Pilate again asked them, “What then should I do to him whom you call the King of the Jews?”"},{"verse":"13","text":"They cried out again, “Crucify him!”"},{"verse":"14","text":"Pilate said to them, “Why, what evil has he done?” But they cried out exceedingly, “Crucify him!”"},{"verse":"15","text":"Pilate, wishing to please the multitude, released Barabbas to them, and handed over Jesus, when he had flogged him, to be crucified."},{"verse":"16","text":"The soldiers led him away within the court, which is the Praetorium; and they called together the whole cohort."},{"verse":"17","text":"They clothed him with purple, and weaving a crown of thorns, they put it on him."},{"verse":"18","text":"They began to salute him, “Hail, King of the Jews!”"},{"verse":"19","text":"They struck his head with a reed, and spat on him, and bowing their knees, did homage to him."},{"verse":"20","text":"When they had mocked him, they took the purple off him, and put his own garments on him. They led him out to crucify him."},{"verse":"21","text":"They compelled one passing by, coming from the country, Simon of Cyrene, the father of Alexander and Rufus, to go with them, that he might bear his cross."},{"verse":"22","text":"They brought him to the place called Golgotha, which is, being interpreted, “The place of a skull.”"},{"verse":"23","text":"They offered him wine mixed with myrrh to drink, but he didn’t take it."},{"verse":"24","text":"Crucifying him, they parted his garments among them, casting lots on them, what each should take."},{"verse":"25","text":"It was the third hour,  and they crucified him."},{"verse":"26","text":"The superscription of his accusation was written over him, “THE KING OF THE JEWS.”"},{"verse":"27","text":"With him they crucified two robbers; one on his right hand, and one on his left."},{"verse":"28","text":"The Scripture was fulfilled, which says, “He was counted with transgressors.”"},{"verse":"29","text":"Those who passed by blasphemed him, wagging their heads, and saying, “Ha! You who destroy the temple, and build it in three days,"},{"verse":"30","text":"save yourself, and come down from the cross!”"},{"verse":"31","text":"Likewise, also the chief priests mocking among themselves with the scribes said, “He saved others. He can’t save himself."},{"verse":"32","text":"Let the Christ, the King of Israel, now come down from the cross, that we may see and believe him.”  Those who were crucified with him also insulted him."},{"verse":"33","text":"When the sixth hour  had come, there was darkness over the whole land until the ninth hour."},{"verse":"34","text":"At the ninth hour Jesus cried with a loud voice, saying, “Eloi, Eloi, lama sabachthani?” which is, being interpreted, “My God, my God, why have you forsaken me?”"},{"verse":"35","text":"Some of those who stood by, when they heard it, said, “Behold, he is calling Elijah.”"},{"verse":"36","text":"One ran, and filling a sponge full of vinegar, put it on a reed, and gave it to him to drink, saying, “Let him be. Let’s see whether Elijah comes to take him down.”"},{"verse":"37","text":"Jesus cried out with a loud voice, and gave up the spirit."},{"verse":"38","text":"The veil of the temple was torn in two from the top to the bottom."},{"verse":"39","text":"When the centurion, who stood by opposite him, saw that he cried out like this and breathed his last, he said, “Truly this man was the Son of God!”"},{"verse":"40","text":"There were also women watching from afar, among whom were both Mary Magdalene, and Mary the mother of James the less and of Joses, and Salome;"},{"verse":"41","text":"who, when he was in Galilee, followed him and served him; and many other women who came up with him to Jerusalem."},{"verse":"42","text":"When evening had now come, because it was the Preparation Day, that is, the day before the Sabbath,"},{"verse":"43","text":"Joseph of Arimathaea, a prominent council member who also himself was looking for God’s Kingdom, came. He boldly went in to Pilate, and asked for Jesus’ body."},{"verse":"44","text":"Pilate marveled if he were already dead; and summoning the centurion, he asked him whether he had been dead long."},{"verse":"45","text":"When he found out from the centurion, he granted the body to Joseph."},{"verse":"46","text":"He bought a linen cloth, and taking him down, wound him in the linen cloth, and laid him in a tomb which had been cut out of a rock. He rolled a stone against the door of the tomb."},{"verse":"47","text":"Mary Magdalene and Mary, the mother of Joses, saw where he was laid."}]},{"chapter":"16","verses":[{"verse":"1","text":"When the Sabbath was past, Mary Magdalene, and Mary the mother of James, and Salome, bought spices, that they might come and anoint him."},{"verse":"2","text":"Very early on the first day of the week, they came to the tomb when the sun had risen."},{"verse":"3","text":"They were saying among themselves, “Who will roll away the stone from the door of the tomb for us?”"},{"verse":"4","text":"for it was very big. Looking up, they saw that the stone was rolled back."},{"verse":"5","text":"Entering into the tomb, they saw a young man sitting on the right side, dressed in a white robe, and they were amazed."},{"verse":"6","text":"He said to them, “Don’t be amazed. You seek Jesus, the Nazarene, who has been crucified. He has risen. He is not here. Behold, the place where they laid him!"},{"verse":"7","text":"But go, tell his disciples and Peter, ‘He goes before you into Galilee. There you will see him, as he said to you.’ ”"},{"verse":"8","text":"They went out, and fled from the tomb, for trembling and astonishment had come on them. They said nothing to anyone; for they were afraid."},{"verse":"9","text":"Now when he had risen early on the first day of the week, he appeared first to Mary Magdalene, from whom he had cast out seven demons."},{"verse":"10","text":"She went and told those who had been with him, as they mourned and wept."},{"verse":"11","text":"When they heard that he was alive, and had been seen by her, they disbelieved."},{"verse":"12","text":"After these things he was revealed in another form to two of them, as they walked, on their way into the country."},{"verse":"13","text":"They went away and told it to the rest. They didn’t believe them, either."},{"verse":"14","text":"Afterward he was revealed to the eleven themselves as they sat at the table, and he rebuked them for their unbelief and hardness of heart, because they didn’t believe those who had seen him after he had risen."},{"verse":"15","text":"He said to them, “Go into all the world, and preach the Good News to the whole creation."},{"verse":"16","text":"He who believes and is baptized will be saved; but he who disbelieves will be condemned."},{"verse":"17","text":"These signs will accompany those who believe: in my name they will cast out demons; they will speak with new languages;"},{"verse":"18","text":"they will take up serpents; and if they drink any deadly thing, it will in no way hurt them; they will lay hands on the sick, and they will recover.”"},{"verse":"19","text":"So then the Lord, after he had spoken to them, was received up into heaven, and sat down at the right hand of God."},{"verse":"20","text":"They went out, and preached everywhere, the Lord working with them, and confirming the word by the signs that followed. Amen."}]}],"book":"Mark"}