{"chapters":[{"chapter":"1","verses":[{"verse":"1","text":"Yahweh’s word that came to Micah the Morashtite in the days of Jotham, Ahaz, and Hezekiah, kings of Judah, which he saw concerning Samaria and Jerusalem."},{"verse":"2","text":"Hear, you peoples, all of you. Listen, O earth, and all that is therein: and let the Lord Yahweh be witness against you, the Lord from his holy temple."},{"verse":"3","text":"For, behold, Yahweh comes out of his place, and will come down and tread on the high places of the earth."},{"verse":"4","text":"The mountains melt under him, and the valleys split apart, like wax before the fire, like waters that are poured down a steep place."},{"verse":"5","text":"“All this is for the disobedience of Jacob, and for the sins of the house of Israel. What is the disobedience of Jacob? Isn’t it Samaria? And what are the high places of Judah? Aren’t they Jerusalem?"},{"verse":"6","text":"Therefore I will make Samaria like a rubble heap of the field, like places for planting vineyards; and I will pour down its stones into the valley, and I will uncover its foundations."},{"verse":"7","text":"All her idols will be beaten to pieces, and all her temple gifts will be burned with fire, and all her images I will destroy; for of the hire of a prostitute has she gathered them, and to the hire of a prostitute shall they return.”"},{"verse":"8","text":"For this I will lament and wail; I will go stripped and naked; I will howl like the jackals, and moan like the daughters of owls."},{"verse":"9","text":"For her wounds are incurable; for it has come even to Judah. It reaches to the gate of my people, even to Jerusalem."},{"verse":"10","text":"Don’t tell it in Gath. Don’t weep at all. At Beth Ophrah I have rolled myself in the dust."},{"verse":"11","text":"Pass on, inhabitant of Shaphir, in nakedness and shame. The inhabitant of Zaanan won’t come out. The wailing of Beth Ezel will take from you his protection."},{"verse":"12","text":"For the inhabitant of Maroth waits anxiously for good, because evil has come down from Yahweh to the gate of Jerusalem."},{"verse":"13","text":"Harness the chariot to the swift steed, inhabitant of Lachish. She was the beginning of sin to the daughter of Zion; For the transgressions of Israel were found in you."},{"verse":"14","text":"Therefore you will give a parting gift to Moresheth Gath. The houses of Achzib will be a deceitful thing to the kings of Israel."},{"verse":"15","text":"I will yet bring to you, inhabitant of Mareshah. He who is the glory of Israel will come to Adullam."},{"verse":"16","text":"Shave your heads, and cut off your hair for the children of your delight. Enlarge your baldness like the vulture; for they have gone into captivity from you!"}]},{"chapter":"2","verses":[{"verse":"1","text":"Woe to those who devise iniquity and work evil on their beds! When the morning is light, they practice it, because it is in the power of their hand."},{"verse":"2","text":"They covet fields, and seize them; and houses, and take them away: and they oppress a man and his house, even a man and his heritage."},{"verse":"3","text":"Therefore Yahweh says: “Behold, I am planning against these people a disaster, from which you will not remove your necks, neither will you walk haughtily; for it is an evil time."},{"verse":"4","text":"In that day they will take up a parable against you, and lament with a doleful lamentation, saying, ‘We are utterly ruined! My people’s possession is divided up. Indeed he takes it from me and assigns our fields to traitors!’ ”"},{"verse":"5","text":"Therefore you will have no one who divides the land by lot in Yahweh’s assembly."},{"verse":"6","text":"“Don’t prophesy!” They prophesy. “Don’t prophesy about these things. Disgrace won’t overtake us.”"},{"verse":"7","text":"Shall it be said, O house of Jacob: “Is Yahweh’s Spirit angry? Are these his doings? Don’t my words do good to him who walks blamelessly?”"},{"verse":"8","text":"But lately my people have risen up as an enemy. You strip the robe and clothing from those who pass by without a care, returning from battle."},{"verse":"9","text":"You drive the women of my people out from their pleasant houses; from their young children you take away my blessing forever."},{"verse":"10","text":"Arise, and depart! For this is not your resting place, because of uncleanness that destroys, even with a grievous destruction."},{"verse":"11","text":"If a man walking in a spirit of falsehood lies: “I will prophesy to you of wine and of strong drink;” he would be the prophet of this people."},{"verse":"12","text":"I will surely assemble, Jacob, all of you; I will surely gather the remnant of Israel; I will put them together as the sheep of Bozrah, as a flock in the middle of their pasture; they will swarm with people."},{"verse":"13","text":"He who breaks open the way goes up before them. They break through the gate, and go out. And their king passes on before them, with Yahweh at their head."}]},{"chapter":"3","verses":[{"verse":"1","text":"I said, “Please listen, you heads of Jacob, and rulers of the house of Israel: Isn’t it for you to know justice?"},{"verse":"2","text":"You who hate the good, and love the evil; who tear off their skin, and their flesh from off their bones;"},{"verse":"3","text":"who also eat the flesh of my people, and peel their skin from off them, and break their bones, and chop them in pieces, as for the pot, and as meat within the cauldron."},{"verse":"4","text":"Then they will cry to Yahweh, but he will not answer them. Yes, he will hide his face from them at that time, because they made their deeds evil.”"},{"verse":"5","text":"Yahweh says concerning the prophets who lead my people astray; for those who feed their teeth, they proclaim, “Peace!” and whoever doesn’t provide for their mouths, they prepare war against him:"},{"verse":"6","text":"“Therefore night is over you, with no vision, and it is dark to you, that you may not divine; and the sun will go down on the prophets, and the day will be black over them."},{"verse":"7","text":"The seers shall be disappointed, and the diviners confounded. Yes, they shall all cover their lips; for there is no answer from God.”"},{"verse":"8","text":"But as for me, I am full of power by Yahweh’s Spirit, and of judgment, and of might, to declare to Jacob his disobedience, and to Israel his sin."},{"verse":"9","text":"Please listen to this, you heads of the house of Jacob, and rulers of the house of Israel, who abhor justice, and pervert all equity."},{"verse":"10","text":"They build up Zion with blood, and Jerusalem with iniquity."},{"verse":"11","text":"Her leaders judge for bribes, and her priests teach for a price, and her prophets of it tell fortunes for money: yet they lean on Yahweh, and say, “Isn’t Yahweh among us? No disaster will come on us.”"},{"verse":"12","text":"Therefore Zion for your sake will be plowed like a field, and Jerusalem will become heaps of rubble, and the mountain of the temple like the high places of a forest."}]},{"chapter":"4","verses":[{"verse":"1","text":"But in the latter days, it will happen that the mountain of Yahweh’s temple will be established on the top of the mountains, and it will be exalted above the hills; and peoples will stream to it."},{"verse":"2","text":"Many nations will go and say, “Come! Let’s go up to the mountain of Yahweh, and to the house of the God of Jacob; and he will teach us of his ways, and we will walk in his paths.” For the law will go out of Zion, and Yahweh’s word from Jerusalem;"},{"verse":"3","text":"and he will judge between many peoples, and will decide concerning strong nations afar off. They will beat their swords into plowshares, and their spears into pruning hooks. Nation will not lift up sword against nation, neither will they learn war any more."},{"verse":"4","text":"But they will sit every man under his vine and under his fig tree; and no one will make them afraid: For the mouth of Yahweh of Armies has spoken."},{"verse":"5","text":"Indeed all the nations may walk in the name of their gods; but we will walk in the name of Yahweh our God forever and ever."},{"verse":"6","text":"“In that day,” says Yahweh, “I will assemble that which is lame, and I will gather that which is driven away, and that which I have afflicted;"},{"verse":"7","text":"and I will make that which was lame a remnant, and that which was cast far off a strong nation: and Yahweh will reign over them on Mount Zion from then on, even forever.”"},{"verse":"8","text":"You, tower of the flock, the hill of the daughter of Zion, to you it will come, yes, the former dominion will come, the kingdom of the daughter of Jerusalem."},{"verse":"9","text":"Now why do you cry out aloud? Is there no king in you? Has your counselor perished, that pains have taken hold of you as of a woman in travail?"},{"verse":"10","text":"Be in pain, and labor to give birth, daughter of Zion, like a woman in travail; for now you will go out of the city, and will dwell in the field, and will come even to Babylon. There you will be rescued. There Yahweh will redeem you from the hand of your enemies."},{"verse":"11","text":"Now many nations have assembled against you, that say, “Let her be defiled, and let our eye gloat over Zion.”"},{"verse":"12","text":"But they don’t know the thoughts of Yahweh, neither do they understand his counsel; for he has gathered them like the sheaves to the threshing floor."},{"verse":"13","text":"Arise and thresh, daughter of Zion; for I will make your horn iron, and I will make your hoofs bronze; and you will beat in pieces many peoples: and I will devote their gain to Yahweh, and their substance to the Lord of the whole earth."}]},{"chapter":"5","verses":[{"verse":"1","text":"Now you shall gather yourself in troops, daughter of troops. He has laid siege against us. They will strike the judge of Israel with a rod on the cheek."},{"verse":"2","text":"But you, Bethlehem Ephrathah, being small among the clans of Judah, out of you one will come out to me that is to be ruler in Israel; whose goings out are from of old, from ancient times."},{"verse":"3","text":"Therefore he will abandon them until the time that she who is in labor gives birth. Then the rest of his brothers will return to the children of Israel."},{"verse":"4","text":"He shall stand, and shall shepherd in the strength of Yahweh, in the majesty of the name of Yahweh his God: and they will live, for then he will be great to the ends of the earth."},{"verse":"5","text":"He will be our peace when Assyria invades our land, and when he marches through our fortresses, then we will raise against him seven shepherds, and eight leaders of men."},{"verse":"6","text":"They will rule the land of Assyria with the sword, and the land of Nimrod in its gates. He will deliver us from the Assyrian, when he invades our land, and when he marches within our border."},{"verse":"7","text":"The remnant of Jacob will be among many peoples, like dew from Yahweh, like showers on the grass, that don’t wait for man, nor wait for the sons of men."},{"verse":"8","text":"The remnant of Jacob will be among the nations, among many peoples, like a lion among the animals of the forest, like a young lion among the flocks of sheep; who, if he goes through, treads down and tears in pieces, and there is no one to deliver."},{"verse":"9","text":"Let your hand be lifted up above your adversaries, and let all of your enemies be cut off."},{"verse":"10","text":"“It will happen in that day”, says Yahweh, “that I will cut off your horses out from among you, and will destroy your chariots."},{"verse":"11","text":"I will cut off the cities of your land, and will tear down all your strongholds."},{"verse":"12","text":"I will destroy witchcraft from your hand; and you shall have no soothsayers."},{"verse":"13","text":"I will cut off your engraved images and your pillars out from among you; and you shall no more worship the work of your hands."},{"verse":"14","text":"I will uproot your Asherah poles out from among you; and I will destroy your cities."},{"verse":"15","text":"I will execute vengeance in anger, and wrath on the nations that didn’t listen.”"}]},{"chapter":"6","verses":[{"verse":"1","text":"Listen now to what Yahweh says: “Arise, plead your case before the mountains, and let the hills hear what you have to say."},{"verse":"2","text":"Hear, you mountains, Yahweh’s controversy, and you enduring foundations of the earth; for Yahweh has a controversy with his people, and he will contend with Israel."},{"verse":"3","text":"My people, what have I done to you? How have I burdened you? Answer me!"},{"verse":"4","text":"For I brought you up out of the land of Egypt, and redeemed you out of the house of bondage. I sent before you Moses, Aaron, and Miriam."},{"verse":"5","text":"My people, remember now what Balak king of Moab devised, and what Balaam the son of Beor answered him from Shittim to Gilgal, that you may know the righteous acts of Yahweh.”"},{"verse":"6","text":"How shall I come before Yahweh, and bow myself before the exalted God? Shall I come before him with burnt offerings, with calves a year old?"},{"verse":"7","text":"Will Yahweh be pleased with thousands of rams? With tens of thousands of rivers of oil? Shall I give my firstborn for my disobedience? The fruit of my body for the sin of my soul?"},{"verse":"8","text":"He has shown you, O man, what is good. What does Yahweh require of you, but to act justly, to love mercy, and to walk humbly with your God?"},{"verse":"9","text":"Yahweh’s voice calls to the city, and wisdom sees your name: “Listen to the rod, and he who appointed it."},{"verse":"10","text":"Are there yet treasures of wickedness in the house of the wicked, and a short ephah that is accursed?"},{"verse":"11","text":"Shall I be pure with dishonest scales, and with a bag of deceitful weights?"},{"verse":"12","text":"Her rich men are full of violence, her inhabitants speak lies, and their tongue is deceitful in their speech."},{"verse":"13","text":"Therefore I also have struck you with a grievous wound. I have made you desolate because of your sins."},{"verse":"14","text":"You shall eat, but not be satisfied. Your humiliation will be within you. You will store up, but not save; and that which you save I will give up to the sword."},{"verse":"15","text":"You will sow, but won’t reap. You will tread the olives, but won’t anoint yourself with oil; and crush grapes, but won’t drink the wine."},{"verse":"16","text":"For the statutes of Omri are kept, and all the works of Ahab’s house. You walk in their counsels, that I may make you a ruin, and her inhabitants a hissing; And you will bear the reproach of my people.”"}]},{"chapter":"7","verses":[{"verse":"1","text":"Misery is mine! Indeed, I am like one who gathers the summer fruits, as gleanings of the vineyard: There is no cluster of grapes to eat. My soul desires to eat the early fig."},{"verse":"2","text":"The godly man has perished out of the earth, and there is no one upright among men. They all lie in wait for blood; every man hunts his brother with a net."},{"verse":"3","text":"Their hands are on that which is evil to do it diligently. The ruler and judge ask for a bribe; and the powerful man dictates the evil desire of his soul. Thus they conspire together."},{"verse":"4","text":"The best of them is like a brier. The most upright is worse than a thorn hedge. The day of your watchmen, even your visitation, has come; now is the time of their confusion."},{"verse":"5","text":"Don’t trust in a neighbor. Don’t put confidence in a friend. With the woman lying in your embrace, be careful of the words of your mouth!"},{"verse":"6","text":"For the son dishonors the father, the daughter rises up against her mother, the daughter-in-law against her mother-in-law; a man’s enemies are the men of his own house."},{"verse":"7","text":"But as for me, I will look to Yahweh. I will wait for the God of my salvation. My God will hear me."},{"verse":"8","text":"Don’t rejoice against me, my enemy. When I fall, I will arise. When I sit in darkness, Yahweh will be a light to me."},{"verse":"9","text":"I will bear the indignation of Yahweh, because I have sinned against him, until he pleads my case, and executes judgment for me. He will bring me out to the light. I will see his righteousness."},{"verse":"10","text":"Then my enemy will see it, and shame will cover her who said to me, where is Yahweh your God? Then my enemy will see me and will cover her shame. Now she will be trodden down like the mire of the streets."},{"verse":"11","text":"A day to build your walls— In that day, he will extend your boundary."},{"verse":"12","text":"In that day they will come to you from Assyria and the cities of Egypt, and from Egypt even to the River, and from sea to sea, and mountain to mountain."},{"verse":"13","text":"Yet the land will be desolate because of those who dwell therein, for the fruit of their doings."},{"verse":"14","text":"Shepherd your people with your staff, the flock of your heritage, who dwell by themselves in a forest, in the middle of fertile pasture land, let them feed; in Bashan and Gilead, as in the days of old."},{"verse":"15","text":"“As in the days of your coming out of the land of Egypt, I will show them marvelous things.”"},{"verse":"16","text":"The nations will see and be ashamed of all their might. They will lay their hand on their mouth. Their ears will be deaf."},{"verse":"17","text":"They will lick the dust like a serpent. Like crawling things of the earth they shall come trembling out of their dens. They will come with fear to Yahweh our God, and will be afraid because of you."},{"verse":"18","text":"Who is a God like you, who pardons iniquity, and passes over the disobedience of the remnant of his heritage? He doesn’t retain his anger forever, because he delights in loving kindness."},{"verse":"19","text":"He will again have compassion on us. He will tread our iniquities under foot; and you will cast all their sins into the depths of the sea."},{"verse":"20","text":"You will give truth to Jacob, and mercy to Abraham, as you have sworn to our fathers from the days of old."}]}],"book":"Micah"}