{"chapters":[{"chapter":"1","verses":[{"verse":"1","text":"A revelation about Nineveh. The book of the vision of Nahum the Elkoshite."},{"verse":"2","text":"Yahweh is a jealous God and avenges. Yahweh avenges and is full of wrath. Yahweh takes vengeance on his adversaries, and he maintains wrath against his enemies."},{"verse":"3","text":"Yahweh is slow to anger, and great in power, and will by no means leave the guilty unpunished. Yahweh has his way in the whirlwind and in the storm, and the clouds are the dust of his feet."},{"verse":"4","text":"He rebukes the sea, and makes it dry, and dries up all the rivers. Bashan languishes, and Carmel; and the flower of Lebanon languishes."},{"verse":"5","text":"The mountains quake before him, and the hills melt away. The earth trembles at his presence, yes, the world, and all who dwell in it."},{"verse":"6","text":"Who can stand before his indignation? Who can endure the fierceness of his anger? His wrath is poured out like fire, and the rocks are broken apart by him."},{"verse":"7","text":"Yahweh is good, a stronghold in the day of trouble; and he knows those who take refuge in him."},{"verse":"8","text":"But with an overflowing flood, he will make a full end of her place, and will pursue his enemies into darkness."},{"verse":"9","text":"What do you plot against Yahweh? He will make a full end. Affliction won’t rise up the second time."},{"verse":"10","text":"For entangled like thorns, and drunken as with their drink, they are consumed utterly like dry stubble."},{"verse":"11","text":"There is one gone out of you, who devises evil against Yahweh, who counsels wickedness."},{"verse":"12","text":"Yahweh says: “Though they be in full strength, and likewise many, even so they will be cut down, and he shall pass away. Though I have afflicted you, I will afflict you no more."},{"verse":"13","text":"Now I will break his yoke from off you, and will burst your bonds apart.”"},{"verse":"14","text":"Yahweh has commanded concerning you: “No more descendants will bear your name. Out of the house of your gods, I will cut off the engraved image and the molten image. I will make your grave, for you are vile.”"},{"verse":"15","text":"Behold, on the mountains the feet of him who brings good news, who publishes peace! Keep your feasts, Judah! Perform your vows, for the wicked one will no more pass through you. He is utterly cut off."}]},{"chapter":"2","verses":[{"verse":"1","text":"He who dashes in pieces has come up against you. Keep the fortress! Watch the way! Strengthen your waist! Fortify your power mightily!"},{"verse":"2","text":"For Yahweh restores the excellency of Jacob, as the excellency of Israel; for the destroyers have destroyed them, and ruined their vine branches."},{"verse":"3","text":"The shield of his mighty men is made red. The valiant men are in scarlet. The chariots flash with steel in the day of his preparation, and the pine spears are brandished."},{"verse":"4","text":"The chariots rage in the streets. They rush back and forth in the wide ways. Their appearance is like torches. They run like the lightnings."},{"verse":"5","text":"He summons his picked troops. They stumble on their way. They dash to its wall, and the protective shield is put in place."},{"verse":"6","text":"The gates of the rivers are opened, and the palace is dissolved."},{"verse":"7","text":"It is decreed: she is uncovered, she is carried away; and her servants moan as with the voice of doves, beating on their breasts."},{"verse":"8","text":"But Nineveh has been from of old like a pool of water, yet they flee away. “Stop! Stop!” they cry, but no one looks back."},{"verse":"9","text":"Take the plunder of silver. Take the plunder of gold, for there is no end of the store, the glory of all goodly furniture."},{"verse":"10","text":"She is empty, void, and waste. The heart melts, the knees knock together, their bodies and faces have grown pale."},{"verse":"11","text":"Where is the den of the lions, and the feeding place of the young lions, where the lion and the lioness walked, the lion’s cubs, and no one made them afraid?"},{"verse":"12","text":"The lion tore in pieces enough for his cubs, and strangled for his lionesses, and filled his caves with the kill, and his dens with prey."},{"verse":"13","text":"“Behold, I am against you,” says Yahweh of Armies, “and I will burn her chariots in the smoke, and the sword will devour your young lions; and I will cut off your prey from the earth, and the voice of your messengers will no longer be heard.”"}]},{"chapter":"3","verses":[{"verse":"1","text":"Woe to the bloody city! It is all full of lies and robbery. The prey doesn’t depart."},{"verse":"2","text":"The noise of the whip, the noise of the rattling of wheels, prancing horses, and bounding chariots,"},{"verse":"3","text":"the horseman mounting, and the flashing sword, the glittering spear, and a multitude of slain, and a great heap of corpses, and there is no end of the bodies. They stumble on their bodies,"},{"verse":"4","text":"because of the multitude of the prostitution of the alluring prostitute, the mistress of witchcraft, who sells nations through her prostitution, and families through her witchcraft."},{"verse":"5","text":"“Behold, I am against you,” says Yahweh of Armies, “and I will lift your skirts over your face. I will show the nations your nakedness, and the kingdoms your shame."},{"verse":"6","text":"I will throw abominable filth on you, and make you vile, and will set you a spectacle."},{"verse":"7","text":"It will happen that all those who look at you will flee from you, and say, ‘Nineveh is laid waste! Who will mourn for her?’ Where will I seek comforters for you?”"},{"verse":"8","text":"Are you better than No-Amon, who was situated among the rivers, who had the waters around her; whose rampart was the sea, and her wall was of the sea?"},{"verse":"9","text":"Cush and Egypt were her boundless strength. Put and Libya were her helpers."},{"verse":"10","text":"Yet was she carried away. She went into captivity. Her young children also were dashed in pieces at the head of all the streets, and they cast lots for her honorable men, and all her great men were bound in chains."},{"verse":"11","text":"You also will be drunken. You will be hidden. You also will seek a stronghold because of the enemy."},{"verse":"12","text":"All your fortresses will be like fig trees with the first-ripe figs: if they are shaken, they fall into the mouth of the eater."},{"verse":"13","text":"Behold, your troops among you are women. The gates of your land are set wide open to your enemies. The fire has devoured your bars."},{"verse":"14","text":"Draw water for the siege. Strengthen your fortresses. Go into the clay, and tread the mortar. Make the brick kiln strong."},{"verse":"15","text":"There the fire will devour you. The sword will cut you off. It will devour you like the grasshopper. Multiply like grasshoppers. Multiply like the locust."},{"verse":"16","text":"You have increased your merchants more than the stars of the skies. The grasshopper strips, and flees away."},{"verse":"17","text":"Your guards are like the locusts, and your officials like the swarms of locusts, which settle on the walls on a cold day, but when the sun appears, they flee away, and their place is not known where they are."},{"verse":"18","text":"Your shepherds slumber, king of Assyria. Your nobles lie down. Your people are scattered on the mountains, and there is no one to gather them."},{"verse":"19","text":"There is no healing your wound, for your injury is fatal. All who hear the report of you clap their hands over you; for who hasn’t felt your endless cruelty?"}]}],"book":"Nahum"}