{"chapters":[{"chapter":"1","verses":[{"verse":"1","text":"The proverbs of Solomon, the son of David, king of Israel:"},{"verse":"2","text":"to know wisdom and instruction; to discern the words of understanding;"},{"verse":"3","text":"to receive instruction in wise dealing, in righteousness, justice, and equity;"},{"verse":"4","text":"to give prudence to the simple, knowledge and discretion to the young man:"},{"verse":"5","text":"that the wise man may hear, and increase in learning; that the man of understanding may attain to sound counsel:"},{"verse":"6","text":"to understand a proverb, and parables, the words and riddles of the wise."},{"verse":"7","text":"The fear of Yahweh is the beginning of knowledge; but the foolish despise wisdom and instruction."},{"verse":"8","text":"My son, listen to your father’s instruction, and don’t forsake your mother’s teaching:"},{"verse":"9","text":"for they will be a garland to grace your head, and chains around your neck."},{"verse":"10","text":"My son, if sinners entice you, don’t consent."},{"verse":"11","text":"If they say, “Come with us. Let’s lay in wait for blood. Let’s lurk secretly for the innocent without cause."},{"verse":"12","text":"Let’s swallow them up alive like Sheol, and whole, like those who go down into the pit."},{"verse":"13","text":"We’ll find all valuable wealth. We’ll fill our houses with plunder."},{"verse":"14","text":"You shall cast your lot among us. We’ll all have one purse.”"},{"verse":"15","text":"My son, don’t walk on the path with them. Keep your foot from their path,"},{"verse":"16","text":"for their feet run to evil. They hurry to shed blood."},{"verse":"17","text":"For the net is spread in vain in the sight of any bird;"},{"verse":"18","text":"but these lay in wait for their own blood. They lurk secretly for their own lives."},{"verse":"19","text":"So are the ways of everyone who is greedy for gain. It takes away the life of its owners."},{"verse":"20","text":"Wisdom calls aloud in the street. She utters her voice in the public squares."},{"verse":"21","text":"She calls at the head of noisy places. At the entrance of the city gates, she utters her words:"},{"verse":"22","text":"“How long, you simple ones, will you love simplicity? How long will mockers delight themselves in mockery, and fools hate knowledge?"},{"verse":"23","text":"Turn at my reproof. Behold, I will pour out my spirit on you. I will make known my words to you."},{"verse":"24","text":"Because I have called, and you have refused; I have stretched out my hand, and no one has paid attention;"},{"verse":"25","text":"but you have ignored all my counsel, and wanted none of my reproof;"},{"verse":"26","text":"I also will laugh at your disaster. I will mock when calamity overtakes you,"},{"verse":"27","text":"when calamity overtakes you like a storm, when your disaster comes on like a whirlwind, when distress and anguish come on you."},{"verse":"28","text":"Then they will call on me, but I will not answer. They will seek me diligently, but they will not find me;"},{"verse":"29","text":"because they hated knowledge, and didn’t choose the fear of Yahweh."},{"verse":"30","text":"They wanted none of my counsel. They despised all my reproof."},{"verse":"31","text":"Therefore they will eat of the fruit of their own way, and be filled with their own schemes."},{"verse":"32","text":"For the backsliding of the simple will kill them. The careless ease of fools will destroy them."},{"verse":"33","text":"But whoever listens to me will dwell securely, and will be at ease, without fear of harm.”"}]},{"chapter":"2","verses":[{"verse":"1","text":"My son, if you will receive my words, and store up my commandments within you,"},{"verse":"2","text":"so as to turn your ear to wisdom, and apply your heart to understanding;"},{"verse":"3","text":"yes, if you call out for discernment, and lift up your voice for understanding;"},{"verse":"4","text":"if you seek her as silver, and search for her as for hidden treasures:"},{"verse":"5","text":"then you will understand the fear of Yahweh, and find the knowledge of God."},{"verse":"6","text":"For Yahweh gives wisdom. Out of his mouth comes knowledge and understanding."},{"verse":"7","text":"He lays up sound wisdom for the upright. He is a shield to those who walk in integrity,"},{"verse":"8","text":"that he may guard the paths of justice, and preserve the way of his saints."},{"verse":"9","text":"Then you will understand righteousness and justice, equity and every good path."},{"verse":"10","text":"For wisdom will enter into your heart. Knowledge will be pleasant to your soul."},{"verse":"11","text":"Discretion will watch over you. Understanding will keep you,"},{"verse":"12","text":"to deliver you from the way of evil, from the men who speak perverse things,"},{"verse":"13","text":"who forsake the paths of uprightness, to walk in the ways of darkness,"},{"verse":"14","text":"who rejoice to do evil, and delight in the perverseness of evil,"},{"verse":"15","text":"who are crooked in their ways, and wayward in their paths,"},{"verse":"16","text":"to deliver you from the strange woman, even from the foreigner who flatters with her words,"},{"verse":"17","text":"who forsakes the friend of her youth, and forgets the covenant of her God;"},{"verse":"18","text":"for her house leads down to death, her paths to the departed spirits."},{"verse":"19","text":"None who go to her return again, neither do they attain to the paths of life."},{"verse":"20","text":"So you may walk in the way of good men, and keep the paths of the righteous."},{"verse":"21","text":"For the upright will dwell in the land. The perfect will remain in it."},{"verse":"22","text":"But the wicked will be cut off from the land. The treacherous will be rooted out of it."}]},{"chapter":"3","verses":[{"verse":"1","text":"My son, don’t forget my teaching; but let your heart keep my commandments:"},{"verse":"2","text":"for they will add to you length of days, years of life, and peace."},{"verse":"3","text":"Don’t let kindness and truth forsake you. Bind them around your neck. Write them on the tablet of your heart."},{"verse":"4","text":"So you will find favor, and good understanding in the sight of God and man."},{"verse":"5","text":"Trust in Yahweh with all your heart, and don’t lean on your own understanding."},{"verse":"6","text":"In all your ways acknowledge him, and he will make your paths straight."},{"verse":"7","text":"Don’t be wise in your own eyes. Fear Yahweh, and depart from evil."},{"verse":"8","text":"It will be health to your body, and nourishment to your bones."},{"verse":"9","text":"Honor Yahweh with your substance, with the first fruits of all your increase:"},{"verse":"10","text":"so your barns will be filled with plenty, and your vats will overflow with new wine."},{"verse":"11","text":"My son, don’t despise Yahweh’s discipline, neither be weary of his correction;"},{"verse":"12","text":"for whom Yahweh loves, he corrects, even as a father reproves the son in whom he delights."},{"verse":"13","text":"Happy is the man who finds wisdom, the man who gets understanding."},{"verse":"14","text":"For her good profit is better than getting silver, and her return is better than fine gold."},{"verse":"15","text":"She is more precious than rubies. None of the things you can desire are to be compared to her."},{"verse":"16","text":"Length of days is in her right hand. In her left hand are riches and honor."},{"verse":"17","text":"Her ways are ways of pleasantness. All her paths are peace."},{"verse":"18","text":"She is a tree of life to those who lay hold of her. Happy is everyone who retains her."},{"verse":"19","text":"By wisdom Yahweh founded the earth. By understanding, he established the heavens."},{"verse":"20","text":"By his knowledge, the depths were broken up, and the skies drop down the dew."},{"verse":"21","text":"My son, let them not depart from your eyes. Keep sound wisdom and discretion:"},{"verse":"22","text":"so they will be life to your soul, and grace for your neck."},{"verse":"23","text":"Then you shall walk in your way securely. Your foot won’t stumble."},{"verse":"24","text":"When you lie down, you will not be afraid. Yes, you will lie down, and your sleep will be sweet."},{"verse":"25","text":"Don’t be afraid of sudden fear, neither of the desolation of the wicked, when it comes;"},{"verse":"26","text":"for Yahweh will be your confidence, and will keep your foot from being taken."},{"verse":"27","text":"Don’t withhold good from those to whom it is due, when it is in the power of your hand to do it."},{"verse":"28","text":"Don’t say to your neighbor, “Go, and come again; tomorrow I will give it to you,” when you have it by you."},{"verse":"29","text":"Don’t devise evil against your neighbor, since he dwells securely by you."},{"verse":"30","text":"Don’t strive with a man without cause, if he has done you no harm."},{"verse":"31","text":"Don’t envy the man of violence. Choose none of his ways."},{"verse":"32","text":"For the perverse is an abomination to Yahweh, but his friendship is with the upright."},{"verse":"33","text":"Yahweh’s curse is in the house of the wicked, but he blesses the habitation of the righteous."},{"verse":"34","text":"Surely he mocks the mockers, but he gives grace to the humble."},{"verse":"35","text":"The wise will inherit glory, but shame will be the promotion of fools."}]},{"chapter":"4","verses":[{"verse":"1","text":"Listen, sons, to a father’s instruction. Pay attention and know understanding;"},{"verse":"2","text":"for I give you sound learning. Don’t forsake my law."},{"verse":"3","text":"For I was a son to my father, tender and an only child in the sight of my mother."},{"verse":"4","text":"He taught me, and said to me: “Let your heart retain my words. Keep my commandments, and live."},{"verse":"5","text":"Get wisdom. Get understanding. Don’t forget, and don’t deviate from the words of my mouth."},{"verse":"6","text":"Don’t forsake her, and she will preserve you. Love her, and she will keep you."},{"verse":"7","text":"Wisdom is supreme. Get wisdom. Yes, though it costs all your possessions, get understanding."},{"verse":"8","text":"Esteem her, and she will exalt you. She will bring you to honor when you embrace her."},{"verse":"9","text":"She will give to your head a garland of grace. She will deliver a crown of splendor to you.”"},{"verse":"10","text":"Listen, my son, and receive my sayings. The years of your life will be many."},{"verse":"11","text":"I have taught you in the way of wisdom. I have led you in straight paths."},{"verse":"12","text":"When you go, your steps will not be hampered. When you run, you will not stumble."},{"verse":"13","text":"Take firm hold of instruction. Don’t let her go. Keep her, for she is your life."},{"verse":"14","text":"Don’t enter into the path of the wicked. Don’t walk in the way of evil men."},{"verse":"15","text":"Avoid it, and don’t pass by it. Turn from it, and pass on."},{"verse":"16","text":"For they don’t sleep unless they do evil. Their sleep is taken away, unless they make someone fall."},{"verse":"17","text":"For they eat the bread of wickedness and drink the wine of violence."},{"verse":"18","text":"But the path of the righteous is like the dawning light that shines more and more until the perfect day."},{"verse":"19","text":"The way of the wicked is like darkness. They don’t know what they stumble over."},{"verse":"20","text":"My son, attend to my words. Turn your ear to my sayings."},{"verse":"21","text":"Let them not depart from your eyes. Keep them in the center of your heart."},{"verse":"22","text":"For they are life to those who find them, and health to their whole body."},{"verse":"23","text":"Keep your heart with all diligence, for out of it is the wellspring of life."},{"verse":"24","text":"Put away from yourself a perverse mouth. Put corrupt lips far from you."},{"verse":"25","text":"Let your eyes look straight ahead. Fix your gaze directly before you."},{"verse":"26","text":"Make the path of your feet level. Let all of your ways be established."},{"verse":"27","text":"Don’t turn to the right hand nor to the left. Remove your foot from evil."}]},{"chapter":"5","verses":[{"verse":"1","text":"My son, pay attention to my wisdom. Turn your ear to my understanding,"},{"verse":"2","text":"that you may maintain discretion, that your lips may preserve knowledge."},{"verse":"3","text":"For the lips of an adulteress drip honey. Her mouth is smoother than oil,"},{"verse":"4","text":"but in the end she is as bitter as wormwood, and as sharp as a two-edged sword."},{"verse":"5","text":"Her feet go down to death. Her steps lead straight to Sheol."},{"verse":"6","text":"She gives no thought to the way of life. Her ways are crooked, and she doesn’t know it."},{"verse":"7","text":"Now therefore, my sons, listen to me. Don’t depart from the words of my mouth."},{"verse":"8","text":"Remove your way far from her. Don’t come near the door of her house,"},{"verse":"9","text":"lest you give your honor to others, and your years to the cruel one;"},{"verse":"10","text":"lest strangers feast on your wealth, and your labors enrich another man’s house."},{"verse":"11","text":"You will groan at your latter end, when your flesh and your body are consumed,"},{"verse":"12","text":"and say, “How I have hated instruction, and my heart despised reproof;"},{"verse":"13","text":"neither have I obeyed the voice of my teachers, nor turned my ear to those who instructed me!"},{"verse":"14","text":"I have come to the brink of utter ruin, among the gathered assembly.”"},{"verse":"15","text":"Drink water out of your own cistern, running water out of your own well."},{"verse":"16","text":"Should your springs overflow in the streets, streams of water in the public squares?"},{"verse":"17","text":"Let them be for yourself alone, not for strangers with you."},{"verse":"18","text":"Let your spring be blessed. Rejoice in the wife of your youth."},{"verse":"19","text":"A loving doe and a graceful deer— let her breasts satisfy you at all times. Be captivated always with her love."},{"verse":"20","text":"For why should you, my son, be captivated with an adulteress? Why embrace the bosom of another?"},{"verse":"21","text":"For the ways of man are before Yahweh’s eyes. He examines all his paths."},{"verse":"22","text":"The evil deeds of the wicked ensnare him. The cords of his sin hold him firmly."},{"verse":"23","text":"He will die for lack of instruction. In the greatness of his folly, he will go astray."}]},{"chapter":"6","verses":[{"verse":"1","text":"My son, if you have become collateral for your neighbor, if you have struck your hands in pledge for a stranger,"},{"verse":"2","text":"you are trapped by the words of your mouth; you are ensnared with the words of your mouth."},{"verse":"3","text":"Do this now, my son, and deliver yourself, since you have come into the hand of your neighbor. Go, humble yourself. Press your plea with your neighbor."},{"verse":"4","text":"Give no sleep to your eyes, nor slumber to your eyelids."},{"verse":"5","text":"Free yourself, like a gazelle from the hand of the hunter, like a bird from the snare of the fowler."},{"verse":"6","text":"Go to the ant, you sluggard. Consider her ways, and be wise;"},{"verse":"7","text":"which having no chief, overseer, or ruler,"},{"verse":"8","text":"provides her bread in the summer, and gathers her food in the harvest."},{"verse":"9","text":"How long will you sleep, sluggard? When will you arise out of your sleep?"},{"verse":"10","text":"A little sleep, a little slumber, a little folding of the hands to sleep:"},{"verse":"11","text":"so your poverty will come as a robber, and your scarcity as an armed man."},{"verse":"12","text":"A worthless person, a man of iniquity, is he who walks with a perverse mouth,"},{"verse":"13","text":"who winks with his eyes, who signals with his feet, who motions with his fingers,"},{"verse":"14","text":"in whose heart is perverseness, who devises evil continually, who always sows discord."},{"verse":"15","text":"Therefore his calamity will come suddenly. He will be broken suddenly, and that without remedy."},{"verse":"16","text":"There are six things which Yahweh hates; yes, seven which are an abomination to him:"},{"verse":"17","text":"arrogant eyes, a lying tongue, hands that shed innocent blood,"},{"verse":"18","text":"a heart that devises wicked schemes, feet that are swift in running to mischief,"},{"verse":"19","text":"a false witness who utters lies, and he who sows discord among brothers."},{"verse":"20","text":"My son, keep your father’s commandment, and don’t forsake your mother’s teaching."},{"verse":"21","text":"Bind them continually on your heart. Tie them around your neck."},{"verse":"22","text":"When you walk, it will lead you. When you sleep, it will watch over you. When you awake, it will talk with you."},{"verse":"23","text":"For the commandment is a lamp, and the law is light. Reproofs of instruction are the way of life,"},{"verse":"24","text":"to keep you from the immoral woman, from the flattery of the wayward wife’s tongue."},{"verse":"25","text":"Don’t lust after her beauty in your heart, neither let her captivate you with her eyelids."},{"verse":"26","text":"For a prostitute reduces you to a piece of bread. The adulteress hunts for your precious life."},{"verse":"27","text":"Can a man scoop fire into his lap, and his clothes not be burned?"},{"verse":"28","text":"Or can one walk on hot coals, and his feet not be scorched?"},{"verse":"29","text":"So is he who goes in to his neighbor’s wife. Whoever touches her will not be unpunished."},{"verse":"30","text":"Men don’t despise a thief if he steals to satisfy himself when he is hungry;"},{"verse":"31","text":"but if he is found, he shall restore seven times. He shall give all the wealth of his house."},{"verse":"32","text":"He who commits adultery with a woman is void of understanding. He who does it destroys his own soul."},{"verse":"33","text":"He will get wounds and dishonor. His reproach will not be wiped away."},{"verse":"34","text":"For jealousy arouses the fury of the husband. He won’t spare in the day of vengeance."},{"verse":"35","text":"He won’t regard any ransom, neither will he rest content, though you give many gifts."}]},{"chapter":"7","verses":[{"verse":"1","text":"My son, keep my words. Lay up my commandments within you."},{"verse":"2","text":"Keep my commandments and live! Guard my teaching as the apple of your eye."},{"verse":"3","text":"Bind them on your fingers. Write them on the tablet of your heart."},{"verse":"4","text":"Tell wisdom, “You are my sister.” Call understanding your relative,"},{"verse":"5","text":"that they may keep you from the strange woman, from the foreigner who flatters with her words."},{"verse":"6","text":"For at the window of my house, I looked out through my lattice."},{"verse":"7","text":"I saw among the simple ones. I discerned among the youths a young man void of understanding,"},{"verse":"8","text":"passing through the street near her corner, he went the way to her house,"},{"verse":"9","text":"in the twilight, in the evening of the day, in the middle of the night and in the darkness."},{"verse":"10","text":"Behold, there a woman met him with the attire of a prostitute, and with crafty intent."},{"verse":"11","text":"She is loud and defiant. Her feet don’t stay in her house."},{"verse":"12","text":"Now she is in the streets, now in the squares, and lurking at every corner."},{"verse":"13","text":"So she caught him, and kissed him. With an impudent face she said to him:"},{"verse":"14","text":"“Sacrifices of peace offerings are with me. Today I have paid my vows."},{"verse":"15","text":"Therefore I came out to meet you, to diligently seek your face, and I have found you."},{"verse":"16","text":"I have spread my couch with carpets of tapestry, with striped cloths of the yarn of Egypt."},{"verse":"17","text":"I have perfumed my bed with myrrh, aloes, and cinnamon."},{"verse":"18","text":"Come, let’s take our fill of loving until the morning. Let’s solace ourselves with loving."},{"verse":"19","text":"For my husband isn’t at home. He has gone on a long journey."},{"verse":"20","text":"He has taken a bag of money with him. He will come home at the full moon.”"},{"verse":"21","text":"With persuasive words, she led him astray. With the flattering of her lips, she seduced him."},{"verse":"22","text":"He followed her immediately, as an ox goes to the slaughter, as a fool stepping into a noose."},{"verse":"23","text":"Until an arrow strikes through his liver, as a bird hurries to the snare, and doesn’t know that it will cost his life."},{"verse":"24","text":"Now therefore, sons, listen to me. Pay attention to the words of my mouth."},{"verse":"25","text":"Don’t let your heart turn to her ways. Don’t go astray in her paths,"},{"verse":"26","text":"for she has thrown down many wounded. Yes, all her slain are a mighty army."},{"verse":"27","text":"Her house is the way to Sheol, going down to the rooms of death."}]},{"chapter":"8","verses":[{"verse":"1","text":"Doesn’t wisdom cry out? Doesn’t understanding raise her voice?"},{"verse":"2","text":"On the top of high places by the way, where the paths meet, she stands."},{"verse":"3","text":"Beside the gates, at the entry of the city, at the entry doors, she cries aloud:"},{"verse":"4","text":"“I call to you men! I send my voice to the sons of mankind."},{"verse":"5","text":"You simple, understand prudence! You fools, be of an understanding heart!"},{"verse":"6","text":"Hear, for I will speak excellent things. The opening of my lips is for right things."},{"verse":"7","text":"For my mouth speaks truth. Wickedness is an abomination to my lips."},{"verse":"8","text":"All the words of my mouth are in righteousness. There is nothing crooked or perverse in them."},{"verse":"9","text":"They are all plain to him who understands, right to those who find knowledge."},{"verse":"10","text":"Receive my instruction rather than silver, knowledge rather than choice gold."},{"verse":"11","text":"For wisdom is better than rubies. All the things that may be desired can’t be compared to it."},{"verse":"12","text":"“I, wisdom, have made prudence my dwelling. Find out knowledge and discretion."},{"verse":"13","text":"The fear of Yahweh is to hate evil. I hate pride, arrogance, the evil way, and the perverse mouth."},{"verse":"14","text":"Counsel and sound knowledge are mine. I have understanding and power."},{"verse":"15","text":"By me kings reign, and princes decree justice."},{"verse":"16","text":"By me princes rule, nobles, and all the righteous rulers of the earth."},{"verse":"17","text":"I love those who love me. Those who seek me diligently will find me."},{"verse":"18","text":"With me are riches, honor, enduring wealth, and prosperity."},{"verse":"19","text":"My fruit is better than gold, yes, than fine gold, my yield than choice silver."},{"verse":"20","text":"I walk in the way of righteousness, in the middle of the paths of justice,"},{"verse":"21","text":"that I may give wealth to those who love me. I fill their treasuries."},{"verse":"22","text":"“Yahweh possessed me in the beginning of his work, before his deeds of old."},{"verse":"23","text":"I was set up from everlasting, from the beginning, before the earth existed."},{"verse":"24","text":"When there were no depths, I was born, when there were no springs abounding with water."},{"verse":"25","text":"Before the mountains were settled in place, before the hills, I was born;"},{"verse":"26","text":"while as yet he had not made the earth, nor the fields, nor the beginning of the dust of the world."},{"verse":"27","text":"When he established the heavens, I was there. When he set a circle on the surface of the deep,"},{"verse":"28","text":"when he established the clouds above, when the springs of the deep became strong,"},{"verse":"29","text":"when he gave to the sea its boundary, that the waters should not violate his commandment, when he marked out the foundations of the earth,"},{"verse":"30","text":"then I was the craftsman by his side. I was a delight day by day, always rejoicing before him,"},{"verse":"31","text":"rejoicing in his whole world. My delight was with the sons of men."},{"verse":"32","text":"“Now therefore, my sons, listen to me, for blessed are those who keep my ways."},{"verse":"33","text":"Hear instruction, and be wise. Don’t refuse it."},{"verse":"34","text":"Blessed is the man who hears me, watching daily at my gates, waiting at my door posts."},{"verse":"35","text":"For whoever finds me, finds life, and will obtain favor from Yahweh."},{"verse":"36","text":"But he who sins against me wrongs his own soul. All those who hate me love death.”"}]},{"chapter":"9","verses":[{"verse":"1","text":"Wisdom has built her house. She has carved out her seven pillars."},{"verse":"2","text":"She has prepared her meat. She has mixed her wine. She has also set her table."},{"verse":"3","text":"She has sent out her maidens. She cries from the highest places of the city:"},{"verse":"4","text":"“Whoever is simple, let him turn in here!” As for him who is void of understanding, she says to him,"},{"verse":"5","text":"“Come, eat some of my bread, Drink some of the wine which I have mixed!"},{"verse":"6","text":"Leave your simple ways, and live. Walk in the way of understanding.”"},{"verse":"7","text":"One who corrects a mocker invites insult. One who reproves a wicked man invites abuse."},{"verse":"8","text":"Don’t reprove a scoffer, lest he hate you. Reprove a wise person, and he will love you."},{"verse":"9","text":"Instruct a wise person, and he will be still wiser. Teach a righteous person, and he will increase in learning."},{"verse":"10","text":"The fear of Yahweh is the beginning of wisdom. The knowledge of the Holy One is understanding."},{"verse":"11","text":"For by me your days will be multiplied. The years of your life will be increased."},{"verse":"12","text":"If you are wise, you are wise for yourself. If you mock, you alone will bear it."},{"verse":"13","text":"The foolish woman is loud, undisciplined, and knows nothing."},{"verse":"14","text":"She sits at the door of her house, on a seat in the high places of the city,"},{"verse":"15","text":"to call to those who pass by, who go straight on their ways,"},{"verse":"16","text":"“Whoever is simple, let him turn in here.” as for him who is void of understanding, she says to him,"},{"verse":"17","text":"“Stolen water is sweet. Food eaten in secret is pleasant.”"},{"verse":"18","text":"But he doesn’t know that the departed spirits are there, that her guests are in the depths of Sheol."}]},{"chapter":"10","verses":[{"verse":"1","text":"The proverbs of Solomon. A wise son makes a glad father; but a foolish son brings grief to his mother."},{"verse":"2","text":"Treasures of wickedness profit nothing, but righteousness delivers from death."},{"verse":"3","text":"Yahweh will not allow the soul of the righteous to go hungry, but he thrusts away the desire of the wicked."},{"verse":"4","text":"He becomes poor who works with a lazy hand, but the hand of the diligent brings wealth."},{"verse":"5","text":"He who gathers in summer is a wise son, but he who sleeps during the harvest is a son who causes shame."},{"verse":"6","text":"Blessings are on the head of the righteous, but violence covers the mouth of the wicked."},{"verse":"7","text":"The memory of the righteous is blessed, but the name of the wicked will rot."},{"verse":"8","text":"The wise in heart accept commandments, but a chattering fool will fall."},{"verse":"9","text":"He who walks blamelessly walks surely, but he who perverts his ways will be found out."},{"verse":"10","text":"One winking with the eye causes sorrow, but a chattering fool will fall."},{"verse":"11","text":"The mouth of the righteous is a spring of life, but violence covers the mouth of the wicked."},{"verse":"12","text":"Hatred stirs up strife, but love covers all wrongs."},{"verse":"13","text":"Wisdom is found on the lips of him who has discernment, but a rod is for the back of him who is void of understanding."},{"verse":"14","text":"Wise men lay up knowledge, but the mouth of the foolish is near ruin."},{"verse":"15","text":"The rich man’s wealth is his strong city. The destruction of the poor is their poverty."},{"verse":"16","text":"The labor of the righteous leads to life. The increase of the wicked leads to sin."},{"verse":"17","text":"He is in the way of life who heeds correction, but he who forsakes reproof leads others astray."},{"verse":"18","text":"He who hides hatred has lying lips. He who utters a slander is a fool."},{"verse":"19","text":"In the multitude of words there is no lack of disobedience, but he who restrains his lips does wisely."},{"verse":"20","text":"The tongue of the righteous is like choice silver. The heart of the wicked is of little worth."},{"verse":"21","text":"The lips of the righteous feed many, but the foolish die for lack of understanding."},{"verse":"22","text":"Yahweh’s blessing brings wealth, and he adds no trouble to it."},{"verse":"23","text":"It is a fool’s pleasure to do wickedness, but wisdom is a man of understanding’s pleasure."},{"verse":"24","text":"What the wicked fear, will overtake them, but the desire of the righteous will be granted."},{"verse":"25","text":"When the whirlwind passes, the wicked is no more; but the righteous stand firm forever."},{"verse":"26","text":"As vinegar to the teeth, and as smoke to the eyes, so is the sluggard to those who send him."},{"verse":"27","text":"The fear of Yahweh prolongs days, but the years of the wicked shall be shortened."},{"verse":"28","text":"The prospect of the righteous is joy, but the hope of the wicked will perish."},{"verse":"29","text":"The way of Yahweh is a stronghold to the upright, but it is a destruction to the workers of iniquity."},{"verse":"30","text":"The righteous will never be removed, but the wicked will not dwell in the land."},{"verse":"31","text":"The mouth of the righteous produces wisdom, but the perverse tongue will be cut off."},{"verse":"32","text":"The lips of the righteous know what is acceptable, but the mouth of the wicked is perverse."}]},{"chapter":"11","verses":[{"verse":"1","text":"A false balance is an abomination to Yahweh, but accurate weights are his delight."},{"verse":"2","text":"When pride comes, then comes shame, but with humility comes wisdom."},{"verse":"3","text":"The integrity of the upright shall guide them, but the perverseness of the treacherous shall destroy them."},{"verse":"4","text":"Riches don’t profit in the day of wrath, but righteousness delivers from death."},{"verse":"5","text":"The righteousness of the blameless will direct his way, but the wicked shall fall by his own wickedness."},{"verse":"6","text":"The righteousness of the upright shall deliver them, but the unfaithful will be trapped by evil desires."},{"verse":"7","text":"When a wicked man dies, hope perishes, and expectation of power comes to nothing."},{"verse":"8","text":"A righteous person is delivered out of trouble, and the wicked takes his place."},{"verse":"9","text":"With his mouth the godless man destroys his neighbor, but the righteous will be delivered through knowledge."},{"verse":"10","text":"When it goes well with the righteous, the city rejoices. When the wicked perish, there is shouting."},{"verse":"11","text":"By the blessing of the upright, the city is exalted, but it is overthrown by the mouth of the wicked."},{"verse":"12","text":"One who despises his neighbor is void of wisdom, but a man of understanding holds his peace."},{"verse":"13","text":"One who brings gossip betrays a confidence, but one who is of a trustworthy spirit is one who keeps a secret."},{"verse":"14","text":"Where there is no wise guidance, the nation falls, but in the multitude of counselors there is victory."},{"verse":"15","text":"He who is collateral for a stranger will suffer for it, but he who refuses pledges of collateral is secure."},{"verse":"16","text":"A gracious woman obtains honor, but violent men obtain riches."},{"verse":"17","text":"The merciful man does good to his own soul, but he who is cruel troubles his own flesh."},{"verse":"18","text":"Wicked people earn deceitful wages, but one who sows righteousness reaps a sure reward."},{"verse":"19","text":"He who is truly righteous gets life. He who pursues evil gets death."},{"verse":"20","text":"Those who are perverse in heart are an abomination to Yahweh, but those whose ways are blameless are his delight."},{"verse":"21","text":"Most certainly, the evil man will not be unpunished, but the offspring of the righteous will be delivered."},{"verse":"22","text":"Like a gold ring in a pig’s snout, is a beautiful woman who lacks discretion."},{"verse":"23","text":"The desire of the righteous is only good. The expectation of the wicked is wrath."},{"verse":"24","text":"There is one who scatters, and increases yet more. There is one who withholds more than is appropriate, but gains poverty."},{"verse":"25","text":"The liberal soul shall be made fat. He who waters shall be watered also himself."},{"verse":"26","text":"People curse someone who withholds grain, but blessing will be on the head of him who sells it."},{"verse":"27","text":"He who diligently seeks good seeks favor, but he who searches after evil, it shall come to him."},{"verse":"28","text":"He who trusts in his riches will fall, but the righteous shall flourish as the green leaf."},{"verse":"29","text":"He who troubles his own house shall inherit the wind. The foolish shall be servant to the wise of heart."},{"verse":"30","text":"The fruit of the righteous is a tree of life. He who is wise wins souls."},{"verse":"31","text":"Behold, the righteous shall be repaid in the earth, how much more the wicked and the sinner!"}]},{"chapter":"12","verses":[{"verse":"1","text":"Whoever loves correction loves knowledge, but he who hates reproof is stupid."},{"verse":"2","text":"A good man shall obtain favor from Yahweh, but he will condemn a man of wicked plans."},{"verse":"3","text":"A man shall not be established by wickedness, but the root of the righteous shall not be moved."},{"verse":"4","text":"A worthy woman is the crown of her husband, but a disgraceful wife is as rottenness in his bones."},{"verse":"5","text":"The thoughts of the righteous are just, but the advice of the wicked is deceitful."},{"verse":"6","text":"The words of the wicked are about lying in wait for blood, but the speech of the upright rescues them."},{"verse":"7","text":"The wicked are overthrown, and are no more, but the house of the righteous shall stand."},{"verse":"8","text":"A man shall be commended according to his wisdom, but he who has a warped mind shall be despised."},{"verse":"9","text":"Better is he who is little known, and has a servant, than he who honors himself, and lacks bread."},{"verse":"10","text":"A righteous man respects the life of his animal, but the tender mercies of the wicked are cruel."},{"verse":"11","text":"He who tills his land shall have plenty of bread, but he who chases fantasies is void of understanding."},{"verse":"12","text":"The wicked desires the plunder of evil men, but the root of the righteous flourishes."},{"verse":"13","text":"An evil man is trapped by sinfulness of lips, but the righteous shall come out of trouble."},{"verse":"14","text":"A man shall be satisfied with good by the fruit of his mouth. The work of a man’s hands shall be rewarded to him."},{"verse":"15","text":"The way of a fool is right in his own eyes, but he who is wise listens to counsel."},{"verse":"16","text":"A fool shows his annoyance the same day, but one who overlooks an insult is prudent."},{"verse":"17","text":"He who is truthful testifies honestly, but a false witness lies."},{"verse":"18","text":"There is one who speaks rashly like the piercing of a sword, but the tongue of the wise heals."},{"verse":"19","text":"Truth’s lips will be established forever, but a lying tongue is only momentary."},{"verse":"20","text":"Deceit is in the heart of those who plot evil, but joy comes to the promoters of peace."},{"verse":"21","text":"No mischief shall happen to the righteous, but the wicked shall be filled with evil."},{"verse":"22","text":"Lying lips are an abomination to Yahweh, but those who do the truth are his delight."},{"verse":"23","text":"A prudent man keeps his knowledge, but the hearts of fools proclaim foolishness."},{"verse":"24","text":"The hands of the diligent ones shall rule, but laziness ends in slave labor."},{"verse":"25","text":"Anxiety in a man’s heart weighs it down, but a kind word makes it glad."},{"verse":"26","text":"A righteous person is cautious in friendship, but the way of the wicked leads them astray."},{"verse":"27","text":"The slothful man doesn’t roast his game, but the possessions of diligent men are prized."},{"verse":"28","text":"In the way of righteousness is life; in its path there is no death."}]},{"chapter":"13","verses":[{"verse":"1","text":"A wise son listens to his father’s instruction, but a scoffer doesn’t listen to rebuke."},{"verse":"2","text":"By the fruit of his lips, a man enjoys good things, but the unfaithful crave violence."},{"verse":"3","text":"He who guards his mouth guards his soul. One who opens wide his lips comes to ruin."},{"verse":"4","text":"The soul of the sluggard desires, and has nothing, but the desire of the diligent shall be fully satisfied."},{"verse":"5","text":"A righteous man hates lies, but a wicked man brings shame and disgrace."},{"verse":"6","text":"Righteousness guards the way of integrity, but wickedness overthrows the sinner."},{"verse":"7","text":"There are some who pretend to be rich, yet have nothing. There are some who pretend to be poor, yet have great wealth."},{"verse":"8","text":"The ransom of a man’s life is his riches, but the poor hear no threats."},{"verse":"9","text":"The light of the righteous shines brightly, but the lamp of the wicked is snuffed out."},{"verse":"10","text":"Pride only breeds quarrels, but wisdom is with people who take advice."},{"verse":"11","text":"Wealth gained dishonestly dwindles away, but he who gathers by hand makes it grow."},{"verse":"12","text":"Hope deferred makes the heart sick, but when longing is fulfilled, it is a tree of life."},{"verse":"13","text":"Whoever despises instruction will pay for it, but he who respects a command will be rewarded."},{"verse":"14","text":"The teaching of the wise is a spring of life, to turn from the snares of death."},{"verse":"15","text":"Good understanding wins favor, but the way of the unfaithful is hard."},{"verse":"16","text":"Every prudent man acts from knowledge, but a fool exposes folly."},{"verse":"17","text":"A wicked messenger falls into trouble, but a trustworthy envoy gains healing."},{"verse":"18","text":"Poverty and shame come to him who refuses discipline, but he who heeds correction shall be honored."},{"verse":"19","text":"Longing fulfilled is sweet to the soul, but fools detest turning from evil."},{"verse":"20","text":"One who walks with wise men grows wise, but a companion of fools suffers harm."},{"verse":"21","text":"Misfortune pursues sinners, but prosperity rewards the righteous."},{"verse":"22","text":"A good man leaves an inheritance to his children’s children, but the wealth of the sinner is stored for the righteous."},{"verse":"23","text":"An abundance of food is in poor people’s fields, but injustice sweeps it away."},{"verse":"24","text":"One who spares the rod hates his son, but one who loves him is careful to discipline him."},{"verse":"25","text":"The righteous one eats to the satisfying of his soul, but the belly of the wicked goes hungry."}]},{"chapter":"14","verses":[{"verse":"1","text":"Every wise woman builds her house, but the foolish one tears it down with her own hands."},{"verse":"2","text":"He who walks in his uprightness fears Yahweh, but he who is perverse in his ways despises him."},{"verse":"3","text":"The fool’s talk brings a rod to his back, but the lips of the wise protect them."},{"verse":"4","text":"Where no oxen are, the crib is clean, but much increase is by the strength of the ox."},{"verse":"5","text":"A truthful witness will not lie, but a false witness pours out lies."},{"verse":"6","text":"A scoffer seeks wisdom, and doesn’t find it, but knowledge comes easily to a discerning person."},{"verse":"7","text":"Stay away from a foolish man, for you won’t find knowledge on his lips."},{"verse":"8","text":"The wisdom of the prudent is to think about his way, but the folly of fools is deceit."},{"verse":"9","text":"Fools mock at making atonement for sins, but among the upright there is good will."},{"verse":"10","text":"The heart knows its own bitterness and joy; he will not share these with a stranger."},{"verse":"11","text":"The house of the wicked will be overthrown, but the tent of the upright will flourish."},{"verse":"12","text":"There is a way which seems right to a man, but in the end it leads to death."},{"verse":"13","text":"Even in laughter the heart may be sorrowful, and mirth may end in heaviness."},{"verse":"14","text":"The unfaithful will be repaid for his own ways; likewise a good man will be rewarded for his ways."},{"verse":"15","text":"A simple man believes everything, but the prudent man carefully considers his ways."},{"verse":"16","text":"A wise man fears and shuns evil, but the fool is hot headed and reckless."},{"verse":"17","text":"He who is quick to become angry will commit folly, and a crafty man is hated."},{"verse":"18","text":"The simple inherit folly, but the prudent are crowned with knowledge."},{"verse":"19","text":"The evil bow down before the good, and the wicked at the gates of the righteous."},{"verse":"20","text":"The poor person is shunned even by his own neighbor, but the rich person has many friends."},{"verse":"21","text":"He who despises his neighbor sins, but he who has pity on the poor is blessed."},{"verse":"22","text":"Don’t they go astray who plot evil? But love and faithfulness belong to those who plan good."},{"verse":"23","text":"In all hard work there is profit, but the talk of the lips leads only to poverty."},{"verse":"24","text":"The crown of the wise is their riches, but the folly of fools crowns them with folly."},{"verse":"25","text":"A truthful witness saves souls, but a false witness is deceitful."},{"verse":"26","text":"In the fear of Yahweh is a secure fortress, and he will be a refuge for his children."},{"verse":"27","text":"The fear of Yahweh is a fountain of life, turning people from the snares of death."},{"verse":"28","text":"In the multitude of people is the king’s glory, but in the lack of people is the destruction of the prince."},{"verse":"29","text":"He who is slow to anger has great understanding, but he who has a quick temper displays folly."},{"verse":"30","text":"The life of the body is a heart at peace, but envy rots the bones."},{"verse":"31","text":"He who oppresses the poor shows contempt for his Maker, but he who is kind to the needy honors him."},{"verse":"32","text":"The wicked is brought down in his calamity, but in death, the righteous has a refuge."},{"verse":"33","text":"Wisdom rests in the heart of one who has understanding, and is even made known in the inward part of fools."},{"verse":"34","text":"Righteousness exalts a nation, but sin is a disgrace to any people."},{"verse":"35","text":"The king’s favor is toward a servant who deals wisely, but his wrath is toward one who causes shame."}]},{"chapter":"15","verses":[{"verse":"1","text":"A gentle answer turns away wrath, but a harsh word stirs up anger."},{"verse":"2","text":"The tongue of the wise commends knowledge, but the mouth of fools gush out folly."},{"verse":"3","text":"Yahweh’s eyes are everywhere, keeping watch on the evil and the good."},{"verse":"4","text":"A gentle tongue is a tree of life, but deceit in it crushes the spirit."},{"verse":"5","text":"A fool despises his father’s correction, but he who heeds reproof shows prudence."},{"verse":"6","text":"In the house of the righteous is much treasure, but the income of the wicked brings trouble."},{"verse":"7","text":"The lips of the wise spread knowledge; not so with the heart of fools."},{"verse":"8","text":"The sacrifice made by the wicked is an abomination to Yahweh, but the prayer of the upright is his delight."},{"verse":"9","text":"The way of the wicked is an abomination to Yahweh, but he loves him who follows after righteousness."},{"verse":"10","text":"There is stern discipline for one who forsakes the way: whoever hates reproof shall die."},{"verse":"11","text":"Sheol and Abaddon are before Yahweh— how much more then the hearts of the children of men!"},{"verse":"12","text":"A scoffer doesn’t love to be reproved; he will not go to the wise."},{"verse":"13","text":"A glad heart makes a cheerful face, but an aching heart breaks the spirit."},{"verse":"14","text":"The heart of one who has understanding seeks knowledge, but the mouths of fools feed on folly."},{"verse":"15","text":"All the days of the afflicted are wretched, but one who has a cheerful heart enjoys a continual feast."},{"verse":"16","text":"Better is little, with the fear of Yahweh, than great treasure with trouble."},{"verse":"17","text":"Better is a dinner of herbs, where love is, than a fattened calf with hatred."},{"verse":"18","text":"A wrathful man stirs up contention, but one who is slow to anger appeases strife."},{"verse":"19","text":"The way of the sluggard is like a thorn patch, but the path of the upright is a highway."},{"verse":"20","text":"A wise son makes a father glad, but a foolish man despises his mother."},{"verse":"21","text":"Folly is joy to one who is void of wisdom, but a man of understanding keeps his way straight."},{"verse":"22","text":"Where there is no counsel, plans fail; but in a multitude of counselors they are established."},{"verse":"23","text":"Joy comes to a man with the reply of his mouth. How good is a word at the right time!"},{"verse":"24","text":"The path of life leads upward for the wise, to keep him from going downward to Sheol."},{"verse":"25","text":"Yahweh will uproot the house of the proud, but he will keep the widow’s borders intact."},{"verse":"26","text":"Yahweh detests the thoughts of the wicked, but the thoughts of the pure are pleasing."},{"verse":"27","text":"He who is greedy for gain troubles his own house, but he who hates bribes will live."},{"verse":"28","text":"The heart of the righteous weighs answers, but the mouth of the wicked gushes out evil."},{"verse":"29","text":"Yahweh is far from the wicked, but he hears the prayer of the righteous."},{"verse":"30","text":"The light of the eyes rejoices the heart. Good news gives health to the bones."},{"verse":"31","text":"The ear that listens to reproof lives, and will be at home among the wise."},{"verse":"32","text":"He who refuses correction despises his own soul, but he who listens to reproof gets understanding."},{"verse":"33","text":"The fear of Yahweh teaches wisdom. Before honor is humility."}]},{"chapter":"16","verses":[{"verse":"1","text":"The plans of the heart belong to man, but the answer of the tongue is from Yahweh."},{"verse":"2","text":"All the ways of a man are clean in his own eyes; but Yahweh weighs the motives."},{"verse":"3","text":"Commit your deeds to Yahweh, and your plans shall succeed."},{"verse":"4","text":"Yahweh has made everything for its own end— yes, even the wicked for the day of evil."},{"verse":"5","text":"Everyone who is proud in heart is an abomination to Yahweh: they shall certainly not be unpunished."},{"verse":"6","text":"By mercy and truth iniquity is atoned for. By the fear of Yahweh men depart from evil."},{"verse":"7","text":"When a man’s ways please Yahweh, he makes even his enemies to be at peace with him."},{"verse":"8","text":"Better is a little with righteousness, than great revenues with injustice."},{"verse":"9","text":"A man’s heart plans his course, but Yahweh directs his steps."},{"verse":"10","text":"Inspired judgments are on the lips of the king. He shall not betray his mouth."},{"verse":"11","text":"Honest balances and scales are Yahweh’s; all the weights in the bag are his work."},{"verse":"12","text":"It is an abomination for kings to do wrong, for the throne is established by righteousness."},{"verse":"13","text":"Righteous lips are the delight of kings. They value one who speaks the truth."},{"verse":"14","text":"The king’s wrath is a messenger of death, but a wise man will pacify it."},{"verse":"15","text":"In the light of the king’s face is life. His favor is like a cloud of the spring rain."},{"verse":"16","text":"How much better it is to get wisdom than gold! Yes, to get understanding is to be chosen rather than silver."},{"verse":"17","text":"The highway of the upright is to depart from evil. He who keeps his way preserves his soul."},{"verse":"18","text":"Pride goes before destruction, and an arrogant spirit before a fall."},{"verse":"19","text":"It is better to be of a lowly spirit with the poor, than to divide the plunder with the proud."},{"verse":"20","text":"He who heeds the Word finds prosperity. Whoever trusts in Yahweh is blessed."},{"verse":"21","text":"The wise in heart shall be called prudent. Pleasantness of the lips promotes instruction."},{"verse":"22","text":"Understanding is a fountain of life to one who has it, but the punishment of fools is their folly."},{"verse":"23","text":"The heart of the wise instructs his mouth, and adds learning to his lips."},{"verse":"24","text":"Pleasant words are a honeycomb, sweet to the soul, and health to the bones."},{"verse":"25","text":"There is a way which seems right to a man, but in the end it leads to death."},{"verse":"26","text":"The appetite of the laboring man labors for him; for his mouth urges him on."},{"verse":"27","text":"A worthless man devises mischief. His speech is like a scorching fire."},{"verse":"28","text":"A perverse man stirs up strife. A whisperer separates close friends."},{"verse":"29","text":"A man of violence entices his neighbor, and leads him in a way that is not good."},{"verse":"30","text":"One who winks his eyes to plot perversities, one who compresses his lips, is bent on evil."},{"verse":"31","text":"Gray hair is a crown of glory. It is attained by a life of righteousness."},{"verse":"32","text":"One who is slow to anger is better than the mighty; one who rules his spirit, than he who takes a city."},{"verse":"33","text":"The lot is cast into the lap, but its every decision is from Yahweh."}]},{"chapter":"17","verses":[{"verse":"1","text":"Better is a dry morsel with quietness, than a house full of feasting with strife."},{"verse":"2","text":"A servant who deals wisely will rule over a son who causes shame, and shall have a part in the inheritance among the brothers."},{"verse":"3","text":"The refining pot is for silver, and the furnace for gold, but Yahweh tests the hearts."},{"verse":"4","text":"An evildoer heeds wicked lips. A liar gives ear to a mischievous tongue."},{"verse":"5","text":"Whoever mocks the poor reproaches his Maker. He who is glad at calamity shall not be unpunished."},{"verse":"6","text":"Children’s children are the crown of old men; the glory of children are their parents."},{"verse":"7","text":"Arrogant speech isn’t fitting for a fool, much less do lying lips fit a prince."},{"verse":"8","text":"A bribe is a precious stone in the eyes of him who gives it; wherever he turns, he prospers."},{"verse":"9","text":"He who covers an offense promotes love; but he who repeats a matter separates best friends."},{"verse":"10","text":"A rebuke enters deeper into one who has understanding than a hundred lashes into a fool."},{"verse":"11","text":"An evil man seeks only rebellion; therefore a cruel messenger shall be sent against him."},{"verse":"12","text":"Let a bear robbed of her cubs meet a man, rather than a fool in his folly."},{"verse":"13","text":"Whoever rewards evil for good, evil shall not depart from his house."},{"verse":"14","text":"The beginning of strife is like breaching a dam, therefore stop contention before quarreling breaks out."},{"verse":"15","text":"He who justifies the wicked, and he who condemns the righteous, both of them alike are an abomination to Yahweh."},{"verse":"16","text":"Why is there money in the hand of a fool to buy wisdom, since he has no understanding?"},{"verse":"17","text":"A friend loves at all times; and a brother is born for adversity."},{"verse":"18","text":"A man void of understanding strikes hands, and becomes collateral in the presence of his neighbor."},{"verse":"19","text":"He who loves disobedience loves strife. One who builds a high gate seeks destruction."},{"verse":"20","text":"One who has a perverse heart doesn’t find prosperity, and one who has a deceitful tongue falls into trouble."},{"verse":"21","text":"He who becomes the father of a fool grieves. The father of a fool has no joy."},{"verse":"22","text":"A cheerful heart makes good medicine, but a crushed spirit dries up the bones."},{"verse":"23","text":"A wicked man receives a bribe in secret, to pervert the ways of justice."},{"verse":"24","text":"Wisdom is before the face of one who has understanding, but the eyes of a fool wander to the ends of the earth."},{"verse":"25","text":"A foolish son brings grief to his father, and bitterness to her who bore him."},{"verse":"26","text":"Also to punish the righteous is not good, nor to flog officials for their integrity."},{"verse":"27","text":"He who spares his words has knowledge. He who is even tempered is a man of understanding."},{"verse":"28","text":"Even a fool, when he keeps silent, is counted wise. When he shuts his lips, he is thought to be discerning."}]},{"chapter":"18","verses":[{"verse":"1","text":"A man who isolates himself pursues selfishness, and defies all sound judgment."},{"verse":"2","text":"A fool has no delight in understanding, but only in revealing his own opinion."},{"verse":"3","text":"When wickedness comes, contempt also comes, and with shame comes disgrace."},{"verse":"4","text":"The words of a man’s mouth are like deep waters. The fountain of wisdom is like a flowing brook."},{"verse":"5","text":"To be partial to the faces of the wicked is not good, nor to deprive the innocent of justice."},{"verse":"6","text":"A fool’s lips come into strife, and his mouth invites beatings."},{"verse":"7","text":"A fool’s mouth is his destruction, and his lips are a snare to his soul."},{"verse":"8","text":"The words of a gossip are like dainty morsels: they go down into a person’s innermost parts."},{"verse":"9","text":"One who is slack in his work is brother to him who is a master of destruction."},{"verse":"10","text":"Yahweh’s name is a strong tower: the righteous run to him, and are safe."},{"verse":"11","text":"The rich man’s wealth is his strong city, like an unscalable wall in his own imagination."},{"verse":"12","text":"Before destruction the heart of man is proud, but before honor is humility."},{"verse":"13","text":"He who answers before he hears, that is folly and shame to him."},{"verse":"14","text":"A man’s spirit will sustain him in sickness, but a crushed spirit, who can bear?"},{"verse":"15","text":"The heart of the discerning gets knowledge. The ear of the wise seeks knowledge."},{"verse":"16","text":"A man’s gift makes room for him, and brings him before great men."},{"verse":"17","text":"He who pleads his cause first seems right; until another comes and questions him."},{"verse":"18","text":"The lot settles disputes, and keeps strong ones apart."},{"verse":"19","text":"A brother offended is more difficult than a fortified city. Disputes are like the bars of a fortress."},{"verse":"20","text":"A man’s stomach is filled with the fruit of his mouth. With the harvest of his lips he is satisfied."},{"verse":"21","text":"Death and life are in the power of the tongue; those who love it will eat its fruit."},{"verse":"22","text":"Whoever finds a wife finds a good thing, and obtains favor of Yahweh."},{"verse":"23","text":"The poor plead for mercy, but the rich answer harshly."},{"verse":"24","text":"A man of many companions may be ruined, but there is a friend who sticks closer than a brother."}]},{"chapter":"19","verses":[{"verse":"1","text":"Better is the poor who walks in his integrity than he who is perverse in his lips and is a fool."},{"verse":"2","text":"It isn’t good to have zeal without knowledge, nor being hasty with one’s feet and missing the way."},{"verse":"3","text":"The foolishness of man subverts his way; his heart rages against Yahweh."},{"verse":"4","text":"Wealth adds many friends, but the poor is separated from his friend."},{"verse":"5","text":"A false witness shall not be unpunished. He who pours out lies shall not go free."},{"verse":"6","text":"Many will entreat the favor of a ruler, and everyone is a friend to a man who gives gifts."},{"verse":"7","text":"All the relatives of the poor shun him: how much more do his friends avoid him! He pursues them with pleas, but they are gone."},{"verse":"8","text":"He who gets wisdom loves his own soul. He who keeps understanding shall find good."},{"verse":"9","text":"A false witness shall not be unpunished. He who utters lies shall perish."},{"verse":"10","text":"Delicate living is not appropriate for a fool, much less for a servant to have rule over princes."},{"verse":"11","text":"The discretion of a man makes him slow to anger. It is his glory to overlook an offense."},{"verse":"12","text":"The king’s wrath is like the roaring of a lion, but his favor is like dew on the grass."},{"verse":"13","text":"A foolish son is the calamity of his father. A wife’s quarrels are a continual dripping."},{"verse":"14","text":"House and riches are an inheritance from fathers, but a prudent wife is from Yahweh."},{"verse":"15","text":"Slothfulness casts into a deep sleep. The idle soul shall suffer hunger."},{"verse":"16","text":"He who keeps the commandment keeps his soul, but he who is contemptuous in his ways shall die."},{"verse":"17","text":"He who has pity on the poor lends to Yahweh; he will reward him."},{"verse":"18","text":"Discipline your son, for there is hope; don’t be a willing party to his death."},{"verse":"19","text":"A hot-tempered man must pay the penalty, for if you rescue him, you must do it again."},{"verse":"20","text":"Listen to counsel and receive instruction, that you may be wise in your latter end."},{"verse":"21","text":"There are many plans in a man’s heart, but Yahweh’s counsel will prevail."},{"verse":"22","text":"That which makes a man to be desired is his kindness. A poor man is better than a liar."},{"verse":"23","text":"The fear of Yahweh leads to life, then contentment; he rests and will not be touched by trouble."},{"verse":"24","text":"The sluggard buries his hand in the dish; he will not so much as bring it to his mouth again."},{"verse":"25","text":"Flog a scoffer, and the simple will learn prudence; rebuke one who has understanding, and he will gain knowledge."},{"verse":"26","text":"He who robs his father and drives away his mother, is a son who causes shame and brings reproach."},{"verse":"27","text":"If you stop listening to instruction, my son, you will stray from the words of knowledge."},{"verse":"28","text":"A corrupt witness mocks justice, and the mouth of the wicked gulps down iniquity."},{"verse":"29","text":"Penalties are prepared for scoffers, and beatings for the backs of fools."}]},{"chapter":"20","verses":[{"verse":"1","text":"Wine is a mocker and beer is a brawler. Whoever is led astray by them is not wise."},{"verse":"2","text":"The terror of a king is like the roaring of a lion. He who provokes him to anger forfeits his own life."},{"verse":"3","text":"It is an honor for a man to keep aloof from strife, but every fool will be quarreling."},{"verse":"4","text":"The sluggard will not plow by reason of the winter; therefore he shall beg in harvest, and have nothing."},{"verse":"5","text":"Counsel in the heart of man is like deep water, but a man of understanding will draw it out."},{"verse":"6","text":"Many men claim to be men of unfailing love, but who can find a faithful man?"},{"verse":"7","text":"A righteous man walks in integrity. Blessed are his children after him."},{"verse":"8","text":"A king who sits on the throne of judgment scatters away all evil with his eyes."},{"verse":"9","text":"Who can say, “I have made my heart pure. I am clean and without sin?”"},{"verse":"10","text":"Differing weights and differing measures, both of them alike are an abomination to Yahweh."},{"verse":"11","text":"Even a child makes himself known by his doings, whether his work is pure, and whether it is right."},{"verse":"12","text":"The hearing ear, and the seeing eye, Yahweh has made even both of them."},{"verse":"13","text":"Don’t love sleep, lest you come to poverty. Open your eyes, and you shall be satisfied with bread."},{"verse":"14","text":"“It’s no good, it’s no good,” says the buyer; but when he is gone his way, then he boasts."},{"verse":"15","text":"There is gold and abundance of rubies, but the lips of knowledge are a rare jewel."},{"verse":"16","text":"Take the garment of one who puts up collateral for a stranger; and hold him in pledge for a wayward woman."},{"verse":"17","text":"Fraudulent food is sweet to a man, but afterwards his mouth is filled with gravel."},{"verse":"18","text":"Plans are established by advice; by wise guidance you wage war!"},{"verse":"19","text":"He who goes about as a tale-bearer reveals secrets; therefore don’t keep company with him who opens wide his lips."},{"verse":"20","text":"Whoever curses his father or his mother, his lamp shall be put out in blackness of darkness."},{"verse":"21","text":"An inheritance quickly gained at the beginning, won’t be blessed in the end."},{"verse":"22","text":"Don’t say, “I will pay back evil.” Wait for Yahweh, and he will save you."},{"verse":"23","text":"Yahweh detests differing weights, and dishonest scales are not pleasing."},{"verse":"24","text":"A man’s steps are from Yahweh; how then can man understand his way?"},{"verse":"25","text":"It is a snare to a man to make a rash dedication, then later to consider his vows."},{"verse":"26","text":"A wise king winnows out the wicked, and drives the threshing wheel over them."},{"verse":"27","text":"The spirit of man is Yahweh’s lamp, searching all his innermost parts."},{"verse":"28","text":"Love and faithfulness keep the king safe. His throne is sustained by love."},{"verse":"29","text":"The glory of young men is their strength. The splendor of old men is their gray hair."},{"verse":"30","text":"Wounding blows cleanse away evil, and beatings purge the innermost parts."}]},{"chapter":"21","verses":[{"verse":"1","text":"The king’s heart is in Yahweh’s hand like the watercourses. He turns it wherever he desires."},{"verse":"2","text":"Every way of a man is right in his own eyes, but Yahweh weighs the hearts."},{"verse":"3","text":"To do righteousness and justice is more acceptable to Yahweh than sacrifice."},{"verse":"4","text":"A high look and a proud heart, the lamp of the wicked, is sin."},{"verse":"5","text":"The plans of the diligent surely lead to profit; and everyone who is hasty surely rushes to poverty."},{"verse":"6","text":"Getting treasures by a lying tongue is a fleeting vapor for those who seek death."},{"verse":"7","text":"The violence of the wicked will drive them away, because they refuse to do what is right."},{"verse":"8","text":"The way of the guilty is devious, but the conduct of the innocent is upright."},{"verse":"9","text":"It is better to dwell in the corner of the housetop than to share a house with a contentious woman."},{"verse":"10","text":"The soul of the wicked desires evil; his neighbor finds no mercy in his eyes."},{"verse":"11","text":"When the mocker is punished, the simple gains wisdom. When the wise is instructed, he receives knowledge."},{"verse":"12","text":"The Righteous One considers the house of the wicked, and brings the wicked to ruin."},{"verse":"13","text":"Whoever stops his ears at the cry of the poor, he will also cry out, but shall not be heard."},{"verse":"14","text":"A gift in secret pacifies anger, and a bribe in the cloak, strong wrath."},{"verse":"15","text":"It is joy to the righteous to do justice; but it is a destruction to the workers of iniquity."},{"verse":"16","text":"The man who wanders out of the way of understanding shall rest in the assembly of the departed spirits."},{"verse":"17","text":"He who loves pleasure will be a poor man. He who loves wine and oil won’t be rich."},{"verse":"18","text":"The wicked is a ransom for the righteous, the treacherous for the upright."},{"verse":"19","text":"It is better to dwell in a desert land, than with a contentious and fretful woman."},{"verse":"20","text":"There is precious treasure and oil in the dwelling of the wise; but a foolish man swallows it up."},{"verse":"21","text":"He who follows after righteousness and kindness finds life, righteousness, and honor."},{"verse":"22","text":"A wise man scales the city of the mighty, and brings down the strength of its confidence."},{"verse":"23","text":"Whoever guards his mouth and his tongue keeps his soul from troubles."},{"verse":"24","text":"The proud and arrogant man—“Scoffer” is his name— he works in the arrogance of pride."},{"verse":"25","text":"The desire of the sluggard kills him, for his hands refuse to labor."},{"verse":"26","text":"There are those who covet greedily all day long; but the righteous give and don’t withhold."},{"verse":"27","text":"The sacrifice of the wicked is an abomination— how much more, when he brings it with a wicked mind!"},{"verse":"28","text":"A false witness will perish. A man who listens speaks to eternity."},{"verse":"29","text":"A wicked man hardens his face; but as for the upright, he establishes his ways."},{"verse":"30","text":"There is no wisdom nor understanding nor counsel against Yahweh."},{"verse":"31","text":"The horse is prepared for the day of battle; but victory is with Yahweh."}]},{"chapter":"22","verses":[{"verse":"1","text":"A good name is more desirable than great riches, and loving favor is better than silver and gold."},{"verse":"2","text":"The rich and the poor have this in common: Yahweh is the maker of them all."},{"verse":"3","text":"A prudent man sees danger and hides himself; but the simple pass on, and suffer for it."},{"verse":"4","text":"The result of humility and the fear of Yahweh is wealth, honor, and life."},{"verse":"5","text":"Thorns and snares are in the path of the wicked: whoever guards his soul stays from them."},{"verse":"6","text":"Train up a child in the way he should go, and when he is old he will not depart from it."},{"verse":"7","text":"The rich rule over the poor. The borrower is servant to the lender."},{"verse":"8","text":"He who sows wickedness reaps trouble, and the rod of his fury will be destroyed."},{"verse":"9","text":"He who has a generous eye will be blessed; for he shares his food with the poor."},{"verse":"10","text":"Drive out the mocker, and strife will go out; yes, quarrels and insults will stop."},{"verse":"11","text":"He who loves purity of heart and speaks gracefully is the king’s friend."},{"verse":"12","text":"Yahweh’s eyes watch over knowledge; but he frustrates the words of the unfaithful."},{"verse":"13","text":"The sluggard says, “There is a lion outside! I will be killed in the streets!”"},{"verse":"14","text":"The mouth of an adulteress is a deep pit. He who is under Yahweh’s wrath will fall into it."},{"verse":"15","text":"Folly is bound up in the heart of a child: the rod of discipline drives it far from him."},{"verse":"16","text":"Whoever oppresses the poor for his own increase and whoever gives to the rich, both come to poverty."},{"verse":"17","text":"Turn your ear, and listen to the words of the wise. Apply your heart to my teaching."},{"verse":"18","text":"For it is a pleasant thing if you keep them within you, if all of them are ready on your lips."},{"verse":"19","text":"I teach you today, even you, So that your trust may be in Yahweh."},{"verse":"20","text":"Haven’t I written to you thirty excellent things of counsel and knowledge,"},{"verse":"21","text":"To teach you truth, reliable words, to give sound answers to the ones who sent you?"},{"verse":"22","text":"Don’t exploit the poor, because he is poor; and don’t crush the needy in court;"},{"verse":"23","text":"for Yahweh will plead their case, and plunder the life of those who plunder them."},{"verse":"24","text":"Don’t befriend a hot-tempered man, and don’t associate with one who harbors anger:"},{"verse":"25","text":"lest you learn his ways, and ensnare your soul."},{"verse":"26","text":"Don’t you be one of those who strike hands, of those who are collateral for debts."},{"verse":"27","text":"If you don’t have means to pay, why should he take away your bed from under you?"},{"verse":"28","text":"Don’t move the ancient boundary stone which your fathers have set up."},{"verse":"29","text":"Do you see a man skilled in his work? He will serve kings. He won’t serve obscure men."}]},{"chapter":"23","verses":[{"verse":"1","text":"When you sit to eat with a ruler, consider diligently what is before you;"},{"verse":"2","text":"put a knife to your throat, if you are a man given to appetite."},{"verse":"3","text":"Don’t be desirous of his dainties, since they are deceitful food."},{"verse":"4","text":"Don’t weary yourself to be rich. In your wisdom, show restraint."},{"verse":"5","text":"Why do you set your eyes on that which is not? For it certainly sprouts wings like an eagle and flies in the sky."},{"verse":"6","text":"Don’t eat the food of him who has a stingy eye, and don’t crave his delicacies:"},{"verse":"7","text":"for as he thinks about the cost, so he is. “Eat and drink!” he says to you, but his heart is not with you."},{"verse":"8","text":"The morsel which you have eaten you shall vomit up, and lose your good words."},{"verse":"9","text":"Don’t speak in the ears of a fool, for he will despise the wisdom of your words."},{"verse":"10","text":"Don’t move the ancient boundary stone. Don’t encroach on the fields of the fatherless,"},{"verse":"11","text":"for their Defender is strong. He will plead their case against you."},{"verse":"12","text":"Apply your heart to instruction, and your ears to the words of knowledge."},{"verse":"13","text":"Don’t withhold correction from a child. If you punish him with the rod, he will not die."},{"verse":"14","text":"Punish him with the rod, and save his soul from Sheol."},{"verse":"15","text":"My son, if your heart is wise, then my heart will be glad, even mine."},{"verse":"16","text":"Yes, my heart will rejoice when your lips speak what is right."},{"verse":"17","text":"Don’t let your heart envy sinners, but rather fear Yahweh all day long."},{"verse":"18","text":"Indeed surely there is a future hope, and your hope will not be cut off."},{"verse":"19","text":"Listen, my son, and be wise, and keep your heart on the right path!"},{"verse":"20","text":"Don’t be among ones drinking too much wine, or those who gorge themselves on meat:"},{"verse":"21","text":"for the drunkard and the glutton shall become poor; and drowsiness clothes them in rags."},{"verse":"22","text":"Listen to your father who gave you life, and don’t despise your mother when she is old."},{"verse":"23","text":"Buy the truth, and don’t sell it. Get wisdom, discipline, and understanding."},{"verse":"24","text":"The father of the righteous has great joy. Whoever fathers a wise child delights in him."},{"verse":"25","text":"Let your father and your mother be glad! Let her who bore you rejoice!"},{"verse":"26","text":"My son, give me your heart; and let your eyes keep in my ways."},{"verse":"27","text":"For a prostitute is a deep pit; and a wayward wife is a narrow well."},{"verse":"28","text":"Yes, she lies in wait like a robber, and increases the unfaithful among men."},{"verse":"29","text":"Who has woe? Who has sorrow? Who has strife? Who has complaints? Who has needless bruises? Who has bloodshot eyes?"},{"verse":"30","text":"Those who stay long at the wine; those who go to seek out mixed wine."},{"verse":"31","text":"Don’t look at the wine when it is red, when it sparkles in the cup, when it goes down smoothly."},{"verse":"32","text":"In the end, it bites like a snake, and poisons like a viper."},{"verse":"33","text":"Your eyes will see strange things, and your mind will imagine confusing things."},{"verse":"34","text":"Yes, you will be as he who lies down in the middle of the sea, or as he who lies on top of the rigging:"},{"verse":"35","text":"“They hit me, and I was not hurt! They beat me, and I don’t feel it! When will I wake up? I can do it again. I can find another.”"}]},{"chapter":"24","verses":[{"verse":"1","text":"Don’t be envious of evil men, neither desire to be with them;"},{"verse":"2","text":"for their hearts plot violence and their lips talk about mischief."},{"verse":"3","text":"Through wisdom a house is built; by understanding it is established;"},{"verse":"4","text":"by knowledge the rooms are filled with all rare and beautiful treasure."},{"verse":"5","text":"A wise man has great power; and a knowledgeable man increases strength;"},{"verse":"6","text":"for by wise guidance you wage your war; and victory is in many advisors."},{"verse":"7","text":"Wisdom is too high for a fool. He doesn’t open his mouth in the gate."},{"verse":"8","text":"One who plots to do evil will be called a schemer."},{"verse":"9","text":"The schemes of folly are sin. The mocker is detested by men."},{"verse":"10","text":"If you falter in the time of trouble, your strength is small."},{"verse":"11","text":"Rescue those who are being led away to death! Indeed, hold back those who are staggering to the slaughter!"},{"verse":"12","text":"If you say, “Behold, we didn’t know this,” doesn’t he who weighs the hearts consider it? He who keeps your soul, doesn’t he know it? Shall he not render to every man according to his work?"},{"verse":"13","text":"My son, eat honey, for it is good, the droppings of the honeycomb, which are sweet to your taste;"},{"verse":"14","text":"so you shall know wisdom to be to your soul. If you have found it, then there will be a reward: Your hope will not be cut off."},{"verse":"15","text":"Don’t lay in wait, wicked man, against the habitation of the righteous. Don’t destroy his resting place;"},{"verse":"16","text":"for a righteous man falls seven times and rises up again; but the wicked are overthrown by calamity."},{"verse":"17","text":"Don’t rejoice when your enemy falls. Don’t let your heart be glad when he is overthrown,"},{"verse":"18","text":"lest Yahweh see it, and it displease him, and he turn away his wrath from him."},{"verse":"19","text":"Don’t fret yourself because of evildoers, neither be envious of the wicked;"},{"verse":"20","text":"for there will be no reward to the evil man. The lamp of the wicked will be snuffed out."},{"verse":"21","text":"My son, fear Yahweh and the king. Don’t join those who are rebellious;"},{"verse":"22","text":"for their calamity will rise suddenly. Who knows what destruction may come from them both?"},{"verse":"23","text":"These also are sayings of the wise. To show partiality in judgment is not good."},{"verse":"24","text":"He who says to the wicked, “You are righteous,” peoples will curse him, and nations will abhor him—"},{"verse":"25","text":"but it will go well with those who convict the guilty, and a rich blessing will come on them."},{"verse":"26","text":"An honest answer is like a kiss on the lips."},{"verse":"27","text":"Prepare your work outside, and get your fields ready. Afterwards, build your house."},{"verse":"28","text":"Don’t be a witness against your neighbor without cause. Don’t deceive with your lips."},{"verse":"29","text":"Don’t say, “I will do to him as he has done to me; I will repay the man according to his work.”"},{"verse":"30","text":"I went by the field of the sluggard, by the vineyard of the man void of understanding:"},{"verse":"31","text":"Behold, it was all grown over with thorns. Its surface was covered with nettles, and its stone wall was broken down."},{"verse":"32","text":"Then I saw, and considered well. I saw, and received instruction:"},{"verse":"33","text":"a little sleep, a little slumber, a little folding of the hands to sleep,"},{"verse":"34","text":"so your poverty will come as a robber and your want as an armed man."}]},{"chapter":"25","verses":[{"verse":"1","text":"These also are proverbs of Solomon, which the men of Hezekiah king of Judah copied out."},{"verse":"2","text":"It is the glory of God to conceal a thing, but the glory of kings is to search out a matter."},{"verse":"3","text":"As the heavens for height, and the earth for depth, so the hearts of kings are unsearchable."},{"verse":"4","text":"Take away the dross from the silver, and material comes out for the refiner;"},{"verse":"5","text":"Take away the wicked from the king’s presence, and his throne will be established in righteousness."},{"verse":"6","text":"Don’t exalt yourself in the presence of the king, or claim a place among great men;"},{"verse":"7","text":"for it is better that it be said to you, “Come up here,” than that you should be put lower in the presence of the prince, whom your eyes have seen."},{"verse":"8","text":"Don’t be hasty in bringing charges to court. What will you do in the end when your neighbor shames you?"},{"verse":"9","text":"Debate your case with your neighbor, and don’t betray the confidence of another,"},{"verse":"10","text":"lest one who hears it put you to shame, and your bad reputation never depart."},{"verse":"11","text":"A word fitly spoken is like apples of gold in settings of silver."},{"verse":"12","text":"As an earring of gold, and an ornament of fine gold, so is a wise reprover to an obedient ear."},{"verse":"13","text":"As the cold of snow in the time of harvest, so is a faithful messenger to those who send him; for he refreshes the soul of his masters."},{"verse":"14","text":"As clouds and wind without rain, so is he who boasts of gifts deceptively."},{"verse":"15","text":"By patience a ruler is persuaded. A soft tongue breaks the bone."},{"verse":"16","text":"Have you found honey? Eat as much as is sufficient for you, lest you eat too much, and vomit it."},{"verse":"17","text":"Let your foot be seldom in your neighbor’s house, lest he be weary of you, and hate you."},{"verse":"18","text":"A man who gives false testimony against his neighbor is like a club, a sword, or a sharp arrow."},{"verse":"19","text":"Confidence in someone unfaithful in time of trouble is like a bad tooth or a lame foot."},{"verse":"20","text":"As one who takes away a garment in cold weather, or vinegar on soda, so is one who sings songs to a heavy heart."},{"verse":"21","text":"If your enemy is hungry, give him food to eat. If he is thirsty, give him water to drink;"},{"verse":"22","text":"for you will heap coals of fire on his head, and Yahweh will reward you."},{"verse":"23","text":"The north wind produces rain; so a backbiting tongue brings an angry face."},{"verse":"24","text":"It is better to dwell in the corner of the housetop than to share a house with a contentious woman."},{"verse":"25","text":"Like cold water to a thirsty soul, so is good news from a far country."},{"verse":"26","text":"Like a muddied spring and a polluted well, so is a righteous man who gives way before the wicked."},{"verse":"27","text":"It is not good to eat much honey, nor is it honorable to seek one’s own honor."},{"verse":"28","text":"Like a city that is broken down and without walls is a man whose spirit is without restraint."}]},{"chapter":"26","verses":[{"verse":"1","text":"Like snow in summer, and as rain in harvest, so honor is not fitting for a fool."},{"verse":"2","text":"Like a fluttering sparrow, like a darting swallow, so the undeserved curse doesn’t come to rest."},{"verse":"3","text":"A whip is for the horse, a bridle for the donkey, and a rod for the back of fools!"},{"verse":"4","text":"Don’t answer a fool according to his folly, lest you also be like him."},{"verse":"5","text":"Answer a fool according to his folly, lest he be wise in his own eyes."},{"verse":"6","text":"One who sends a message by the hand of a fool is cutting off feet and drinking violence."},{"verse":"7","text":"Like the legs of the lame that hang loose, so is a parable in the mouth of fools."},{"verse":"8","text":"As one who binds a stone in a sling, so is he who gives honor to a fool."},{"verse":"9","text":"Like a thorn bush that goes into the hand of a drunkard, so is a parable in the mouth of fools."},{"verse":"10","text":"As an archer who wounds all, so is he who hires a fool or he who hires those who pass by."},{"verse":"11","text":"As a dog that returns to his vomit, so is a fool who repeats his folly."},{"verse":"12","text":"Do you see a man wise in his own eyes? There is more hope for a fool than for him."},{"verse":"13","text":"The sluggard says, “There is a lion in the road! A fierce lion roams the streets!”"},{"verse":"14","text":"As the door turns on its hinges, so does the sluggard on his bed."},{"verse":"15","text":"The sluggard buries his hand in the dish. He is too lazy to bring it back to his mouth."},{"verse":"16","text":"The sluggard is wiser in his own eyes than seven men who answer with discretion."},{"verse":"17","text":"Like one who grabs a dog’s ears is one who passes by and meddles in a quarrel not his own."},{"verse":"18","text":"Like a madman who shoots torches, arrows, and death,"},{"verse":"19","text":"is the man who deceives his neighbor and says, “Am I not joking?”"},{"verse":"20","text":"For lack of wood a fire goes out. Without gossip, a quarrel dies down."},{"verse":"21","text":"As coals are to hot embers, and wood to fire, so is a contentious man to kindling strife."},{"verse":"22","text":"The words of a whisperer are as dainty morsels, they go down into the innermost parts."},{"verse":"23","text":"Like silver dross on an earthen vessel are the lips of a fervent one with an evil heart."},{"verse":"24","text":"A malicious man disguises himself with his lips, but he harbors evil in his heart."},{"verse":"25","text":"When his speech is charming, don’t believe him, for there are seven abominations in his heart."},{"verse":"26","text":"His malice may be concealed by deception, but his wickedness will be exposed in the assembly."},{"verse":"27","text":"Whoever digs a pit shall fall into it. Whoever rolls a stone, it will come back on him."},{"verse":"28","text":"A lying tongue hates those it hurts; and a flattering mouth works ruin."}]},{"chapter":"27","verses":[{"verse":"1","text":"Don’t boast about tomorrow; for you don’t know what a day may bring."},{"verse":"2","text":"Let another man praise you, and not your own mouth; a stranger, and not your own lips."},{"verse":"3","text":"A stone is heavy, and sand is a burden; but a fool’s provocation is heavier than both."},{"verse":"4","text":"Wrath is cruel, and anger is overwhelming; but who is able to stand before jealousy?"},{"verse":"5","text":"Better is open rebuke than hidden love."},{"verse":"6","text":"The wounds of a friend are faithful, although the kisses of an enemy are profuse."},{"verse":"7","text":"A full soul loathes a honeycomb; but to a hungry soul, every bitter thing is sweet."},{"verse":"8","text":"As a bird that wanders from her nest, so is a man who wanders from his home."},{"verse":"9","text":"Perfume and incense bring joy to the heart; so does earnest counsel from a man’s friend."},{"verse":"10","text":"Don’t forsake your friend and your father’s friend. Don’t go to your brother’s house in the day of your disaster. A neighbor who is near is better than a distant brother."},{"verse":"11","text":"Be wise, my son, and bring joy to my heart, then I can answer my tormentor."},{"verse":"12","text":"A prudent man sees danger and takes refuge; but the simple pass on, and suffer for it."},{"verse":"13","text":"Take his garment when he puts up collateral for a stranger. Hold it for a wayward woman!"},{"verse":"14","text":"He who blesses his neighbor with a loud voice early in the morning, it will be taken as a curse by him."},{"verse":"15","text":"A continual dropping on a rainy day and a contentious wife are alike:"},{"verse":"16","text":"restraining her is like restraining the wind, or like grasping oil in his right hand."},{"verse":"17","text":"Iron sharpens iron; so a man sharpens his friend’s countenance."},{"verse":"18","text":"Whoever tends the fig tree shall eat its fruit. He who looks after his master shall be honored."},{"verse":"19","text":"Like water reflects a face, so a man’s heart reflects the man."},{"verse":"20","text":"Sheol and Abaddon are never satisfied; and a man’s eyes are never satisfied."},{"verse":"21","text":"The crucible is for silver, and the furnace for gold; but man is refined by his praise."},{"verse":"22","text":"Though you grind a fool in a mortar with a pestle along with grain, yet his foolishness will not be removed from him."},{"verse":"23","text":"Know well the state of your flocks, and pay attention to your herds:"},{"verse":"24","text":"for riches are not forever, nor does the crown endure to all generations."},{"verse":"25","text":"The hay is removed, and the new growth appears, the grasses of the hills are gathered in."},{"verse":"26","text":"The lambs are for your clothing, and the goats are the price of a field."},{"verse":"27","text":"There will be plenty of goats’ milk for your food, for your family’s food, and for the nourishment of your servant girls."}]},{"chapter":"28","verses":[{"verse":"1","text":"The wicked flee when no one pursues; but the righteous are as bold as a lion."},{"verse":"2","text":"In rebellion, a land has many rulers, but order is maintained by a man of understanding and knowledge."},{"verse":"3","text":"A needy man who oppresses the poor is like a driving rain which leaves no crops."},{"verse":"4","text":"Those who forsake the law praise the wicked; but those who keep the law contend with them."},{"verse":"5","text":"Evil men don’t understand justice; but those who seek Yahweh understand it fully."},{"verse":"6","text":"Better is the poor who walks in his integrity, than he who is perverse in his ways, and he is rich."},{"verse":"7","text":"Whoever keeps the law is a wise son; but he who is a companion of gluttons shames his father."},{"verse":"8","text":"He who increases his wealth by excessive interest gathers it for one who has pity on the poor."},{"verse":"9","text":"He who turns away his ear from hearing the law, even his prayer is an abomination."},{"verse":"10","text":"Whoever causes the upright to go astray in an evil way, he will fall into his own trap; but the blameless will inherit good."},{"verse":"11","text":"The rich man is wise in his own eyes; but the poor who has understanding sees through him."},{"verse":"12","text":"When the righteous triumph, there is great glory; but when the wicked rise, men hide themselves."},{"verse":"13","text":"He who conceals his sins doesn’t prosper, but whoever confesses and renounces them finds mercy."},{"verse":"14","text":"Blessed is the man who always fears; but one who hardens his heart falls into trouble."},{"verse":"15","text":"As a roaring lion or a charging bear, so is a wicked ruler over helpless people."},{"verse":"16","text":"A tyrannical ruler lacks judgment. One who hates ill-gotten gain will have long days."},{"verse":"17","text":"A man who is tormented by life blood will be a fugitive until death; no one will support him."},{"verse":"18","text":"Whoever walks blamelessly is kept safe; but one with perverse ways will fall suddenly."},{"verse":"19","text":"One who works his land will have an abundance of food; but one who chases fantasies will have his fill of poverty."},{"verse":"20","text":"A faithful man is rich with blessings; but one who is eager to be rich will not go unpunished."},{"verse":"21","text":"To show partiality is not good; yet a man will do wrong for a piece of bread."},{"verse":"22","text":"A stingy man hurries after riches, and doesn’t know that poverty waits for him."},{"verse":"23","text":"One who rebukes a man will afterward find more favor than one who flatters with the tongue."},{"verse":"24","text":"Whoever robs his father or his mother and says, “It’s not wrong,” is a partner with a destroyer."},{"verse":"25","text":"One who is greedy stirs up strife; but one who trusts in Yahweh will prosper."},{"verse":"26","text":"One who trusts in himself is a fool; but one who walks in wisdom is kept safe."},{"verse":"27","text":"One who gives to the poor has no lack; but one who closes his eyes will have many curses."},{"verse":"28","text":"When the wicked rise, men hide themselves; but when they perish, the righteous thrive."}]},{"chapter":"29","verses":[{"verse":"1","text":"He who is often rebuked and stiffens his neck will be destroyed suddenly, with no remedy."},{"verse":"2","text":"When the righteous thrive, the people rejoice; but when the wicked rule, the people groan."},{"verse":"3","text":"Whoever loves wisdom brings joy to his father; but a companion of prostitutes squanders his wealth."},{"verse":"4","text":"The king by justice makes the land stable, but he who takes bribes tears it down."},{"verse":"5","text":"A man who flatters his neighbor spreads a net for his feet."},{"verse":"6","text":"An evil man is snared by his sin, but the righteous can sing and be glad."},{"verse":"7","text":"The righteous care about justice for the poor. The wicked aren’t concerned about knowledge."},{"verse":"8","text":"Mockers stir up a city, but wise men turn away anger."},{"verse":"9","text":"If a wise man goes to court with a foolish man, the fool rages or scoffs, and there is no peace."},{"verse":"10","text":"The bloodthirsty hate a man of integrity; and they seek the life of the upright."},{"verse":"11","text":"A fool vents all of his anger, but a wise man brings himself under control."},{"verse":"12","text":"If a ruler listens to lies, all of his officials are wicked."},{"verse":"13","text":"The poor man and the oppressor have this in common: Yahweh gives sight to the eyes of both."},{"verse":"14","text":"The king who fairly judges the poor, his throne shall be established forever."},{"verse":"15","text":"The rod of correction gives wisdom, but a child left to himself causes shame to his mother."},{"verse":"16","text":"When the wicked increase, sin increases; but the righteous will see their downfall."},{"verse":"17","text":"Correct your son, and he will give you peace; yes, he will bring delight to your soul."},{"verse":"18","text":"Where there is no revelation, the people cast off restraint; but one who keeps the law is blessed."},{"verse":"19","text":"A servant can’t be corrected by words. Though he understands, yet he will not respond."},{"verse":"20","text":"Do you see a man who is hasty in his words? There is more hope for a fool than for him."},{"verse":"21","text":"He who pampers his servant from youth will have him become a son in the end."},{"verse":"22","text":"An angry man stirs up strife, and a wrathful man abounds in sin."},{"verse":"23","text":"A man’s pride brings him low, but one of lowly spirit gains honor."},{"verse":"24","text":"Whoever is an accomplice of a thief is an enemy of his own soul. He takes an oath, but dares not testify."},{"verse":"25","text":"The fear of man proves to be a snare, but whoever puts his trust in Yahweh is kept safe."},{"verse":"26","text":"Many seek the ruler’s favor, but a man’s justice comes from Yahweh."},{"verse":"27","text":"A dishonest man detests the righteous, and the upright in their ways detest the wicked."}]},{"chapter":"30","verses":[{"verse":"1","text":"The words of Agur the son of Jakeh; the revelation: the man says to Ithiel, to Ithiel and Ucal:"},{"verse":"2","text":"“Surely I am the most ignorant man, and don’t have a man’s understanding."},{"verse":"3","text":"I have not learned wisdom, neither do I have the knowledge of the Holy One."},{"verse":"4","text":"Who has ascended up into heaven, and descended? Who has gathered the wind in his fists? Who has bound the waters in his garment? Who has established all the ends of the earth? What is his name, and what is his son’s name, if you know?"},{"verse":"5","text":"“Every word of God is flawless. He is a shield to those who take refuge in him."},{"verse":"6","text":"Don’t you add to his words, lest he reprove you, and you be found a liar."},{"verse":"7","text":"“Two things I have asked of you. Don’t deny me before I die."},{"verse":"8","text":"Remove far from me falsehood and lies. Give me neither poverty nor riches. Feed me with the food that is needful for me,"},{"verse":"9","text":"lest I be full, deny you, and say, ‘Who is Yahweh?’ or lest I be poor, and steal, and so dishonor the name of my God."},{"verse":"10","text":"“Don’t slander a servant to his master, lest he curse you, and you be held guilty."},{"verse":"11","text":"There is a generation that curses their father, and doesn’t bless their mother."},{"verse":"12","text":"There is a generation that is pure in their own eyes, yet are not washed from their filthiness."},{"verse":"13","text":"There is a generation, oh how lofty are their eyes! Their eyelids are lifted up."},{"verse":"14","text":"There is a generation whose teeth are like swords, and their jaws like knives, to devour the poor from the earth, and the needy from among men."},{"verse":"15","text":"“The leech has two daughters: ‘Give, give.’ “There are three things that are never satisfied; four that don’t say, ‘Enough:’"},{"verse":"16","text":"Sheol, the barren womb; the earth that is not satisfied with water; and the fire that doesn’t say, ‘Enough.’"},{"verse":"17","text":"“The eye that mocks at his father, and scorns obedience to his mother: the ravens of the valley shall pick it out, the young eagles shall eat it."},{"verse":"18","text":"“There are three things which are too amazing for me, four which I don’t understand:"},{"verse":"19","text":"The way of an eagle in the air, the way of a serpent on a rock, the way of a ship in the middle of the sea, and the way of a man with a maiden."},{"verse":"20","text":"“So is the way of an adulterous woman: She eats and wipes her mouth, and says, ‘I have done nothing wrong.’"},{"verse":"21","text":"“For three things the earth trembles, and under four, it can’t bear up:"},{"verse":"22","text":"For a servant when he is king, a fool when he is filled with food,"},{"verse":"23","text":"for an unloved woman when she is married, and a servant who is heir to her mistress."},{"verse":"24","text":"“There are four things which are little on the earth, but they are exceedingly wise:"},{"verse":"25","text":"The ants are not a strong people, yet they provide their food in the summer."},{"verse":"26","text":"The hyraxes are but a feeble folk, yet make they their houses in the rocks."},{"verse":"27","text":"The locusts have no king, yet they advance in ranks."},{"verse":"28","text":"You can catch a lizard with your hands, yet it is in kings’ palaces."},{"verse":"29","text":"“There are three things which are stately in their march, four which are stately in going:"},{"verse":"30","text":"The lion, which is mightiest among animals, and doesn’t turn away for any;"},{"verse":"31","text":"the greyhound; the male goat; and the king against whom there is no rising up."},{"verse":"32","text":"“If you have done foolishly in lifting up yourself, or if you have thought evil, put your hand over your mouth."},{"verse":"33","text":"For as the churning of milk produces butter, and the wringing of the nose produces blood; so the forcing of wrath produces strife.”"}]},{"chapter":"31","verses":[{"verse":"1","text":"The words of king Lemuel; the revelation which his mother taught him."},{"verse":"2","text":"“Oh, my son! Oh, son of my womb! Oh, son of my vows!"},{"verse":"3","text":"Don’t give your strength to women, nor your ways to that which destroys kings."},{"verse":"4","text":"It is not for kings, Lemuel, it is not for kings to drink wine, nor for princes to say, ‘Where is strong drink?’"},{"verse":"5","text":"lest they drink, and forget the law, and pervert the justice due to anyone who is afflicted."},{"verse":"6","text":"Give strong drink to him who is ready to perish, and wine to the bitter in soul."},{"verse":"7","text":"Let him drink, and forget his poverty, and remember his misery no more."},{"verse":"8","text":"Open your mouth for the mute, in the cause of all who are left desolate."},{"verse":"9","text":"Open your mouth, judge righteously, and serve justice to the poor and needy.”"},{"verse":"10","text":"Who can find a worthy woman? For her price is far above rubies."},{"verse":"11","text":"The heart of her husband trusts in her. He shall have no lack of gain."},{"verse":"12","text":"She does him good, and not harm, all the days of her life."},{"verse":"13","text":"She seeks wool and flax, and works eagerly with her hands."},{"verse":"14","text":"She is like the merchant ships. She brings her bread from afar."},{"verse":"15","text":"She rises also while it is yet night, gives food to her household, and portions for her servant girls."},{"verse":"16","text":"She considers a field, and buys it. With the fruit of her hands, she plants a vineyard."},{"verse":"17","text":"She arms her waist with strength, and makes her arms strong."},{"verse":"18","text":"She perceives that her merchandise is profitable. Her lamp doesn’t go out by night."},{"verse":"19","text":"She lays her hands to the distaff, and her hands hold the spindle."},{"verse":"20","text":"She opens her arms to the poor; yes, she extends her hands to the needy."},{"verse":"21","text":"She is not afraid of the snow for her household; for all her household are clothed with scarlet."},{"verse":"22","text":"She makes for herself carpets of tapestry. Her clothing is fine linen and purple."},{"verse":"23","text":"Her husband is respected in the gates, when he sits among the elders of the land."},{"verse":"24","text":"She makes linen garments and sells them, and delivers sashes to the merchant."},{"verse":"25","text":"Strength and dignity are her clothing. She laughs at the time to come."},{"verse":"26","text":"She opens her mouth with wisdom. Kind instruction is on her tongue."},{"verse":"27","text":"She looks well to the ways of her household, and doesn’t eat the bread of idleness."},{"verse":"28","text":"Her children rise up and call her blessed. Her husband also praises her:"},{"verse":"29","text":"“Many women do noble things, but you excel them all.”"},{"verse":"30","text":"Charm is deceitful, and beauty is vain; but a woman who fears Yahweh, she shall be praised."},{"verse":"31","text":"Give her of the fruit of her hands! Let her works praise her in the gates!"}]}],"book":"Proverbs"}